# безперервний лог калібрування, старт 2026-08-22T18:47:04
# agro soil calibration bench
# sensors: v12a=GPIO2 v12b=GPIO3 v20a=GPIO4 v20b=GPIO5
# oversample=32 period_ms=1000
elapsed_s,water_ml,event,v12a_raw,v12a_mv,v12b_raw,v12b_mv,v20a_raw,v20a_mv,v20b_raw,v20b_mv,air_t,air_h
1393.2,0.0,,1683,1431,182,147,854,728,117,94,,
1394.2,0.0,,1702,1435,194,158,850,726,108,85,,
1395.2,0.0,,1692,1438,189,153,848,723,111,88,,
1396.2,0.0,,1693,1437,192,156,845,721,105,84,,
1397.2,0.0,,1692,1435,200,160,843,718,102,81,,
1398.2,0.0,,1702,1440,196,158,842,718,101,81,,
1399.2,0.0,,1693,1445,200,161,841,717,102,82,,
1400.2,0.0,,1698,1440,201,162,839,716,105,85,,
1401.2,0.0,,1697,1439,193,155,840,717,108,87,,
1402.2,0.0,,1691,1435,181,144,840,717,109,89,,
1403.2,0.0,,1698,1440,187,150,843,719,115,93,,
1404.2,0.0,,1695,1442,185,148,843,719,120,97,,
1405.2,0.0,,1693,1441,179,143,846,721,127,104,,
1406.2,0.0,,1698,1438,176,141,848,723,129,106,,
1407.2,0.0,,1695,1442,177,142,848,723,137,111,,
1408.2,0.0,,1696,1440,165,133,851,726,145,119,,
1409.2,0.0,,1696,1439,175,139,852,727,149,121,,
1410.2,0.0,,1696,1443,174,138,855,729,147,119,,
1411.2,0.0,,1698,1439,173,139,856,730,137,110,,
1412.2,0.0,,1705,1439,172,138,858,731,138,111,,
1413.2,0.0,,1701,1442,172,138,857,730,133,107,,
1414.2,0.0,,1699,1437,179,143,855,729,128,102,,
1415.2,0.0,,1705,1443,180,146,855,729,122,98,,
1416.2,0.0,,1700,1443,186,150,851,725,115,92,,
1417.2,0.0,,1699,1440,195,158,848,723,110,87,,
1418.2,0.0,,1695,1443,191,155,846,721,106,85,,
1419.2,0.0,,1698,1441,200,161,841,718,102,81,,
1420.2,0.0,,1701,1438,195,156,838,715,102,82,,
1421.2,0.0,,1700,1440,200,161,837,714,102,82,,
1422.2,0.0,,1703,1444,203,163,837,714,103,83,,
1423.2,0.0,,1704,1442,191,152,838,715,103,84,,
1424.2,0.0,,1697,1444,190,153,838,715,106,86,,
1425.2,0.0,,1701,1445,186,149,840,717,112,91,,
1426.2,0.0,,1695,1436,185,148,839,717,105,85,,
1427.2,0.0,,1702,1439,186,150,842,719,118,95,,
1428.2,0.0,,1699,1445,175,140,844,720,121,98,,
1429.2,0.0,,1700,1442,176,140,845,720,125,102,,
1430.2,0.0,,1701,1445,175,140,846,722,130,105,,
1431.2,0.0,,1701,1446,169,136,849,723,127,102,,
1432.2,0.0,,1698,1444,180,144,849,724,135,110,,
1433.2,0.0,,1700,1443,173,138,851,725,136,110,,
1434.2,0.0,,1687,1445,178,143,851,725,135,109,,
1435.2,0.0,,1702,1444,179,143,853,727,134,108,,
1436.2,0.0,,1704,1447,175,141,853,727,134,108,,
1437.2,0.0,,1719,1445,183,147,853,727,133,107,,
1438.2,0.0,,1696,1443,181,146,853,727,125,100,,
1439.2,0.0,,1704,1448,178,143,851,726,125,100,,
1440.2,0.0,,1699,1447,185,149,850,725,122,98,,
1441.2,0.0,,1700,1448,181,147,849,724,118,95,,
1442.2,0.0,,1708,1447,188,153,848,723,117,94,,
1443.2,0.0,,1703,1436,185,150,845,720,113,90,,
1444.2,0.0,,1695,1445,192,155,843,719,111,88,,
1445.2,0.0,,1704,1446,194,156,842,718,109,86,,
1446.2,0.0,,1705,1446,189,152,840,717,108,86,,
1447.2,0.0,,1704,1446,191,154,839,716,107,85,,
1448.2,0.0,,1703,1448,197,158,839,715,106,84,,
1449.2,0.0,,1705,1449,191,154,837,714,106,85,,
1450.2,0.0,,1705,1444,193,154,837,714,104,84,,
1451.2,0.0,,1704,1448,190,153,836,713,102,82,,
1452.2,0.0,,1703,1446,184,147,836,713,106,85,,
1453.2,0.0,,1700,1447,189,151,836,713,107,86,,
1454.2,0.0,,1705,1448,185,149,836,714,107,87,,
1455.2,0.0,,1712,1445,180,143,836,713,106,86,,
1456.2,0.0,,1706,1446,186,149,837,714,106,86,,
1457.2,0.0,,1706,1446,186,149,837,714,117,95,,
1458.2,0.0,,1708,1451,181,144,837,714,120,98,,
1459.2,0.0,,1703,1446,176,141,838,715,124,101,,
1460.2,0.0,,1703,1448,170,135,840,717,129,105,,
1461.2,0.0,,1710,1446,169,135,841,717,127,103,,
1462.2,0.0,,1706,1448,170,135,842,719,136,111,,
1463.2,0.0,,1706,1450,174,139,844,720,138,113,,
1464.2,0.0,,1709,1445,173,138,845,720,138,112,,
1465.2,0.0,,1704,1455,166,133,846,721,141,115,,
1466.2,0.0,,1701,1454,165,133,847,722,135,110,,
1467.2,0.0,,1712,1451,171,137,848,723,143,116,,
1468.2,0.0,,1709,1445,171,136,849,724,142,116,,
1469.2,0.0,,1707,1449,172,138,850,724,143,115,,
1470.2,0.0,,1706,1446,173,139,850,725,142,115,,
1471.2,0.0,,1708,1448,163,131,850,724,135,108,,
1472.2,0.0,,1715,1454,168,134,852,726,138,110,,
1473.2,0.0,,1706,1445,169,135,852,726,135,109,,
1474.2,0.0,,1708,1446,181,146,852,726,135,108,,
1475.2,0.0,,1709,1452,180,145,850,725,131,105,,
1476.2,0.0,,1706,1450,182,148,850,724,123,98,,
1477.2,0.0,,1710,1456,177,144,849,724,122,97,,
1478.2,0.0,,1709,1448,185,150,848,723,116,92,,
1479.2,0.0,,1706,1451,185,150,846,721,114,92,,
1480.2,0.0,,1710,1448,185,150,843,718,110,87,,
1481.2,0.0,,1716,1450,193,156,841,717,109,87,,
1482.2,0.0,,1707,1449,192,154,840,716,105,83,,
1483.2,0.0,,1701,1452,192,155,838,715,103,81,,
1484.2,0.0,,1717,1451,190,153,836,712,101,81,,
1485.2,0.0,,1710,1447,200,162,834,711,101,80,,
1486.2,0.0,,1706,1452,192,154,834,711,95,75,,
1487.2,0.0,,1706,1451,193,156,834,711,99,79,,
1488.2,0.0,,1714,1450,195,156,832,710,99,79,,
1489.2,0.0,,1711,1449,199,160,832,710,100,80,,
1490.2,0.0,,1702,1447,190,152,833,711,99,80,,
1491.2,0.0,,1711,1458,193,156,832,710,97,79,,
1492.2,0.0,,1710,1446,190,153,833,711,103,83,,
1493.2,0.0,,1710,1452,185,148,832,710,99,80,,
1494.2,0.0,,1711,1456,190,152,833,711,107,86,,
1495.2,0.0,,1708,1448,188,150,833,711,110,89,,
1496.2,0.0,,1706,1453,178,142,833,712,109,88,,
1497.2,0.0,,1713,1452,179,143,834,712,114,92,,
1498.2,0.0,,1708,1447,183,146,835,712,116,95,,
1499.2,0.0,,1709,1452,174,139,835,712,120,98,,
1500.2,0.0,,1711,1451,171,136,836,713,122,99,,
1501.2,0.0,,1711,1444,170,135,837,714,121,99,,
1502.2,0.0,,1711,1450,172,137,839,716,130,106,,
1503.2,0.0,,1711,1456,170,136,839,716,133,108,,
1504.2,0.0,,1719,1451,174,139,840,716,133,108,,
1505.2,0.0,,1710,1453,176,140,841,718,139,113,,
1506.2,0.0,,1715,1450,168,134,842,718,132,107,,
1507.2,0.0,,1711,1452,172,138,844,720,141,114,,
1508.2,0.0,,1709,1447,173,138,844,720,141,115,,
1509.2,0.0,,1716,1455,164,131,845,721,142,115,,
1510.2,0.0,,1711,1456,164,132,847,722,141,115,,
1511.2,0.0,,1706,1452,170,137,847,722,136,109,,
1512.2,0.0,,1712,1459,171,137,847,723,140,112,,
1513.2,0.0,,1708,1452,167,133,849,724,139,111,,
1514.2,0.0,,1713,1449,169,135,850,724,135,108,,
1515.2,0.0,,1710,1452,177,143,849,724,133,107,,
1516.2,0.0,,1714,1450,170,138,849,724,126,101,,
1517.2,0.0,,1713,1454,174,140,849,724,128,102,,
1518.2,0.0,,1711,1457,176,142,848,723,124,99,,
1519.2,0.0,,1715,1454,181,146,845,721,120,96,,
1520.2,0.0,,1712,1446,186,150,845,719,117,94,,
1521.2,0.0,,1715,1448,185,150,843,718,112,89,,
1522.2,0.0,,1710,1450,187,151,842,718,115,91,,
1523.2,0.0,,1710,1457,194,156,839,715,110,87,,
1524.2,0.0,,1713,1450,198,159,839,716,109,86,,
1525.2,0.0,,1714,1447,196,158,836,714,112,89,,
1526.2,0.0,,1710,1460,190,154,835,712,98,78,,
1527.2,0.0,,1713,1455,194,156,835,712,103,82,,
1528.2,0.0,,1711,1453,196,158,831,708,103,83,,
1529.2,0.0,,1714,1460,203,164,831,708,101,81,,
1530.2,0.0,,1707,1454,200,161,831,709,98,78,,
1531.2,0.0,,1711,1451,197,159,830,708,95,75,,
1532.2,0.0,,1716,1451,198,158,830,708,99,80,,
1533.2,0.0,,1713,1454,194,155,829,708,101,82,,
1534.2,0.0,,1715,1451,185,148,828,706,103,84,,
1535.2,0.0,,1715,1456,191,152,830,708,100,80,,
1536.2,0.0,,1707,1468,181,144,829,708,110,89,,
1537.2,0.0,,1717,1456,178,143,831,709,110,90,,
1538.2,0.0,,1714,1451,179,143,831,709,106,86,,
1539.2,0.0,,1712,1457,183,146,832,709,114,92,,
1540.2,0.0,,1709,1446,176,141,831,709,117,94,,
1541.2,0.0,,1715,1453,175,140,832,710,116,94,,
1542.2,0.0,,1709,1454,177,141,834,712,126,104,,
1543.2,0.0,,1713,1452,170,135,834,711,127,104,,
1544.2,0.0,,1718,1444,175,139,836,713,133,108,,
1545.2,0.0,,1710,1466,175,140,834,712,134,109,,
1546.2,0.0,,1715,1448,170,136,837,714,131,106,,
1547.2,0.0,,1713,1452,165,133,839,715,141,115,,
1548.2,0.0,,1704,1456,169,136,840,717,139,113,,
1549.2,0.0,,1715,1454,171,137,841,717,144,117,,
1550.2,0.0,,1725,1454,169,135,842,718,140,113,,
1551.2,0.0,,1715,1456,169,136,842,718,132,106,,
1552.2,0.0,,1710,1453,166,132,844,719,134,108,,
1553.2,0.0,,1713,1454,176,142,842,718,130,104,,
1554.2,0.0,,1716,1456,181,146,841,717,126,100,,
1555.2,0.0,,1717,1456,178,143,841,717,122,97,,
1556.2,0.0,,1721,1456,191,155,838,715,115,92,,
1557.2,0.0,,1712,1457,192,155,837,714,116,93,,
1558.2,0.0,,1714,1453,187,150,835,711,111,89,,
1559.2,0.0,,1712,1456,194,156,833,709,107,85,,
1560.2,0.0,,1717,1456,195,157,832,709,107,85,,
1561.2,0.0,,1716,1455,189,153,830,707,100,79,,
1562.2,0.0,,1723,1452,198,159,830,708,100,79,,
1563.2,0.0,,1708,1455,195,157,826,706,100,79,,
1564.2,0.0,,1711,1455,197,158,829,707,99,79,,
1565.2,0.0,,1714,1453,192,154,829,707,98,78,,
1566.2,0.0,,1714,1448,199,161,828,706,97,77,,
1567.2,0.0,,1716,1457,197,159,828,706,105,84,,
1568.2,0.0,,1716,1452,194,155,827,706,105,84,,
1569.2,0.0,,1718,1450,195,157,828,706,105,85,,
1570.2,0.0,,1712,1459,192,154,828,707,107,86,,
1571.2,0.0,,1717,1451,190,154,827,706,105,84,,
1572.2,0.0,,1714,1457,193,154,827,706,107,86,,
1573.2,0.0,,1714,1459,189,152,829,707,108,87,,
1574.2,0.0,,1716,1454,192,154,828,707,107,86,,
1575.2,0.0,,1718,1454,183,147,828,706,110,89,,
1576.2,0.0,,1722,1458,185,148,828,706,106,86,,
1577.2,0.0,,1717,1456,189,151,826,705,111,89,,
1578.2,0.0,,1713,1457,186,150,826,704,111,89,,
1579.2,0.0,,1715,1455,180,144,827,705,112,90,,
1580.2,0.0,,1724,1454,180,144,827,706,113,92,,
1581.2,0.0,,1716,1459,180,144,828,706,115,93,,
1582.2,0.0,,1716,1462,178,141,824,703,113,92,,
1583.2,0.0,,1713,1455,183,146,825,704,118,97,,
1584.2,0.0,,1718,1458,184,147,825,704,113,91,,
1585.2,0.0,,1716,1450,181,144,823,702,110,89,,
1586.2,0.0,,1715,1451,179,144,825,703,113,92,,
1587.2,0.0,,1716,1454,181,145,825,703,115,93,,
1588.2,0.0,,1719,1455,177,142,823,702,108,87,,
1589.2,0.0,,1719,1459,183,146,822,701,107,87,,
1590.2,0.0,,1718,1455,186,149,823,702,112,92,,
1591.2,0.0,,1714,1458,181,145,814,695,112,91,,
1592.2,0.0,,1713,1453,180,144,823,702,108,88,,
1593.2,0.0,,1716,1456,190,152,826,704,109,89,,
1594.2,0.0,,1718,1455,192,153,820,700,108,87,,
1595.2,0.0,,1718,1457,184,147,820,699,105,84,,
1596.2,0.0,,1718,1456,191,153,818,698,105,85,,
1597.2,0.0,,1717,1454,191,153,819,698,104,84,,
1598.2,0.0,,1710,1462,191,153,819,699,104,85,,
1599.2,0.0,,1718,1452,189,151,822,701,107,87,,
1600.2,0.0,,1719,1456,188,151,822,700,107,86,,
1601.2,0.0,,1715,1459,185,149,820,699,105,85,,
1602.2,0.0,,1719,1457,188,151,820,700,109,88,,
1603.2,0.0,,1718,1460,181,146,821,700,109,89,,
1604.2,0.0,,1720,1455,187,150,821,700,108,87,,
1605.2,0.0,,1713,1458,188,151,821,700,106,86,,
1606.2,0.0,,1720,1460,186,149,820,700,104,84,,
1607.2,0.0,,1723,1458,182,146,820,699,106,85,,
1608.2,0.0,,1713,1463,184,147,820,700,105,84,,
1609.2,0.0,,1721,1453,190,153,821,700,105,84,,
1610.2,0.0,,1716,1455,190,152,821,700,105,85,,
1611.2,0.0,,1719,1457,185,149,820,700,101,82,,
1612.2,0.0,,1719,1462,192,154,821,700,105,85,,
1613.2,0.0,,1722,1454,186,149,825,704,104,84,,
1614.2,0.0,,1717,1456,185,148,823,702,105,84,,
1615.2,0.0,,1717,1456,193,155,823,702,106,85,,
1616.2,0.0,,1720,1454,195,157,819,698,99,79,,
1617.2,0.0,,1729,1449,197,158,819,699,99,80,,
1618.2,0.0,,1717,1454,193,155,820,699,104,84,,
1619.2,0.0,,1716,1453,196,157,822,701,99,79,,
1620.2,0.0,,1721,1455,201,163,820,700,100,80,,
1621.2,0.0,,1718,1456,198,160,821,700,95,75,,
1622.2,0.0,,1717,1455,192,155,824,702,100,80,,
1623.2,0.0,,1708,1459,190,154,826,704,104,83,,
1624.2,0.0,,1719,1454,197,159,825,704,108,85,,
1625.2,0.0,,1714,1459,191,153,827,706,106,85,,
1626.2,0.0,,1719,1450,194,158,828,706,103,81,,
1627.2,0.0,,1717,1461,189,153,830,708,112,89,,
1628.2,0.0,,1719,1456,188,151,831,709,113,89,,
1629.2,0.0,,1724,1458,188,152,832,709,114,90,,
1630.2,0.0,,1719,1458,187,151,834,711,117,93,,
1631.2,0.0,,1718,1459,178,144,833,711,114,91,,
1632.2,0.0,,1717,1456,183,147,833,710,120,96,,
1633.2,0.0,,1716,1457,182,147,835,712,120,96,,
1634.2,0.0,,1718,1455,184,148,833,710,122,98,,
1635.2,0.0,,1723,1453,184,148,835,711,124,99,,
1636.2,0.0,,1720,1453,175,141,835,712,122,97,,
1637.2,0.0,,1718,1457,177,142,835,712,125,100,,
1638.2,0.0,,1717,1457,177,143,834,711,126,101,,
1639.2,0.0,,1719,1459,174,139,834,711,127,102,,
1640.2,0.0,,1718,1453,178,143,835,711,127,102,,
1641.2,0.0,,1719,1458,179,144,833,711,125,100,,
1642.2,0.0,,1717,1463,179,145,834,712,128,103,,
1643.2,0.0,,1719,1461,173,139,833,710,127,102,,
1644.2,0.0,,1718,1457,176,143,836,713,135,108,,
1645.2,0.0,,1722,1461,174,139,836,713,136,109,,
1646.2,0.0,,1718,1456,175,141,832,710,129,104,,
1647.2,0.0,,1719,1461,173,139,832,710,132,107,,
1648.2,0.0,,1721,1458,176,141,832,709,134,108,,
1649.2,0.0,,1721,1458,177,141,831,709,134,108,,
1650.2,0.0,,1716,1460,169,135,830,708,134,108,,
1651.2,0.0,,1721,1454,173,139,829,707,133,107,,
1652.2,0.0,,1719,1458,169,135,828,707,133,108,,
1653.2,0.0,,1719,1458,169,135,829,707,134,109,,
1654.2,0.0,,1720,1459,167,133,828,707,134,109,,
1655.2,0.0,,1720,1459,174,139,828,706,139,113,,
1656.2,0.0,,1719,1461,167,135,826,704,129,105,,
1657.2,0.0,,1714,1459,168,134,826,704,132,107,,
1658.2,0.0,,1717,1460,172,137,825,704,131,106,,
1659.2,0.0,,1714,1458,174,139,825,703,131,106,,
1660.2,0.0,,1716,1462,170,136,824,702,128,104,,
1661.2,0.0,,1722,1463,176,140,823,702,124,101,,
1662.2,0.0,,1722,1453,176,142,821,700,132,107,,
1663.2,0.0,,1721,1459,178,143,821,700,126,103,,
1664.2,0.0,,1714,1458,177,141,821,700,126,102,,
1665.2,0.0,,1717,1459,170,136,820,699,125,101,,
1666.2,0.0,,1719,1459,165,132,817,697,131,107,,
1667.2,0.0,,1719,1459,171,136,818,698,125,101,,
1668.2,0.0,,1720,1459,179,143,816,695,118,96,,
1669.2,0.0,,1720,1458,178,142,815,696,121,98,,
1670.2,0.0,,1732,1460,176,140,813,695,111,90,,
1671.2,0.0,,1722,1456,182,145,811,692,114,91,,
1672.2,0.0,,1717,1458,180,143,811,693,109,89,,
1673.2,0.0,,1717,1457,190,152,811,692,104,84,,
1674.2,0.0,,1717,1461,191,153,811,692,103,84,,
1675.2,0.0,,1716,1460,193,155,811,692,99,80,,
1676.2,0.0,,1721,1457,187,151,810,691,96,77,,
1677.2,0.0,,1721,1459,200,161,811,692,99,79,,
1678.2,0.0,,1722,1455,200,161,811,692,99,79,,
1679.2,0.0,,1718,1458,194,156,815,695,105,84,,
1680.2,0.0,,1718,1467,192,154,817,697,106,85,,
1681.2,0.0,,1715,1460,186,151,818,698,103,81,,
1682.2,0.0,,1717,1461,191,154,819,698,108,86,,
1683.2,0.0,,1724,1458,190,153,820,699,111,88,,
1684.2,0.0,,1718,1462,183,147,821,700,113,90,,
1685.2,0.0,,1720,1452,187,151,823,701,114,91,,
1686.2,0.0,,1719,1463,186,151,823,702,116,92,,
1687.2,0.0,,1719,1463,183,147,824,703,123,98,,
1688.2,0.0,,1718,1461,176,141,825,703,122,97,,
1689.2,0.0,,1721,1457,178,143,826,705,124,100,,
1690.2,0.0,,1721,1467,179,143,827,705,128,103,,
1691.2,0.0,,1724,1462,171,138,826,705,127,101,,
1692.2,0.0,,1715,1461,174,139,826,705,129,104,,
1693.2,0.0,,1721,1464,166,132,828,706,138,111,,
1694.2,0.0,,1722,1469,173,138,828,707,141,114,,
1695.2,0.0,,1725,1460,172,137,826,704,140,113,,
1696.2,0.0,,1719,1461,162,132,826,705,133,107,,
1697.2,0.0,,1720,1460,164,131,826,705,140,114,,
1698.2,0.0,,1710,1456,165,132,827,705,141,115,,
1699.2,0.0,,1721,1464,170,135,823,702,142,115,,
1700.2,0.0,,1722,1458,163,130,826,704,141,115,,
1701.2,0.0,,1719,1457,167,134,824,702,134,109,,
1702.2,0.0,,1720,1460,171,136,824,703,140,115,,
1703.2,0.0,,1719,1460,162,130,823,702,139,113,,
1704.2,0.0,,1722,1452,171,137,822,701,139,114,,
1705.2,0.0,,1726,1454,167,133,822,701,137,111,,
1706.2,0.0,,1720,1461,169,136,821,700,129,105,,
1707.2,0.0,,1720,1461,176,141,817,697,133,107,,
1708.2,0.0,,1716,1456,174,139,818,698,130,106,,
1709.2,0.0,,1721,1459,175,140,815,695,127,104,,
1710.2,0.0,,1727,1459,176,139,814,695,125,102,,
1711.2,0.0,,1725,1461,176,140,814,695,119,97,,
1712.2,0.0,,1721,1461,181,144,813,695,117,95,,
1713.2,0.0,,1722,1459,183,146,812,693,109,88,,
1714.2,0.0,,1721,1452,179,143,809,691,110,90,,
1715.2,0.0,,1717,1460,183,146,809,691,105,86,,
1716.2,0.0,,1722,1463,183,146,808,689,102,82,,
1717.2,0.0,,1730,1459,196,157,808,690,101,81,,
1718.2,0.0,,1723,1462,196,157,809,690,102,83,,
1719.2,0.0,,1719,1461,191,153,809,690,100,80,,
1720.2,0.0,,1719,1459,193,155,808,690,99,79,,
1721.2,0.0,,1719,1461,195,157,807,689,95,75,,
1722.2,0.0,,1718,1460,196,158,812,693,103,82,,
1723.2,0.0,,1725,1460,185,149,813,693,103,83,,
1724.2,0.0,,1720,1455,194,156,817,697,109,87,,
1725.2,0.0,,1721,1459,182,147,821,700,112,89,,
1726.2,0.0,,1720,1462,184,149,823,702,112,89,,
1727.2,0.0,,1716,1463,178,143,828,706,128,102,,
1728.2,0.0,,1716,1458,179,144,827,706,136,110,,
1729.2,0.0,,1726,1457,175,140,827,705,139,112,,
1730.2,0.0,,1721,1469,175,139,823,702,141,115,,
1731.2,0.0,,1720,1465,163,131,820,699,138,112,,
1732.2,0.0,,1713,1463,167,134,817,697,137,112,,
1733.2,0.0,,1715,1460,175,140,812,694,129,105,,
1734.2,0.0,,1720,1464,174,139,811,692,123,99,,
1735.2,0.0,,1720,1462,185,148,808,689,114,93,,
1736.2,0.0,,1719,1458,186,149,805,687,103,83,,
1737.2,0.0,,1720,1460,190,153,806,687,103,83,,
1738.2,0.0,,1719,1464,201,161,804,687,100,80,,
1739.2,0.0,,1723,1458,193,155,806,688,99,80,,
1740.2,0.0,,1724,1460,192,154,808,689,101,81,,
1741.2,0.0,,1722,1463,193,156,812,693,99,79,,
1742.2,0.0,,1717,1463,185,150,815,696,110,87,,
1743.2,0.0,,1717,1459,183,147,821,700,117,94,,
1744.2,0.0,,1724,1459,178,143,823,702,125,99,,
1745.2,0.0,,1722,1458,177,143,824,703,132,106,,
1746.2,0.0,,1720,1462,172,139,823,702,133,107,,
1747.2,0.0,,1725,1460,173,138,822,701,142,115,,
1748.2,0.0,,1721,1460,172,137,817,697,133,108,,
1749.2,0.0,,1718,1463,174,139,815,696,132,107,,
1750.2,0.0,,1728,1457,173,138,813,694,129,104,,
1751.2,0.0,,1721,1455,178,143,810,691,116,94,,
1752.2,0.0,,1721,1454,182,146,809,690,116,94,,
1753.2,0.0,,1721,1462,180,144,807,688,112,90,,
1754.2,0.0,,1718,1459,191,152,804,687,107,86,,
1755.2,0.0,,1721,1461,187,150,804,686,105,84,,
1756.2,0.0,,1723,1462,195,158,805,687,102,82,,
1757.2,0.0,,1722,1463,187,150,807,689,106,85,,
1758.2,0.0,,1722,1461,187,151,809,691,107,85,,
1759.2,0.0,,1720,1463,183,147,811,692,110,87,,
1760.2,0.0,,1719,1459,186,150,815,696,114,91,,
1761.2,0.0,,1718,1456,179,145,817,696,113,90,,
1762.2,0.0,,1720,1460,177,142,820,699,123,99,,
1763.2,0.0,,1722,1459,173,138,819,698,128,104,,
1764.2,0.0,,1727,1461,177,141,819,699,134,108,,
1765.2,0.0,,1725,1456,174,139,818,697,135,109,,
1766.2,0.0,,1725,1463,171,137,815,696,129,104,,
1767.2,0.0,,1718,1460,166,133,813,694,133,108,,
1768.2,0.0,,1721,1460,170,136,813,693,130,105,,
1769.2,0.0,,1723,1460,171,137,810,691,125,102,,
1770.2,0.0,,1724,1461,178,142,808,689,121,99,,
1771.2,0.0,,1729,1463,177,142,806,688,115,93,,
1772.2,0.0,,1723,1457,183,146,803,685,111,89,,
1773.2,0.0,,1720,1468,189,151,803,685,101,82,,
1774.2,0.0,,1720,1456,191,153,801,684,98,79,,
1775.2,0.0,,1723,1465,196,157,802,684,99,81,,
1776.2,0.0,,1723,1459,192,154,802,685,95,75,,
1777.2,0.0,,1719,1461,201,162,805,687,106,85,,
1778.2,0.0,,1726,1466,199,161,808,689,102,82,,
1779.2,0.0,,1720,1459,194,157,810,691,104,83,,
1780.2,0.0,,1718,1460,186,151,815,695,109,87,,
1781.2,0.0,,1725,1460,184,149,819,698,111,88,,
1782.2,0.0,,1718,1454,182,147,822,701,122,98,,
1783.2,0.0,,1715,1460,176,142,828,707,129,104,,
1784.2,0.0,,1724,1466,168,135,830,707,133,108,,
1785.2,0.0,,1719,1462,168,134,826,704,139,112,,
1786.2,0.0,,1718,1456,168,135,824,702,141,114,,
1787.2,0.0,,1722,1450,170,136,821,701,143,116,,
1788.2,0.0,,1722,1458,171,137,819,699,142,116,,
1789.2,0.0,,1721,1462,174,139,817,697,135,110,,
1790.2,0.0,,1722,1461,171,136,812,694,133,109,,
1791.2,0.0,,1721,1460,177,142,812,693,117,95,,
1792.2,0.0,,1718,1459,178,142,810,691,112,90,,
1793.2,0.0,,1717,1462,187,150,809,690,110,89,,
1794.2,0.0,,1723,1461,194,155,807,688,103,83,,
1795.2,0.0,,1720,1464,190,153,806,688,101,82,,
1796.2,0.0,,1723,1462,201,162,806,688,96,76,,
1797.2,0.0,,1720,1459,200,161,808,689,99,79,,
1798.2,0.0,,1722,1462,198,159,810,691,101,81,,
1799.2,0.0,,1718,1458,196,157,813,693,103,82,,
1800.2,0.0,,1720,1462,188,152,817,697,107,85,,
1801.2,0.0,,1722,1461,181,147,822,700,109,86,,
1802.2,0.0,,1720,1463,178,143,825,703,120,96,,
1803.2,0.0,,1720,1458,180,145,827,705,126,101,,
1804.2,0.0,,1720,1461,173,138,827,705,133,107,,
1805.2,0.0,,1721,1458,173,138,825,704,139,112,,
1806.2,0.0,,1722,1460,170,136,822,702,138,111,,
1807.2,0.0,,1717,1456,161,129,820,700,141,114,,
1808.2,0.0,,1714,1458,170,136,819,698,143,117,,
1809.2,0.0,,1721,1461,170,135,817,696,135,110,,
1810.2,0.0,,1723,1464,166,133,813,694,132,108,,
1811.2,0.0,,1717,1460,174,139,812,694,121,98,,
1812.2,0.0,,1722,1458,181,145,810,692,121,98,,
1813.2,0.0,,1721,1463,182,145,810,691,118,96,,
1814.2,0.0,,1733,1461,178,143,807,689,114,93,,
1815.2,0.0,,1720,1461,187,149,805,687,104,85,,
1816.2,0.0,,1721,1465,194,156,803,686,103,83,,
1817.2,0.0,,1726,1461,196,156,801,684,101,82,,
1818.2,0.0,,1719,1464,197,158,802,685,100,82,,
1819.2,0.0,,1719,1462,196,157,804,686,100,81,,
1820.2,0.0,,1724,1460,200,160,805,687,100,80,,
1821.2,0.0,,1718,1460,195,157,805,687,97,77,,
1822.2,0.0,,1720,1460,196,159,807,689,103,82,,
1823.2,0.0,,1721,1465,188,152,811,692,107,86,,
1824.2,0.0,,1720,1460,188,152,813,693,111,89,,
1825.2,0.0,,1720,1462,187,151,817,697,115,93,,
1826.2,0.0,,1719,1458,178,144,818,698,116,92,,
1827.2,0.0,,1720,1457,179,143,820,700,128,103,,
1828.2,0.0,,1728,1463,179,144,817,697,129,104,,
1829.2,0.0,,1720,1461,174,139,817,697,132,106,,
1830.2,0.0,,1735,1457,175,140,816,697,135,109,,
1831.2,0.0,,1723,1461,171,138,816,696,129,105,,
1832.2,0.0,,1720,1461,170,135,813,694,132,107,,
1833.2,0.0,,1717,1467,171,136,812,693,129,104,,
1834.2,0.0,,1711,1460,173,138,811,692,123,100,,
1835.2,0.0,,1721,1463,181,146,809,690,116,94,,
1836.2,0.0,,1731,1461,182,146,806,688,107,86,,
1837.2,0.0,,1722,1458,187,150,806,688,107,87,,
1838.2,0.0,,1723,1449,182,146,807,689,105,85,,
1839.2,0.0,,1721,1460,195,157,805,687,103,82,,
1840.2,0.0,,1726,1460,193,156,809,690,105,84,,
1841.2,0.0,,1718,1462,190,154,813,693,103,82,,
1842.2,0.0,,1725,1457,181,145,817,697,112,89,,
1843.2,0.0,,1723,1461,176,141,820,699,118,95,,
1844.2,0.0,,1719,1461,177,141,821,700,128,103,,
1845.2,0.0,,1719,1465,169,135,821,700,141,114,,
1846.2,0.0,,1724,1458,168,135,818,698,144,116,,
1847.2,0.0,,1722,1463,174,139,814,695,135,110,,
1848.2,0.0,,1729,1464,173,139,811,692,128,103,,
1849.2,0.0,,1729,1462,172,136,809,690,122,99,,
1850.2,0.0,,1718,1457,176,141,806,688,110,89,,
1851.2,0.0,,1719,1461,181,145,805,687,107,86,,
1852.2,0.0,,1717,1453,195,156,800,683,100,81,,
1853.2,0.0,,1725,1462,190,153,799,683,94,75,,
1854.2,0.0,,1725,1462,195,157,802,684,99,79,,
1855.2,0.0,,1722,1460,196,157,804,685,100,80,,
1856.2,0.0,,1721,1462,188,153,807,688,98,77,,
1857.2,0.0,,1723,1465,186,150,812,692,108,86,,
1858.2,0.0,,1725,1465,181,146,816,696,115,92,,
1859.2,0.0,,1715,1460,178,143,819,698,121,97,,
1860.2,0.0,,1720,1461,180,145,820,700,128,103,,
1861.2,0.0,,1718,1457,171,139,821,700,130,105,,
1862.2,0.0,,1719,1468,173,139,820,700,139,112,,
1863.2,0.0,,1720,1465,167,133,818,697,141,114,,
1864.2,0.0,,1723,1465,172,137,815,696,143,116,,
1865.2,0.0,,1724,1465,166,132,813,694,138,112,,
1866.2,0.0,,1722,1463,175,140,808,691,136,111,,
1867.2,0.0,,1715,1461,174,139,806,688,131,107,,
1868.2,0.0,,1723,1460,177,141,805,687,127,104,,
1869.2,0.0,,1723,1457,174,139,802,684,120,98,,
1870.2,0.0,,1723,1461,176,141,800,683,106,86,,
1871.2,0.0,,1723,1464,188,151,799,683,104,84,,
1872.2,0.0,,1730,1467,194,155,799,682,101,82,,
# Ve OFF — можна міняти сенсор
1873.2,0.0,,1613,1370,190,153,726,621,91,72,,
1874.2,0.0,,668,582,175,141,211,184,88,70,,
875.,0.0,,17,370,178,144,86,74,88,69,,
1876.2,0.0,,395,349,166,133,95,82,91,73,,
1877.2,0.0,,394,348,178,144,101,88,95,75,,
1878.2,0.0,,397,350,165,133,107,93,94,75,,
1879.2,0.0,,399,352,164,133,113,98,104,83,,
1880.2,0.0,,399,353,162,130,116,100,104,84,,
1881.2,0.0,,401,355,158,127,122,106,115,91,,
1882.2,0.0,,399,353,156,125,117,101,120,96,,
# Ve OFF, заміна v1.2-A -> v2.0-A, 18:55:36
1911.2,0.0,,38,38,418,353,2273,1902,290,230,,
1912.2,0.0,,7,3,334,280,2324,1945,296,237,,
1913.2,0.0,,9,5,405,342,2397,2003,431,345,,
1914.2,0.0,,2,0,284,235,2302,1932,313,253,,
1915.2,0.0,,0,0,203,164,2044,1734,295,239,,
1916.2,0.0,,18,9,136,109,1261,1086,213,174,,
1917.2,0.0,,21,14,143,116,783,675,152,124,,
1918.2,0.0,,319,247,145,117,771,676,220,181,,
1919.2,0.0,,557,440,192,152,752,661,252,210,,
1920.2,0.0,,945,746,137,109,293,268,210,176,,
1921.2,0.0,,1307,1068,259,206,309,281,289,245,,
1922.2,0.0,,196,176,154,124,0,0,110,89,,
1923.2,0.0,,0,0,157,125,0,0,104,85,,
1924.2,0.0,,0,0,153,122,0,0,98,80,,
1925.2,0.0,,0,0,154,123,0,0,98,78,,
1926.2,0.0,,0,0,158,126,0,0,100,81,,
1927.2,0.0,,0,0,156,125,0,0,100,80,,
1928.2,0.0,,0,0,164,131,0,0,99,79,,
1929.2,0.0,,0,0,165,132,0,0,96,77,,
1930.2,0.0,,0,0,161,129,0,0,94,74,,
1931.2,0.0,,0,0,169,135,0,0,92,72,,
1932.2,0.0,,0,0,175,141,0,0,90,71,,
1933.2,0.0,,0,0,177,142,0,0,92,72,,
1934.2,0.0,,0,0,171,137,0,0,92,73,,
1935.2,0.0,,0,0,171,137,0,0,97,77,,
1936.2,0.0,,0,0,168,136,0,0,97,77,,
1937.2,0.0,,0,0,160,129,0,0,104,83,,
1938.2,0.0,,0,0,161,129,0,0,109,87,,
1939.2,0.0,,0,0,160,129,0,0,113,90,,
1940.2,0.0,,0,0,153,122,0,0,117,93,,
1941.2,0.0,,0,0,155,125,0,0,120,95,,
1942.2,0.0,,0,0,147,118,0,0,127,101,,
1943.2,0.0,,0,0,145,116,0,0,135,109,,
1944.2,0.0,,0,0,142,113,0,0,137,110,,
1945.2,0.0,,0,0,146,116,0,0,131,105,,
1946.2,0.0,,0,0,149,119,0,0,131,106,,
1947.2,0.0,,0,0,143,114,0,0,142,115,,
1948.2,0.0,,0,0,141,113,0,0,139,113,,
1949.2,0.0,,2,2,151,120,0,0,129,105,,
1950.2,0.0,,4,3,148,118,0,0,125,101,,
1951.2,0.0,,0,0,147,117,0,0,125,102,,
1952.2,0.0,,0,0,147,117,0,0,125,101,,
1953.2,0.0,,0,0,149,118,0,0,122,99,,
# Ve ON, v2.0-A у ямці @ 50 мл, 18:56:37
# Ve ON
1967.2,0.0,,2132,1804,214,173,1110,940,107,85,,
1968.2,0.0,,2131,1803,207,168,1109,940,108,86,,
1969.2,0.0,,2132,1804,207,167,1109,941,109,87,,
1970.2,0.0,,2131,1803,206,167,1108,940,110,88,,
1971.2,0.0,,2133,1804,202,164,1106,937,106,83,,
1972.2,0.0,,2130,1802,195,159,1105,936,113,90,,
1973.2,0.0,,2132,1802,198,160,1105,936,118,95,,
1974.2,0.0,,2129,1802,194,157,1104,936,119,95,,
1975.2,0.0,,2131,1803,189,153,1103,935,122,97,,
1976.2,0.0,,2131,1803,189,153,1104,936,120,96,,
1977.2,0.0,,2131,1802,190,154,1105,936,130,104,,
1978.2,0.0,,2130,1804,183,148,1103,936,132,106,,
1979.2,0.0,,2130,1804,181,146,1104,936,132,106,,
1980.2,0.0,,2129,1803,180,145,1103,935,134,108,,
1981.2,0.0,,2131,1803,187,151,1098,930,132,105,,
1982.2,0.0,,2131,1804,186,150,1095,929,136,110,,
1983.2,0.0,,2130,1804,183,147,1095,928,139,111,,
1984.2,0.0,,2132,1804,183,147,1094,928,139,112,,
1985.2,0.0,,2132,1804,185,149,1093,927,145,117,,
1986.2,0.0,,2131,1804,174,140,1091,925,140,113,,
1987.2,0.0,,2130,1804,179,144,1089,923,147,118,,
1988.2,0.0,,2131,1802,180,144,1086,920,145,118,,
1989.2,0.0,,2132,1805,179,143,1086,920,148,120,,
1990.2,0.0,,2132,1806,176,141,1085,919,149,121,,
1991.2,0.0,,2132,1805,170,137,1084,918,140,113,,
1992.2,0.0,,2132,1805,175,139,1082,916,146,119,,
1993.2,0.0,,2130,1805,175,140,1080,915,147,120,,
1994.2,0.0,,2132,1806,172,137,1078,914,146,118,,
1995.2,0.0,,2132,1803,180,143,1075,912,145,118,,
1996.2,0.0,,2132,1805,181,145,1073,910,146,119,,
1997.2,0.0,,2132,1804,171,137,1071,909,146,118,,
1998.2,0.0,,2130,1804,179,143,1070,907,146,118,,
1999.2,0.0,,2133,1805,179,143,1070,907,144,117,,
2000.2,0.0,,2131,1802,172,137,1067,905,146,119,,
2001.2,0.0,,2132,1804,176,141,1068,906,147,120,,
2002.2,0.0,,2132,1805,172,137,1067,904,144,118,,
2003.2,0.0,,2133,1806,169,135,1063,902,144,117,,
2004.2,0.0,,2134,1804,168,135,1062,901,144,118,,
2005.2,0.0,,2132,1804,177,142,1061,900,143,117,,
2006.2,0.0,,2133,1806,174,140,1059,899,141,115,,
2007.2,0.0,,2132,1805,179,142,1057,897,141,115,,
2008.2,0.0,,2133,1805,175,140,1056,897,146,119,,
2009.2,0.0,,2134,1804,176,140,1055,895,139,113,,
2010.2,0.0,,2131,1804,173,138,1054,894,138,113,,
2011.2,0.0,,2133,1805,176,141,1051,892,138,113,,
2012.2,0.0,,2133,1804,183,147,1049,890,138,113,,
2013.2,0.0,,2132,1804,182,145,1048,889,133,109,,
2014.2,0.0,,2133,1804,176,140,1047,888,131,107,,
2015.2,0.0,,2134,1805,178,142,1047,888,136,111,,
2016.2,0.0,,2132,1805,186,150,1045,886,129,107,,
2017.2,0.0,,2134,1807,179,142,1043,885,129,105,,
2018.2,0.0,,2133,1806,182,146,1042,885,124,102,,
2019.2,0.0,,2133,1806,181,144,1039,882,123,100,,
2020.2,0.0,,2134,1805,188,151,1039,882,123,101,,
2021.2,0.0,,2134,1806,181,145,1038,881,115,93,,
2022.2,0.0,,2135,1805,186,149,1037,880,116,95,,
2023.2,0.0,,2133,1806,188,150,1035,879,117,95,,
2024.2,0.0,,2133,1806,186,149,1034,878,108,88,,
2025.2,0.0,,2133,1805,197,157,1038,881,111,91,,
2026.2,0.0,,2134,1805,196,157,1033,877,114,93,,
2027.2,0.0,,2134,1806,195,156,1036,880,109,90,,
2028.2,0.0,,2134,1806,191,152,1036,880,109,90,,
2029.2,0.0,,2134,1806,196,157,1036,880,107,87,,
2030.2,0.0,,2133,1805,190,152,1034,878,114,93,,
2031.2,0.0,,2135,1807,190,153,1034,877,112,91,,
2032.2,0.0,,2134,1806,198,158,1029,873,111,89,,
2033.2,0.0,,2134,1806,196,157,1032,876,111,91,,
2034.2,0.0,,2135,1806,195,155,1031,875,113,91,,
2035.2,0.0,,2134,1808,197,157,1030,874,113,93,,
2036.2,0.0,,2134,1807,190,152,1028,873,112,91,,
2037.2,0.0,,2133,1807,189,151,1024,869,111,90,,
2038.2,0.0,,2133,1807,192,153,1016,862,108,87,,
2039.2,0.0,,2132,1805,191,152,1023,869,109,89,,
2040.2,0.0,,2134,1806,188,150,1025,870,112,92,,
2041.2,0.0,,2135,1807,195,156,1025,870,114,93,,
2042.2,0.0,,2133,1804,196,157,1021,866,111,89,,
2043.2,0.0,,2135,1807,199,159,1020,866,111,90,,
2044.2,0.0,,2133,1805,194,155,1022,867,109,90,,
2045.2,0.0,,2135,1805,199,159,1021,866,108,87,,
2046.2,0.0,,2134,1806,190,152,1020,866,108,86,,
2047.2,0.0,,2133,1806,200,159,1019,865,109,89,,
2048.2,0.0,,2135,1805,195,156,1017,864,107,87,,
2049.2,0.0,,2132,1806,201,161,1015,862,107,87,,
2050.2,0.0,,2133,1806,196,157,1015,862,106,86,,
2051.2,0.0,,2134,1805,203,164,1013,860,104,85,,
2052.2,0.0,,2135,1806,205,164,1012,859,102,82,,
2053.2,0.0,,2134,1807,205,164,1011,858,104,83,,
2054.2,0.0,,2133,1806,203,162,1010,857,108,88,,
2055.2,0.0,,2134,1806,206,165,1010,857,104,84,,
2056.2,0.0,,2134,1805,207,165,1009,857,103,83,,
2057.2,0.0,,2134,1807,203,163,1008,856,97,78,,
2058.2,0.0,,2133,1806,200,160,1008,856,103,84,,
2059.2,0.0,,2134,1807,196,157,1008,856,104,84,,
2060.2,0.0,,2133,1806,192,154,1002,851,105,85,,
2061.2,0.0,,2132,1806,196,157,1005,854,106,86,,
2062.2,0.0,,2136,1807,198,159,1006,854,108,88,,
2063.2,0.0,,2134,1806,197,158,1006,854,108,88,,
2064.2,0.0,,2135,1806,187,150,1006,855,108,87,,
2065.2,0.0,,2134,1806,194,156,1006,855,115,94,,
2066.2,0.0,,2134,1806,184,148,1006,855,118,96,,
2067.2,0.0,,2134,1806,180,144,1008,856,123,101,,
2092.2,0.0,,2133,1807,174,139,1014,861,135,109,,
2093.2,0.0,,2134,1806,178,143,1009,857,140,112,,
2094.2,0.0,,2134,1807,174,141,1012,859,134,107,,
2095.2,0.0,,2132,1805,184,149,1013,860,131,105,,
2096.2,0.0,,2133,1805,186,150,1015,862,126,99,,
2097.2,0.0,,2133,1806,176,142,1014,861,129,103,,
2098.2,0.0,,2133,1806,185,149,1015,862,130,103,,
2099.2,0.0,,2134,1807,176,142,1017,863,129,103,,
2100.2,0.0,,2133,1805,185,149,1016,863,126,101,,
2101.2,0.0,,2134,1805,185,150,1018,863,120,95,,
2102.2,0.0,,2135,1806,189,152,1013,860,124,100,,
2103.2,0.0,,2133,1806,187,151,1012,859,129,103,,
2104.2,0.0,,2134,1807,183,147,1012,859,129,103,,
2105.2,0.0,,2134,1806,191,154,1009,857,125,99,,
2106.2,0.0,,2134,1807,190,153,1006,854,121,96,,
2107.2,0.0,,2135,1807,181,146,1006,854,124,99,,
2108.2,0.0,,2135,1808,188,152,1011,858,125,99,,
2109.2,0.0,,2134,1805,183,147,1004,853,123,98,,
2110.2,0.0,,2135,1808,181,145,1003,852,122,96,,
2111.2,0.0,,2136,1805,183,148,1001,851,120,95,,
2112.2,0.0,,2134,1806,186,150,1000,849,122,97,,
2113.2,0.0,,2134,1807,192,156,1000,848,121,96,,
2114.2,0.0,,2134,1806,191,154,999,848,122,97,,
2115.2,0.0,,2134,1805,186,150,997,847,118,94,,
2116.2,0.0,,2134,1805,193,156,994,844,113,90,,
2117.2,0.0,,2135,1806,194,157,994,843,115,91,,
2118.2,0.0,,2135,1807,197,159,993,842,113,90,,
2119.2,0.0,,2136,1808,198,160,991,841,112,89,,
2120.2,0.0,,2134,1806,198,160,989,840,110,88,,
2121.2,0.0,,2135,1807,195,158,988,839,107,85,,
2122.2,0.0,,2135,1807,191,155,986,837,108,85,,
2123.2,0.0,,2134,1806,202,163,986,838,106,84,,
2124.2,0.0,,2137,1807,201,163,985,837,105,83,,
2125.2,0.0,,2136,1807,195,158,985,837,103,82,,
2126.2,0.0,,2135,1806,197,160,982,835,100,79,,
2127.2,0.0,,2136,1808,204,165,979,832,99,79,,
2128.2,0.0,,2133,1807,207,167,980,831,99,79,,
2129.2,0.0,,2135,1806,200,161,980,831,100,79,,
2130.2,0.0,,2135,1804,199,159,982,834,101,80,,
2131.2,0.0,,2136,1807,208,169,984,836,96,76,,
2132.2,0.0,,2136,1808,207,167,981,833,101,80,,
2133.2,0.0,,2137,1807,200,160,981,833,100,80,,
2134.2,0.0,,2136,1806,207,166,983,835,98,78,,
2135.2,0.0,,2138,1808,208,167,981,833,100,80,,
2136.2,0.0,,2136,1807,211,170,980,832,97,76,,
2137.2,0.0,,2136,1808,209,168,981,832,99,79,,
2138.2,0.0,,2137,1809,204,164,981,833,99,80,,
2139.2,0.0,,2137,1809,200,161,981,833,96,77,,
2140.2,0.0,,2136,1808,207,166,979,832,97,78,,
2141.2,0.0,,2137,1809,204,164,980,833,97,78,,
2142.2,0.0,,2135,1808,201,161,978,830,98,79,,
2143.2,0.0,,2135,1808,206,165,979,832,96,78,,
2144.2,0.0,,2136,1808,205,164,978,831,99,79,,
2145.2,0.0,,2136,1808,205,164,980,833,101,82,,
2146.2,0.0,,2137,1808,201,161,979,832,100,81,,
2147.2,0.0,,2137,1809,203,162,981,834,102,83,,
2148.2,0.0,,2137,1808,193,155,976,829,101,81,,
2149.2,0.0,,2138,1809,194,155,978,832,99,80,,
2150.2,0.0,,2138,1808,193,154,976,830,101,81,,
2151.2,0.0,,2138,1809,198,158,980,833,107,86,,
2152.2,0.0,,2137,1808,191,153,981,834,105,85,,
2153.2,0.0,,2137,1808,181,145,979,833,112,91,,
2154.2,0.0,,2139,1808,179,143,978,832,114,91,,
2155.2,0.0,,2138,1808,180,144,981,834,123,101,,
2156.2,0.0,,2137,1809,183,146,983,836,126,104,,
2157.2,0.0,,2138,1809,172,137,984,836,130,105,,
2158.2,0.0,,2136,1810,177,141,982,834,133,109,,
2159.2,0.0,,2136,1808,177,141,987,840,141,115,,
2160.2,0.0,,2136,1808,175,140,991,842,144,117,,
2161.2,0.0,,2137,1808,173,138,991,842,148,121,,
2162.2,0.0,,2136,1808,168,134,995,845,148,120,,
2163.2,0.0,,2136,1807,174,140,994,845,148,120,,
2164.2,0.0,,2135,1808,171,136,999,848,145,117,,
2165.2,0.0,,2135,1807,180,145,1002,851,140,113,,
2166.2,0.0,,2136,1808,176,142,1002,851,133,107,,
2167.2,0.0,,2136,1808,186,150,1001,850,133,107,,
2168.2,0.0,,2137,1807,188,153,1003,852,129,103,,
2169.2,0.0,,2137,1808,180,145,1002,851,124,99,,
2170.2,0.0,,2134,1808,188,152,1001,850,118,94,,
2171.2,0.0,,2136,1807,196,159,996,846,112,88,,
2172.2,0.0,,2138,1807,198,161,995,844,110,87,,
2173.2,0.0,,2136,1809,199,161,991,841,108,86,,
2174.2,0.0,,2137,1808,195,157,988,839,107,85,,
2175.2,0.0,,2135,1808,201,162,986,838,101,80,,
2176.2,0.0,,2137,1809,203,164,982,835,99,78,,
2177.2,0.0,,2138,1808,198,159,981,834,99,79,,
2178.2,0.0,,2137,1808,197,158,978,831,99,79,,
2179.2,0.0,,2137,1809,199,159,978,831,99,80,,
2180.2,0.0,,2137,1809,197,158,970,825,100,82,,
2181.2,0.0,,2139,1808,192,154,979,831,105,84,,
2182.2,0.0,,2138,1810,193,154,981,834,106,86,,
2183.2,0.0,,2139,1809,179,143,984,836,121,99,,
2184.2,0.0,,2139,1808,172,137,987,838,125,102,,
2185.2,0.0,,2137,1808,169,135,991,842,139,114,,
2186.2,0.0,,2137,1808,171,137,992,842,145,118,,
2187.2,0.0,,2138,1809,178,142,998,848,144,117,,
2188.2,0.0,,2136,1806,175,140,998,847,136,109,,
2189.2,0.0,,2137,1808,180,145,1000,850,129,104,,
2190.2,0.0,,2137,1808,192,155,997,846,120,96,,
2191.2,0.0,,2138,1808,196,159,989,839,108,85,,
2192.2,0.0,,2136,1808,207,167,982,834,101,80,,
2193.2,0.0,,2137,1807,207,166,975,829,98,78,,
2194.2,0.0,,2139,1809,206,165,973,827,103,83,,
2195.2,0.0,,2137,1809,193,155,973,827,101,82,,
2196.2,0.0,,2136,1809,191,153,976,829,111,90,,
2197.2,0.0,,2138,1810,181,144,976,829,125,102,,
2198.2,0.0,,2137,1810,183,146,984,837,139,114,,
2199.2,0.0,,2139,1808,170,136,987,839,148,120,,
2200.2,0.0,,2137,1808,171,136,992,842,149,120,,
2201.2,0.0,,2137,1808,184,149,994,845,139,111,,
2202.2,0.0,,2138,1809,183,148,992,842,126,101,,
2203.2,0.0,,2136,1808,191,155,987,838,114,91,,
2204.2,0.0,,2136,1809,197,160,978,831,102,81,,
2205.2,0.0,,2137,1809,203,164,971,825,100,80,,
2206.2,0.0,,2139,1809,201,162,968,823,98,80,,
2207.2,0.0,,2139,1810,197,158,969,823,104,84,,
2208.2,0.0,,2138,1810,191,153,970,825,116,95,,
2209.2,0.0,,2139,1811,179,143,975,829,130,106,,
2210.2,0.0,,2138,1811,172,137,980,833,131,106,,
2211.2,0.0,,2137,1808,182,146,984,837,136,111,,
2212.2,0.0,,2137,1808,179,143,987,838,137,110,,
2213.2,0.0,,2137,1808,191,155,987,837,126,101,,
2214.2,0.0,,2137,1809,194,157,984,835,115,92,,
2215.2,0.0,,2138,1809,192,155,974,827,106,85,,
2216.2,0.0,,2137,1808,205,166,971,824,104,83,,
2217.2,0.0,,2138,1809,201,161,968,822,105,84,,
2218.2,0.0,,2138,1809,195,156,970,824,107,87,,
2219.2,0.0,,2139,1809,185,148,971,826,116,95,,
2220.2,0.0,,2138,1810,178,142,976,829,125,102,,
2221.2,0.0,,2140,1811,184,147,978,832,137,112,,
2222.2,0.0,,2137,1809,173,139,980,833,136,110,,
2223.2,0.0,,2138,1809,179,143,985,836,131,106,,
2224.2,0.0,,2136,1808,180,145,983,835,123,99,,
2225.2,0.0,,2138,1809,199,161,979,831,111,89,,
2226.2,0.0,,2139,1810,211,171,971,824,99,78,,
2227.2,0.0,,2139,1811,210,168,965,819,98,78,,
2228.2,0.0,,2139,1809,207,167,963,819,100,80,,
2229.2,0.0,,2141,1809,196,156,966,820,111,91,,
2230.2,0.0,,2140,1810,178,142,968,822,125,102,,
2231.2,0.0,,2140,1809,173,139,973,828,140,114,,
2232.2,0.0,,2138,1810,169,135,981,834,144,118,,
2233.2,0.0,,2140,1809,183,148,984,836,140,113,,
2234.2,0.0,,2137,1809,181,146,986,837,126,100,,
2235.2,0.0,,2137,1808,193,156,976,829,112,89,,
2236.2,0.0,,2139,1810,202,163,967,822,96,76,,
2237.2,0.0,,2139,1810,209,168,954,812,96,76,,
2238.2,0.0,,2140,1810,205,165,960,816,100,81,,
2239.2,0.0,,2141,1811,194,155,964,819,107,87,,
2240.2,0.0,,2140,1810,178,141,967,822,127,105,,
2241.2,0.0,,2138,1809,175,140,972,826,137,112,,
2242.2,0.0,,2139,1809,178,142,977,830,145,118,,
2243.2,0.0,,2139,1808,178,144,982,835,141,115,,
2244.2,0.0,,2138,1809,186,150,983,835,131,105,,
2245.2,0.0,,2138,1810,194,157,981,832,124,99,,
2246.2,0.0,,2138,1810,205,167,969,823,103,81,,
2247.2,0.0,,2141,1811,208,168,961,817,100,80,,
2248.2,0.0,,2139,1810,211,169,958,814,99,80,,
2249.2,0.0,,2140,1810,194,155,958,814,98,79,,
2250.2,0.0,,2141,1812,192,154,962,817,112,91,,
2251.2,0.0,,2140,1812,180,144,964,820,133,108,,
2252.2,0.0,,2137,1810,172,137,970,825,140,113,,
2253.2,0.0,,2140,1811,179,143,974,828,146,119,,
2254.2,0.0,,2139,1810,180,144,979,832,142,115,,
2255.2,0.0,,2139,1811,184,148,980,832,136,110,,
2256.2,0.0,,2139,1809,195,159,976,829,115,91,,
2257.2,0.0,,2139,1809,202,164,966,822,107,85,,
2258.2,0.0,,2140,1810,207,167,960,815,100,80,,
2259.2,0.0,,2139,1812,209,168,954,811,98,79,,
2260.2,0.0,,2141,1811,199,159,955,812,105,85,,
2261.2,0.0,,2140,1812,187,150,957,814,111,91,,
2262.2,0.0,,2140,1811,183,147,953,811,120,98,,
2263.2,0.0,,2139,1811,180,144,967,822,138,112,,
2264.2,0.0,,2139,1811,179,142,971,825,146,119,,
2265.2,0.0,,2139,1809,169,135,977,830,142,115,,
2266.2,0.0,,2139,1808,177,143,977,830,134,107,,
2267.2,0.0,,2140,1810,194,157,973,827,121,96,,
2268.2,0.0,,2142,1811,204,165,965,820,108,86,,
2269.2,0.0,,2139,1810,201,162,958,814,99,79,,
2270.2,0.0,,2139,1810,208,167,955,811,100,81,,
2271.2,0.0,,2142,1811,198,159,952,809,105,85,,
2272.2,0.0,,2142,1812,185,148,956,813,109,88,,
2273.2,0.0,,2140,1811,177,141,959,816,127,105,,
2274.2,0.0,,2140,1811,178,142,961,817,140,114,,
2275.2,0.0,,2140,1812,168,135,971,825,145,118,,
2276.2,0.0,,2139,1811,176,142,973,827,144,117,,
2277.2,0.0,,2140,1809,179,145,977,829,139,112,,
2278.2,0.0,,2142,1810,183,148,971,825,131,105,,
2279.2,0.0,,2138,1811,198,160,964,819,116,92,,
2280.2,0.0,,2140,1811,208,168,956,812,101,81,,
2281.2,0.0,,2141,1811,211,171,947,805,99,79,,
2282.2,0.0,,2142,1813,200,160,945,803,97,79,,
2283.2,0.0,,2141,1812,192,153,946,805,107,87,,
2284.2,0.0,,2142,1814,182,145,950,809,121,98,,
2285.2,0.0,,2142,1814,173,138,956,813,136,111,,
2286.2,0.0,,2142,1811,171,137,963,818,145,118,,
2287.2,0.0,,2139,1811,169,136,968,823,143,115,,
2288.2,0.0,,2139,1810,175,140,970,824,132,106,,
2289.2,0.0,,2141,1809,185,148,964,819,117,93,,
2290.2,0.0,,2141,1811,200,161,954,810,103,82,,
2291.2,0.0,,2140,1811,207,167,945,804,97,77,,
2292.2,0.0,,2141,1812,194,155,943,802,98,79,,
2293.2,0.0,,2142,1814,189,151,944,802,108,87,,
2294.2,0.0,,2141,1814,176,140,949,807,124,101,,
2295.2,0.0,,2141,1813,170,136,955,811,136,112,,
2296.2,0.0,,2139,1811,177,142,962,817,146,119,,
2297.2,0.0,,2139,1809,176,141,968,823,139,112,,
2298.2,0.0,,2140,1811,180,145,968,822,128,103,,
2299.2,0.0,,2141,1811,194,156,958,814,110,87,,
2300.2,0.0,,2140,1810,198,159,948,805,100,80,,
2301.2,0.0,,2143,1813,200,161,943,802,99,80,,
2302.2,0.0,,2143,1814,202,161,942,801,102,83,,
2303.2,0.0,,2142,1813,186,149,945,804,105,85,,
2304.2,0.0,,2144,1813,183,146,950,807,128,105,,
2305.2,0.0,,2142,1811,178,143,955,812,139,114,,
2306.2,0.0,,2142,1811,175,141,959,815,145,117,,
2307.2,0.0,,2139,1811,177,142,964,820,139,112,,
2308.2,0.0,,2140,1811,191,155,963,819,126,101,,
2309.2,0.0,,2141,1811,190,154,957,813,112,89,,
2310.2,0.0,,2141,1811,198,159,951,808,101,81,,
2311.2,0.0,,2142,1813,205,166,941,801,94,75,,
2312.2,0.0,,2144,1814,202,162,941,800,100,81,,
2313.2,0.0,,2144,1813,195,156,940,800,104,84,,
2314.2,0.0,,2143,1814,176,140,944,804,119,96,,
2315.2,0.0,,2141,1812,179,143,952,810,136,112,,
2316.2,0.0,,2141,1812,171,137,957,813,144,117,,
2317.2,0.0,,2139,1812,176,141,962,817,140,113,,
2318.2,0.0,,2142,1814,179,145,960,816,126,101,,
2319.2,0.0,,2143,1814,192,155,953,811,110,88,,
2320.2,0.0,,2141,1813,197,158,946,804,104,83,,
2321.2,0.0,,2141,1813,195,157,937,797,105,84,,
2322.2,0.0,,2143,1814,192,154,940,800,105,85,,
2323.2,0.0,,2144,1813,187,150,943,801,113,92,,
2324.2,0.0,,2142,1813,176,141,942,801,120,98,,
2325.2,0.0,,2143,1814,176,140,949,807,130,106,,
2326.2,0.0,,2142,1812,173,139,955,811,136,110,,
2327.2,0.0,,2142,1813,182,146,957,813,135,109,,
2328.2,0.0,,2142,1813,179,144,955,812,127,102,,
2329.2,0.0,,2141,1810,192,155,951,808,116,93,,
2330.2,0.0,,2142,1813,199,160,946,804,107,85,,
2331.2,0.0,,2145,1814,196,158,942,800,105,84,,
2332.2,0.0,,2143,1814,192,153,941,800,106,86,,
2333.2,0.0,,2143,1814,190,153,940,799,110,89,,
2334.2,0.0,,2143,1813,186,149,947,806,121,98,,
2335.2,0.0,,2143,1813,176,140,950,807,129,104,,
2336.2,0.0,,2142,1814,180,144,954,811,135,110,,
2337.2,0.0,,2142,1814,177,142,959,815,131,105,,
2338.2,0.0,,2142,1813,181,145,958,814,120,96,,
2339.2,0.0,,2142,1814,190,153,954,810,112,90,,
2340.2,0.0,,2140,1814,201,162,946,804,105,84,,
2341.2,0.0,,2144,1814,203,163,942,801,105,85,,
2342.2,0.0,,2145,1813,199,160,941,800,108,87,,
2343.2,0.0,,2144,1815,184,148,946,804,117,95,,
2344.2,0.0,,2143,1815,182,146,950,807,128,104,,
2345.2,0.0,,2143,1814,176,141,951,809,137,111,,
2346.2,0.0,,2142,1814,180,145,960,816,139,111,,
2347.2,0.0,,2143,1812,185,149,962,818,129,104,,
2348.2,0.0,,2141,1812,193,156,957,814,114,92,,
2349.2,0.0,,2141,1814,197,158,947,805,102,81,,
2350.2,0.0,,2144,1813,202,162,943,802,104,83,,
2351.2,0.0,,2144,1813,202,163,931,792,105,85,,
2352.2,0.0,,2144,1816,191,153,939,799,108,87,,
2353.2,0.0,,2146,1817,192,154,943,803,114,94,,
2354.2,0.0,,2145,1815,188,151,946,804,123,101,,
2355.2,0.0,,2145,1814,184,148,947,805,131,107,,
2356.2,0.0,,2144,1814,183,147,947,805,137,112,,
2357.2,0.0,,2143,1814,176,141,955,812,134,108,,
2358.2,0.0,,2143,1814,183,147,956,812,129,104,,
2359.2,0.0,,2143,1813,181,145,954,810,118,94,,
2360.2,0.0,,2143,1814,193,156,946,804,111,89,,
2361.2,0.0,,2143,1813,206,167,939,798,103,81,,
2362.2,0.0,,2144,1815,202,162,939,798,104,84,,
2363.2,0.0,,2144,1815,204,164,934,794,99,79,,
2364.2,0.0,,2145,1816,186,148,936,796,106,85,,
2365.2,0.0,,2144,1816,178,143,937,797,131,108,,
2366.2,0.0,,2143,1815,173,139,939,800,143,118,,
2367.2,0.0,,2144,1816,177,141,948,805,146,118,,
2368.2,0.0,,2144,1814,176,143,951,809,137,111,,
2369.2,0.0,,2141,1814,183,148,949,807,125,100,,
2370.2,0.0,,2142,1813,189,153,940,799,111,88,,
2371.2,0.0,,2142,1814,201,163,932,792,97,77,,
2372.2,0.0,,2144,1815,201,161,922,785,95,76,,
2373.2,0.0,,2145,1815,197,159,921,783,102,83,,
2374.2,0.0,,2145,1817,186,148,922,786,109,89,,
2375.2,0.0,,2143,1817,173,138,927,789,120,98,,
2376.2,0.0,,2143,1815,179,144,934,795,138,113,,
2377.2,0.0,,2143,1813,168,134,936,796,144,117,,
2378.2,0.0,,2142,1815,174,139,939,798,140,113,,
2379.2,0.0,,2143,1813,183,147,940,799,130,104,,
2380.2,0.0,,2143,1814,187,152,932,792,120,96,,
2381.2,0.0,,2144,1813,193,157,928,789,104,82,,
2382.2,0.0,,2144,1815,203,164,917,780,100,80,,
2383.2,0.0,,2144,1816,197,158,909,773,98,79,,
2384.2,0.0,,2145,1816,203,162,906,772,98,78,,
2385.2,0.0,,2146,1815,191,153,906,772,103,83,,
2386.2,0.0,,2145,1815,182,146,908,772,121,99,,
2387.2,0.0,,2145,1814,181,144,909,775,130,106,,
2388.2,0.0,,2147,1816,177,141,913,777,138,113,,
2389.2,0.0,,2143,1813,174,139,916,779,143,116,,
2390.2,0.0,,2143,1815,171,137,921,783,140,113,,
2391.2,0.0,,2144,1815,184,149,916,780,132,106,,
2392.2,0.0,,2143,1812,182,147,915,778,119,95,,
2393.2,0.0,,2144,1816,196,159,912,776,107,84,,
2394.2,0.0,,2143,1814,203,164,906,771,99,79,,
2395.2,0.0,,2145,1816,206,166,894,761,96,76,,
2396.2,0.0,,2145,1815,204,163,897,763,98,79,,
2397.2,0.0,,2145,1816,196,157,893,761,103,84,,
2398.2,0.0,,2145,1818,187,149,891,760,112,91,,
2399.2,0.0,,2146,1816,173,138,903,768,129,106,,
2400.2,0.0,,2144,1815,167,133,909,774,138,113,,
2401.2,0.0,,2144,1816,169,136,912,776,144,116,,
2402.2,0.0,,2145,1814,167,133,906,771,137,110,,
2403.2,0.0,,2144,1816,178,143,914,777,126,100,,
2404.2,0.0,,2143,1814,183,148,911,775,115,92,,
2405.2,0.0,,2144,1815,195,158,898,764,104,83,,
2406.2,0.0,,2145,1816,205,166,895,762,97,77,,
2407.2,0.0,,2145,1815,202,162,889,757,93,74,,
2408.2,0.0,,2147,1817,194,155,891,759,100,80,,
2409.2,0.0,,2147,1817,180,145,894,762,111,90,,
2410.2,0.0,,2146,1818,182,146,899,766,119,98,,
2411.2,0.0,,2145,1816,172,138,908,774,138,113,,
2412.2,0.0,,2145,1814,176,140,913,777,145,117,,
2413.2,0.0,,2145,1814,178,142,922,784,141,114,,
2414.2,0.0,,2144,1815,182,146,922,784,134,108,,
2415.2,0.0,,2145,1814,184,149,914,778,124,100,,
2416.2,0.0,,2145,1817,191,155,908,772,108,85,,
2417.2,0.0,,2145,1816,200,161,896,763,102,81,,
2418.2,0.0,,2146,1816,206,167,892,759,99,80,,
2419.2,0.0,,2148,1816,207,166,887,755,97,78,,
2420.2,0.0,,2146,1818,197,157,883,752,97,78,,
2421.2,0.0,,2146,1818,200,160,888,755,105,85,,
2422.2,0.0,,2148,1818,187,149,889,757,105,85,,
2423.2,0.0,,2148,1817,182,145,891,759,125,103,,
2424.2,0.0,,2147,1817,179,143,892,760,129,106,,
2425.2,0.0,,2145,1816,180,144,901,766,136,112,,
2426.2,0.0,,2144,1816,170,136,903,769,142,116,,
2427.2,0.0,,2144,1816,170,136,906,772,144,117,,
2428.2,0.0,,2146,1816,180,145,909,774,141,114,,
2429.2,0.0,,2146,1816,183,147,911,775,133,107,,
2430.2,0.0,,2144,1814,189,153,910,774,123,99,,
2431.2,0.0,,2145,1815,198,160,906,771,115,91,,
2432.2,0.0,,2146,1816,201,162,898,764,110,87,,
2433.2,0.0,,2146,1817,197,159,895,762,102,82,,
2434.2,0.0,,2148,1817,208,167,891,758,97,77,,
2435.2,0.0,,2146,1817,205,165,892,759,99,80,,
2436.2,0.0,,2148,1817,194,156,888,755,102,83,,
2437.2,0.0,,2149,1819,194,156,890,758,101,82,,
2438.2,0.0,,2147,1818,187,150,892,760,114,92,,
2439.2,0.0,,2148,1818,182,145,897,764,124,102,,
2440.2,0.0,,2147,1818,178,142,900,766,133,109,,
2441.2,0.0,,2146,1816,176,140,901,767,142,116,,
2442.2,0.0,,2147,1817,170,136,906,771,143,116,,
2443.2,0.0,,2146,1816,170,135,906,771,144,117,,
2444.2,0.0,,2145,1817,173,138,904,769,140,114,,
2445.2,0.0,,2146,1817,186,150,903,768,129,104,,
2446.2,0.0,,2147,1815,190,154,904,769,121,96,,
2447.2,0.0,,2147,1817,186,150,896,762,112,89,,
2448.2,0.0,,2146,1817,193,156,891,759,104,83,,
2449.2,0.0,,2147,1818,203,163,886,753,98,80,,
2450.2,0.0,,2147,1818,208,167,881,751,97,77,,
2451.2,0.0,,2148,1818,195,157,884,752,101,80,,
2452.2,0.0,,2148,1818,197,158,884,752,105,84,,
2453.2,0.0,,2148,1818,200,160,885,753,106,86,,
2454.2,0.0,,2149,1819,193,155,884,752,109,88,,
2455.2,0.0,,2148,1818,191,153,879,748,113,92,,
2456.2,0.0,,2148,1818,185,148,883,752,117,95,,
2457.2,0.0,,2148,1818,182,146,884,752,124,101,,
2458.2,0.0,,2148,1816,177,142,888,756,128,105,,
2459.2,0.0,,2148,1817,174,139,890,758,132,107,,
2460.2,0.0,,2147,1819,180,144,891,759,133,108,,
2461.2,0.0,,2147,1816,175,141,887,755,134,109,,
2462.2,0.0,,2147,1817,173,138,884,752,133,108,,
2463.2,0.0,,2146,1816,174,139,887,755,136,109,,
2464.2,0.0,,2147,1817,174,140,889,757,131,105,,
2465.2,0.0,,2147,1817,178,143,888,756,128,103,,
2466.2,0.0,,2147,1817,180,146,885,754,125,101,,
2467.2,0.0,,2146,1818,188,151,884,753,119,96,,
2468.2,0.0,,2148,1817,188,153,889,758,114,91,,
2469.2,0.0,,2146,1818,190,154,882,751,108,86,,
2470.2,0.0,,2148,1818,199,161,883,752,105,83,,
2471.2,0.0,,2148,1818,204,165,876,745,103,82,,
2472.2,0.0,,2144,1816,197,159,873,744,99,78,,
2473.2,0.0,,2147,1817,201,162,874,743,99,79,,
2474.2,0.0,,2147,1817,203,163,868,739,97,77,,
2475.2,0.0,,2149,1816,200,160,871,742,98,79,,
2476.2,0.0,,2147,1818,205,165,871,742,97,78,,
2477.2,0.0,,2150,1818,203,162,872,743,98,79,,
2478.2,0.0,,2149,1818,191,154,865,737,96,77,,
2479.2,0.0,,2148,1819,198,158,867,738,109,88,,
2480.2,0.0,,2149,1819,196,156,869,740,108,87,,
2481.2,0.0,,2148,1819,183,146,875,746,116,94,,
2482.2,0.0,,2150,1818,179,143,874,744,117,95,,
2483.2,0.0,,2150,1819,185,148,875,745,123,101,,
2484.2,0.0,,2149,1819,181,144,876,746,128,104,,
# Ve OFF, ставимо v2.0-B на GPIO3 + накриваємо відро, 19:05:24
# Ve ON, v2.0-A GPIO2 + v2.0-B GPIO3, відро накрите, 19:10:42
# Ve ON
2811.2,0.0,,1944,1647,2501,2112,1196,1014,122,99,,
2812.2,0.0,,1945,1645,2498,2109,1201,1019,113,92,,
2813.2,0.0,,1943,1645,2521,2125,1211,1026,113,92,,
2814.2,0.0,,1942,1646,2526,2134,1214,1028,117,96,,
2815.2,0.0,,1943,1648,2533,2131,1221,1035,112,90,,
2816.2,0.0,,1943,1644,2537,2137,1225,1038,114,92,,
2817.2,0.0,,1942,1646,2538,2141,1227,1038,113,92,,
2818.2,0.0,,1944,1646,2542,2142,1229,1041,106,86,,
2819.2,0.0,,1942,1645,2552,2149,1230,1042,104,84,,
2820.2,0.0,,1942,1645,2554,2155,1231,1043,103,83,,
2821.2,0.0,,1942,1646,2563,2167,1230,1042,108,87,,
2822.2,0.0,,1942,1646,2587,2182,1232,1043,107,86,,
2823.2,0.0,,1942,1644,2609,2201,1237,1048,102,82,,
2824.2,0.0,,1944,1645,2635,2220,1240,1050,101,81,,
2825.2,0.0,,1943,1645,2658,2240,1239,1049,102,82,,
2826.2,0.0,,1943,1646,2675,2254,1232,1044,105,84,,
2827.2,0.0,,1942,1645,2691,2267,1228,1040,107,86,,
2828.2,0.0,,1943,1645,2706,2279,1229,1041,102,81,,
2829.2,0.0,,1943,1645,2724,2286,1229,1041,103,82,,
2830.2,0.0,,1944,1646,2734,2301,1226,1038,106,83,,
2831.2,0.0,,1945,1646,2745,2304,1223,1036,109,88,,
2832.2,0.0,,1943,1646,2751,2314,1210,1025,111,88,,
2833.2,0.0,,1943,1646,2754,2315,1204,1020,106,84,,
2834.2,0.0,,1943,1645,2761,2319,1197,1013,107,85,,
2835.2,0.0,,1942,1646,2771,2327,1166,988,109,86,,
2836.2,0.0,,1941,1645,2778,2333,1156,980,116,93,,
2837.2,0.0,,1941,1645,2785,2339,1192,1009,115,92,,
2838.2,0.0,,1943,1645,2789,2347,1181,1000,111,88,,
2839.2,0.0,,1943,1645,2800,2352,1178,998,112,89,,
2840.2,0.0,,1942,1646,2802,2354,1154,979,114,91,,
2841.2,0.0,,1943,1645,2805,2358,1141,968,119,95,,
2842.2,0.0,,1941,1646,2811,2362,1122,952,120,96,,
2843.2,0.0,,1943,1645,2813,2360,1106,939,116,92,,
2844.2,0.0,,1941,1645,2821,2365,1102,936,117,94,,
2845.2,0.0,,1944,1646,2824,2370,1105,938,119,95,,
2846.2,0.0,,1944,1646,2827,2372,1113,945,125,100,,
2847.2,0.0,,1942,1647,2824,2370,1120,951,128,102,,
2848.2,0.0,,1943,1646,2831,2374,1129,958,125,100,,
2849.2,0.0,,1945,1646,2824,2371,1138,966,129,103,,
2850.2,0.0,,1943,1646,2835,2378,1143,969,128,102,,
2851.2,0.0,,1942,1646,2837,2378,1147,973,136,109,,
2852.2,0.0,,1942,1646,2843,2382,1152,978,139,112,,
2853.2,0.0,,1944,1646,2849,2389,1145,972,139,112,,
2854.2,0.0,,1941,1645,2854,2392,1149,975,135,109,,
2855.2,0.0,,1944,1646,2857,2402,1147,973,136,110,,
2856.2,0.0,,1944,1648,2863,2397,1147,973,143,116,,
2857.2,0.0,,1944,1646,2869,2405,1148,973,139,114,,
2858.2,0.0,,1943,1646,2880,2409,1155,979,133,107,,
2859.2,0.0,,1943,1647,2876,2415,1148,974,133,108,,
2860.2,0.0,,1944,1646,2883,2414,1147,973,130,105,,
2861.2,0.0,,1944,1647,2887,2421,1143,969,137,111,,
2862.2,0.0,,1943,1648,2893,2424,1140,968,135,110,,
2863.2,0.0,,1944,1649,2902,2427,1142,969,126,102,,
2864.2,0.0,,1944,1647,2900,2426,1140,967,128,104,,
2865.2,0.0,,1945,1648,2910,2437,1140,967,125,102,,
2866.2,0.0,,1944,1649,2908,2440,1141,968,132,108,,
2867.2,0.0,,1945,1648,2923,2446,1141,968,130,107,,
2868.2,0.0,,1945,1648,2922,2449,1143,969,123,101,,
2869.2,0.0,,1944,1648,2929,2452,1146,972,121,98,,
2870.2,0.0,,1945,1648,2932,2457,1144,970,120,97,,
2871.2,0.0,,1945,1647,2941,2462,1142,968,122,99,,
2872.2,0.0,,1944,1647,2947,2466,1141,967,121,99,,
2873.2,0.0,,1943,1647,2953,2471,1146,972,115,93,,
2874.2,0.0,,1946,1649,2962,2474,1140,967,117,96,,
2875.2,0.0,,1946,1648,2971,2486,1140,967,109,88,,
2876.2,0.0,,1946,1649,2976,2485,1137,965,116,95,,
2877.2,0.0,,1946,1649,2982,2492,1137,965,114,93,,
2878.2,0.0,,1946,1648,2987,2495,1134,962,104,84,,
2879.2,0.0,,1946,1649,2991,2497,1135,963,102,82,,
2880.2,0.0,,1944,1647,2996,2502,1140,967,101,82,,
2881.2,0.0,,1944,1649,3003,2508,1136,963,105,84,,
2882.2,0.0,,1945,1648,3003,2510,1136,964,104,84,,
2883.2,0.0,,1944,1646,3009,2515,1137,965,99,79,,
2884.2,0.0,,1945,1647,3018,2521,1138,966,101,80,,
2885.2,0.0,,1945,1647,3020,2519,1141,968,99,78,,
2886.2,0.0,,1945,1650,3031,2528,1136,964,105,84,,
2887.2,0.0,,1943,1648,3034,2532,1137,964,105,83,,
2888.2,0.0,,1945,1647,3046,2541,1141,968,100,80,,
2889.2,0.0,,1944,1648,3048,2547,1143,969,103,82,,
2890.2,0.0,,1945,1649,3059,2551,1140,967,105,83,,
2891.2,0.0,,1945,1648,3057,2554,1141,968,112,89,,
2892.2,0.0,,1946,1647,3071,2559,1141,968,114,91,,
2893.2,0.0,,1943,1647,3068,2558,1141,969,112,89,,
2894.2,0.0,,1944,1648,3073,2565,1143,970,115,92,,
2895.2,0.0,,1946,1647,3071,2562,1141,967,113,90,,
2896.2,0.0,,1944,1649,3083,2567,1142,969,121,98,,
2897.2,0.0,,1945,1646,3081,2569,1142,969,124,99,,
2898.2,0.0,,1945,1647,3087,2568,1142,969,124,99,,
2899.2,0.0,,1944,1648,3086,2575,1142,969,123,98,,
2900.2,0.0,,1944,1648,3087,2574,1139,966,125,100,,
2901.2,0.0,,1942,1647,3090,2575,1139,966,135,109,,
2956.2,0.0,,1946,1650,3261,2698,1165,988,113,91,,
2957.2,0.0,,1945,1649,3268,2700,1166,988,109,87,,
2958.2,0.0,,1946,1649,3270,2702,1162,985,106,85,,
2959.2,0.0,,1948,1649,3268,2702,1161,983,103,82,,
2960.2,0.0,,1946,1649,3272,2704,1161,984,99,79,,
2961.2,0.0,,1946,1650,3272,2705,1159,983,106,86,,
2962.2,0.0,,1946,1649,3271,2706,1161,984,104,84,,
2963.2,0.0,,1946,1649,3279,2712,1158,982,100,79,,
2964.2,0.0,,1946,1649,3275,2709,1146,972,100,79,,
2965.2,0.0,,1946,1649,3275,2703,1151,976,100,80,,
2966.2,0.0,,1946,1649,3278,2707,1159,983,107,86,,
2967.2,0.0,,1947,1649,3276,2709,1157,982,107,85,,
2968.2,0.0,,1947,1649,3277,2708,1164,985,105,83,,
2969.2,0.0,,1946,1650,3266,2705,1162,985,106,83,,
2970.2,0.0,,1945,1649,3271,2703,1165,987,110,86,,
2971.2,0.0,,1947,1650,3273,2699,1170,992,115,92,,
2972.2,0.0,,1946,1648,3271,2707,1166,988,118,95,,
2973.2,0.0,,1946,1649,3270,2705,1166,988,114,91,,
2974.2,0.0,,1945,1649,3278,2706,1166,988,117,93,,
2975.2,0.0,,1947,1648,3277,2710,1166,988,119,95,,
2976.2,0.0,,1945,1647,3283,2710,1165,988,126,100,,
2977.2,0.0,,1944,1648,3287,2712,1169,992,128,103,,
2978.2,0.0,,1944,1646,3422,2808,1196,1013,125,99,,
2979.2,0.0,,1944,1648,3286,2713,1157,982,125,100,,
2980.2,0.0,,1944,1647,3280,2710,1157,981,126,100,,
2981.2,0.0,,1946,1649,3283,2708,1157,981,133,107,,
2982.2,0.0,,1943,1649,3285,2709,1158,982,132,107,,
2983.2,0.0,,1946,1648,3280,2712,1155,979,130,105,,
2984.2,0.0,,1944,1648,3284,2712,1150,975,130,105,,
2985.2,0.0,,1946,1647,3282,2712,1152,977,131,105,,
2986.2,0.0,,1944,1647,3281,2711,1152,976,138,111,,
2987.2,0.0,,1947,1647,3278,2712,1150,975,138,111,,
2988.2,0.0,,1946,1649,3284,2709,1148,974,135,109,,
2989.2,0.0,,1946,1649,3286,2711,1146,972,136,109,,
2990.2,0.0,,1945,1649,3285,2715,1144,970,134,109,,
2991.2,0.0,,1945,1648,3282,2711,1139,966,140,114,,
2992.2,0.0,,1946,1649,3285,2712,1141,967,138,113,,
2993.2,0.0,,1948,1650,3280,2712,1141,968,131,106,,
2994.2,0.0,,1947,1650,3284,2716,1138,966,130,105,,
2995.2,0.0,,1945,1650,3282,2716,1143,969,130,105,,
2996.2,0.0,,1945,1649,3285,2712,1138,965,134,109,,
2997.2,0.0,,1946,1648,3286,2714,1135,963,127,104,,
2998.2,0.0,,1947,1648,3288,2716,1129,957,120,97,,
2999.2,0.0,,1946,1650,3291,2715,1128,957,116,94,,
3000.2,0.0,,1946,1650,3289,2717,1123,953,116,94,,
3001.2,0.0,,1948,1648,3288,2713,1122,952,118,96,,
3002.2,0.0,,1946,1648,3282,2708,1118,949,115,93,,
3003.2,0.0,,1946,1649,3282,2711,1113,945,105,85,,
3004.2,0.0,,1924,1630,3815,3032,1213,1026,108,87,,
3005.2,0.0,,1919,1626,3972,3104,1154,977,107,87,,
3006.2,0.0,,1951,1653,3299,2726,1032,877,108,88,,
3007.2,0.0,,1951,1655,3303,2724,1008,857,108,87,,
3008.2,0.0,,1953,1653,3304,2725,1020,867,101,81,,
3009.2,0.0,,1950,1654,3307,2724,1012,860,100,81,,
3010.2,0.0,,1953,1654,3309,2731,999,850,99,79,,
3011.2,0.0,,1952,1655,3310,2728,986,838,105,85,,
3012.2,0.0,,1952,1654,3312,2732,972,827,105,84,,
3013.2,0.0,,1953,1655,3310,2730,957,814,97,77,,
3014.2,0.0,,1954,1652,3309,2730,952,810,99,79,,
3015.2,0.0,,1952,1653,3316,2733,948,807,98,78,,
3016.2,0.0,,1951,1652,3317,2734,952,811,103,83,,
3017.2,0.0,,1952,1654,3315,2733,952,809,106,85,,
3018.2,0.0,,1951,1654,3317,2738,962,818,101,80,,
3019.2,0.0,,1950,1653,3314,2736,950,807,98,78,,
3020.2,0.0,,1953,1653,3315,2734,945,803,103,81,,
3021.2,0.0,,1951,1654,3320,2733,942,802,105,84,,
3022.2,0.0,,1950,1652,3331,2749,971,825,107,85,,
3023.2,0.0,,1901,1611,4051,3143,986,838,105,83,,
3024.2,0.0,,1909,1616,4042,3134,985,838,107,85,,
3025.2,0.0,,1932,1639,3329,2745,960,816,109,87,,
3026.2,0.0,,1823,1546,4001,3120,928,789,117,94,,
3027.2,0.0,,1877,1590,3342,2754,914,778,120,95,,
3028.2,0.0,,1881,1594,3311,2733,919,783,117,94,,
3029.2,0.0,,1880,1593,3307,2728,919,782,125,100,,
3030.2,0.0,,1881,1595,3308,2731,928,790,126,100,,
3031.2,0.0,,1883,1596,3307,2728,917,780,134,108,,
3032.2,0.0,,1882,1596,3308,2725,923,786,134,108,,
3033.2,0.0,,1883,1596,3303,2731,932,793,137,111,,
3034.2,0.0,,1883,1596,3310,2730,932,793,133,108,,
3035.2,0.0,,1884,1598,3309,2729,930,791,131,106,,
3036.2,0.0,,1884,1596,3302,2728,917,781,136,111,,
3037.2,0.0,,1887,1598,3311,2731,897,763,135,110,,
3038.2,0.0,,1887,1597,3306,2727,914,778,127,103,,
3039.2,0.0,,1888,1600,3306,2729,918,782,126,102,,
3040.2,0.0,,1887,1599,3306,2731,913,777,124,101,,
3041.2,0.0,,1886,1599,3310,2731,909,774,127,104,,
3042.2,0.0,,1888,1601,3316,2730,905,771,122,99,,
3043.2,0.0,,1887,1599,3310,2730,912,777,128,107,,
3044.2,0.0,,1890,1600,3312,2730,889,758,153,129,,
3045.2,0.0,,1889,1599,3317,2735,894,763,136,116,,
3046.2,0.0,,1888,1600,3317,2734,885,756,138,118,,
3047.2,0.0,,1889,1602,3322,2738,882,753,132,114,,
3048.2,0.0,,1890,1603,3316,2734,881,751,112,95,,
3049.2,0.0,,1889,1601,3321,2741,887,756,95,78,,
3050.2,0.0,,1887,1600,3315,2731,914,778,102,82,,
3051.2,0.0,,1888,1599,3300,2723,924,786,106,85,,
3052.2,0.0,,1889,1601,3313,2735,911,776,104,84,,
3053.2,0.0,,1889,1600,3320,2736,916,779,98,79,,
3054.2,0.0,,1889,1602,3322,2737,924,787,99,79,,
3055.2,0.0,,1888,1600,3318,2730,910,776,97,78,,
3056.2,0.0,,1889,1601,3316,2738,899,765,103,83,,
3057.2,0.0,,1888,1600,3320,2737,903,769,103,83,,
3058.2,0.0,,1891,1602,3318,2739,912,776,98,78,,
3059.2,0.0,,1890,1601,3332,2743,912,776,95,76,,
3060.2,0.0,,1888,1602,3346,2755,908,772,93,74,,
3061.2,0.0,,1887,1602,3344,2751,913,778,101,80,,
3062.2,0.0,,1887,1602,3325,2745,907,772,102,81,,
3063.2,0.0,,1890,1602,3334,2746,912,776,100,79,,
3064.2,0.0,,1889,1601,3333,2745,900,766,101,80,,
3065.2,0.0,,1888,1600,3297,2719,905,771,104,82,,
3066.2,0.0,,1889,1601,3245,2688,914,779,111,89,,
3067.2,0.0,,1886,1602,3306,2726,918,782,112,89,,
3068.2,0.0,,1889,1600,3311,2728,921,784,109,87,,
3069.2,0.0,,1889,1601,3307,2726,917,780,114,91,,
3070.2,0.0,,1888,1600,3307,2725,902,768,115,91,,
3071.2,0.0,,1889,1601,3299,2726,905,771,124,99,,
3072.2,0.0,,1890,1603,3310,2729,900,767,126,100,,
3073.2,0.0,,1890,1602,3308,2730,900,766,127,101,,
3074.2,0.0,,1888,1601,3305,2727,917,780,131,105,,
3075.2,0.0,,1887,1600,3310,2730,916,779,128,102,,
3076.2,0.0,,1888,1600,3309,2732,904,770,135,108,,
3077.2,0.0,,1888,1599,3309,2729,916,780,135,108,,
3078.2,0.0,,1889,1601,3308,2730,909,774,130,104,,
3079.2,0.0,,1889,1601,3306,2730,912,777,132,105,,
3080.2,0.0,,1889,1602,3308,2730,910,774,131,105,,
3081.2,0.0,,1889,1602,3302,2726,914,777,135,108,,
3082.2,0.0,,1888,1601,3302,2726,912,776,135,108,,
3083.2,0.0,,1889,1600,3303,2726,908,772,128,103,,
3084.2,0.0,,1889,1601,3310,2729,905,771,128,103,,
3085.2,0.0,,1890,1601,3302,2729,899,766,130,104,,
3086.2,0.0,,1889,1600,3302,2731,914,778,132,106,,
3087.2,0.0,,1889,1601,3298,2728,902,769,131,106,,
3088.2,0.0,,1887,1600,3299,2728,905,770,126,101,,
3089.2,0.0,,1891,1602,3305,2731,899,765,128,102,,
3090.2,0.0,,1889,1601,3307,2721,914,778,128,101,,
3091.2,0.0,,1889,1603,3318,2736,902,768,128,103,,
3092.2,0.0,,1889,1601,3318,2737,896,763,127,101,,
3093.2,0.0,,1889,1601,3321,2737,913,776,119,94,,
3094.2,0.0,,1890,1602,3316,2738,902,767,117,93,,
3095.2,0.0,,1889,1600,3320,2739,899,765,115,91,,
3096.2,0.0,,1890,1601,3325,2737,896,762,116,93,,
3097.2,0.0,,1890,1601,3325,2739,906,771,114,91,,
3098.2,0.0,,1890,1602,3326,2738,907,772,108,85,,
3099.2,0.0,,1891,1601,3325,2738,898,764,106,85,,
3100.2,0.0,,1891,1603,3328,2742,900,766,102,81,,
3101.2,0.0,,1891,1603,3322,2736,900,765,106,85,,
3102.2,0.0,,1889,1602,3327,2743,891,759,105,83,,
3103.2,0.0,,1892,1602,3327,2743,889,756,97,78,,
3104.2,0.0,,1891,1601,3331,2745,891,759,97,77,,
3105.2,0.0,,1891,1603,3329,2743,892,759,96,76,,
3106.2,0.0,,1891,1602,3328,2742,898,764,102,81,,
3107.2,0.0,,1891,1602,3335,2747,880,750,103,82,,
3108.2,0.0,,1891,1603,3334,2744,882,751,99,78,,
3109.2,0.0,,1891,1602,3339,2743,890,758,98,77,,
3110.2,0.0,,1892,1605,3330,2746,880,750,95,76,,
3111.2,0.0,,1892,1604,3332,2746,886,755,100,80,,
3112.2,0.0,,1891,1604,3332,2746,885,753,100,81,,
3113.2,0.0,,1891,1604,3331,2744,882,751,95,75,,
3114.2,0.0,,1891,1603,3331,2745,895,762,96,77,,
3115.2,0.0,,1892,1603,3326,2744,889,756,95,77,,
3116.2,0.0,,1891,1602,3332,2742,892,760,102,82,,
3117.2,0.0,,1892,1604,3329,2746,884,752,100,82,,
3118.2,0.0,,1892,1603,3332,2745,892,759,98,79,,
3119.2,0.0,,1892,1604,3331,2743,889,756,102,82,,
3120.2,0.0,,1891,1603,3329,2741,884,753,104,84,,
3121.2,0.0,,1893,1603,3326,2742,884,752,110,90,,
3122.2,0.0,,1892,1603,3328,2744,891,759,112,91,,
3123.2,0.0,,1890,1603,3329,2738,892,759,108,88,,
3124.2,0.0,,1893,1604,3324,2742,904,769,113,92,,
3125.2,0.0,,1893,1605,3319,2739,898,765,118,95,,
3126.2,0.0,,1891,1604,3321,2730,897,765,127,105,,
3127.2,0.0,,1890,1604,3319,2737,902,768,133,108,,
3128.2,0.0,,1893,1604,3321,2737,897,764,131,106,,
3129.2,0.0,,1892,1602,3317,2740,898,765,135,110,,
3130.2,0.0,,1892,1603,3319,2737,905,771,134,109,,
3131.2,0.0,,1893,1604,3321,2739,913,777,141,115,,
3132.2,0.0,,1892,1605,3321,2739,905,770,141,114,,
3133.2,0.0,,1891,1601,3323,2737,912,776,136,109,,
3134.2,0.0,,1890,1602,3322,2740,906,771,132,106,,
3135.2,0.0,,1891,1603,3320,2738,912,776,130,104,,
3136.2,0.0,,1893,1602,3323,2739,904,769,133,108,,
3137.2,0.0,,1890,1603,3321,2737,900,766,129,104,,
3138.2,0.0,,1892,1604,3322,2739,915,779,123,98,,
3139.2,0.0,,1892,1602,3328,2739,908,773,119,95,,
3140.2,0.0,,1892,1604,3321,2736,903,769,115,92,,
3141.2,0.0,,1891,1603,3328,2742,911,775,116,93,,
3142.2,0.0,,1892,1603,3334,2746,896,763,114,91,,
3143.2,0.0,,1891,1603,3331,2744,914,777,107,84,,
3144.2,0.0,,1891,1604,3337,2745,902,767,107,85,,
3145.2,0.0,,1892,1604,3329,2745,898,764,108,85,,
3146.2,0.0,,1892,1603,3336,2747,907,771,107,85,,
3147.2,0.0,,1892,1605,3334,2748,900,766,105,84,,
3148.2,0.0,,1892,1604,3334,2747,899,765,94,75,,
3149.2,0.0,,1893,1603,3339,2748,896,763,94,75,,
3150.2,0.0,,1892,1605,3333,2749,898,764,94,74,,
3151.2,0.0,,1892,1605,3331,2746,891,759,99,80,,
3152.2,0.0,,1893,1603,3331,2749,890,758,99,80,,
3153.2,0.0,,1894,1604,3336,2747,899,765,101,82,,
3154.2,0.0,,1895,1604,3345,2749,901,767,106,86,,
3155.2,0.0,,1908,1617,3340,2749,899,766,106,86,,
3156.2,0.0,,1961,1661,3335,2748,931,792,121,99,,
3157.2,0.0,,1904,1613,3330,2748,907,772,130,106,,
3158.2,0.0,,1870,1585,3924,3083,919,782,121,98,,
3159.2,0.0,,1816,1540,3921,3086,895,762,129,105,,
3160.2,0.0,,1822,1545,3911,3085,885,754,128,103,,
3161.2,0.0,,1825,1546,3907,3078,889,757,136,111,,
3162.2,0.0,,1810,1536,3904,3077,886,755,134,108,,
3163.2,0.0,,1816,1540,3533,2877,871,742,132,107,,
3164.2,0.0,,1813,1536,3351,2761,863,735,126,102,,
3165.2,0.0,,1814,1539,3327,2743,865,737,125,99,,
3166.2,0.0,,1812,1535,3958,3099,886,754,120,96,,
3167.2,0.0,,1815,1538,3698,2974,868,739,110,87,,
3168.2,0.0,,1816,1539,3383,2784,858,731,105,84,,
3169.2,0.0,,1818,1542,3765,3010,869,740,101,80,,
3170.2,0.0,,1816,1540,3966,3104,875,744,100,79,,
3171.2,0.0,,1818,1542,4067,3146,884,752,105,84,,
3172.2,0.0,,1817,1541,3958,3101,861,733,104,83,,
3173.2,0.0,,1819,1542,3340,2754,853,727,98,78,,
3174.2,0.0,,1820,1543,3346,2755,862,734,96,76,,
3175.2,0.0,,1820,1544,3346,2754,853,728,94,75,,
3176.2,0.0,,1820,1543,3339,2751,862,734,96,78,,
3177.2,0.0,,1822,1544,3337,2747,871,742,99,81,,
3178.2,0.0,,1821,1544,3327,2747,867,738,101,82,,
3179.2,0.0,,1821,1545,3331,2744,874,745,105,85,,
3180.2,0.0,,1821,1545,3325,2743,881,751,114,92,,
3181.2,0.0,,1822,1545,3327,2742,877,746,126,103,,
3182.2,0.0,,1821,1545,3325,2741,877,746,131,108,,
3183.2,0.0,,1822,1545,3324,2737,873,744,135,110,,
3184.2,0.0,,1821,1543,3326,2741,872,743,133,108,,
3185.2,0.0,,1822,1544,3324,2745,863,735,132,107,,
3186.2,0.0,,1821,1544,3321,2743,867,738,144,117,,
3187.2,0.0,,1822,1544,3326,2740,871,741,141,114,,
3188.2,0.0,,1819,1544,3323,2742,884,753,137,110,,
3189.2,0.0,,1819,1545,3320,2741,868,740,131,105,,
3190.2,0.0,,1821,1542,3324,2741,882,751,126,100,,
3191.2,0.0,,1821,1544,3329,2741,867,739,121,97,,
3192.2,0.0,,1820,1543,3329,2746,866,738,113,91,,
3193.2,0.0,,1821,1544,3336,2740,868,739,106,84,,
3194.2,0.0,,1820,1544,3334,2748,868,739,97,77,,
3195.2,0.0,,1822,1545,3338,2744,872,743,96,76,,
3196.2,0.0,,1821,1544,3340,2750,861,733,98,78,,
3197.2,0.0,,1822,1545,3335,2751,879,749,99,80,,
3198.2,0.0,,1823,1545,3340,2747,856,730,96,77,,
3199.2,0.0,,1821,1545,3338,2748,856,730,95,77,,
3200.2,0.0,,1824,1545,3337,2744,869,740,99,80,,
3201.2,0.0,,1823,1545,3331,2748,858,731,108,88,,
3202.2,0.0,,1822,1545,3332,2748,878,748,113,93,,
3203.2,0.0,,1821,1545,3328,2745,881,750,115,93,,
3204.2,0.0,,1822,1545,3331,2744,877,747,117,95,,
3205.2,0.0,,1822,1543,3330,2747,892,759,125,101,,
3206.2,0.0,,1822,1544,3332,2744,882,751,134,109,,
3207.2,0.0,,1820,1545,3331,2744,879,748,137,112,,
3208.2,0.0,,1821,1545,3329,2743,868,739,133,108,,
3209.2,0.0,,1822,1544,3325,2744,902,769,142,115,,
3210.2,0.0,,1822,1544,3320,2739,869,741,136,110,,
3211.2,0.0,,1823,1545,3329,2744,877,746,140,114,,
3212.2,0.0,,1822,1544,3328,2745,873,744,138,111,,
3213.2,0.0,,1820,1545,3328,2742,896,763,132,105,,
3214.2,0.0,,1821,1544,3323,2743,870,741,128,103,,
3215.2,0.0,,1820,1543,3326,2742,878,748,130,104,,
3216.2,0.0,,1822,1544,3327,2740,903,768,133,107,,
3217.2,0.0,,1820,1544,3331,2747,874,745,130,104,,
3218.2,0.0,,1821,1543,3327,2743,877,747,123,98,,
3219.2,0.0,,1822,1544,3331,2743,875,745,115,91,,
3220.2,0.0,,1821,1546,3337,2746,870,741,113,90,,
3221.2,0.0,,1822,1544,3329,2743,903,768,115,92,,
3222.2,0.0,,1822,1544,3337,2746,865,737,113,91,,
3223.2,0.0,,1820,1545,3338,2745,870,740,108,85,,
3224.2,0.0,,1820,1544,3333,2747,887,754,107,85,,
3225.2,0.0,,1821,1545,3337,2751,861,733,102,80,,
3226.2,0.0,,1822,1545,3333,2745,860,732,106,84,,
3227.2,0.0,,1822,1545,3342,2746,855,729,105,84,,
3228.2,0.0,,1822,1546,3341,2749,857,730,99,79,,
3229.2,0.0,,1822,1544,3338,2750,868,740,96,76,,
3230.2,0.0,,1822,1545,3343,2751,851,726,94,74,,
3231.2,0.0,,1822,1546,3342,2754,849,723,98,78,,
3232.2,0.0,,1822,1544,3339,2755,851,726,100,80,,
3233.2,0.0,,1823,1546,3341,2752,849,724,102,82,,
3234.2,0.0,,1823,1545,3345,2754,849,723,95,76,,
3235.2,0.0,,1822,1544,3342,2752,862,734,95,77,,
3236.2,0.0,,1823,1546,3337,2750,856,730,103,84,,
3237.2,0.0,,1823,1546,3343,2746,848,724,106,86,,
3238.2,0.0,,1823,1545,3336,2748,886,755,107,87,,
3239.2,0.0,,1823,1545,3333,2744,848,724,109,88,,
3240.2,0.0,,1823,1545,3332,2745,855,729,115,94,,
3241.2,0.0,,1824,1546,3326,2742,851,726,122,100,,
3242.2,0.0,,1821,1546,3328,2742,860,733,127,104,,
3243.2,0.0,,1822,1545,3328,2741,858,732,124,101,,
3244.2,0.0,,1824,1546,3321,2742,858,731,127,103,,
3245.2,0.0,,1823,1545,3321,2744,893,760,130,106,,
3246.2,0.0,,1823,1545,3315,2734,858,731,140,115,,
3247.2,0.0,,1821,1545,3328,2739,859,732,141,114,,
3248.2,0.0,,1822,1545,3316,2728,863,735,136,110,,
3249.2,0.0,,1823,1545,3324,2740,863,735,138,111,,
3250.2,0.0,,1823,1545,3322,2742,869,740,133,107,,
3251.2,0.0,,1822,1545,3323,2737,865,737,137,110,,
3252.2,0.0,,1821,1545,3321,2739,876,746,134,108,,
3253.2,0.0,,1822,1544,3321,2742,869,741,127,102,,
3254.2,0.0,,1821,1544,3325,2740,873,744,122,97,,
3255.2,0.0,,1822,1546,3326,2745,867,739,118,94,,
3256.2,0.0,,1822,1543,3322,2742,868,739,119,95,,
3257.2,0.0,,1821,1544,3333,2743,868,739,115,92,,
3258.2,0.0,,1824,1545,3327,2743,865,736,108,85,,
3259.2,0.0,,1823,1546,3333,2749,887,756,110,87,,
3260.2,0.0,,1822,1547,3335,2744,855,728,109,86,,
3261.2,0.0,,1823,1545,3336,2748,853,727,106,84,,
3262.2,0.0,,1823,1546,3336,2748,853,726,99,79,,
3263.2,0.0,,1822,1544,3339,2748,847,722,93,74,,
3264.2,0.0,,1823,1547,3340,2747,848,723,91,72,,
3265.2,0.0,,1822,1546,3331,2746,870,741,97,77,,
3266.2,0.0,,1824,1545,3332,2742,861,734,96,77,,
3267.2,0.0,,1823,1546,3340,2744,854,728,98,79,,
3268.2,0.0,,1824,1546,3340,2747,876,746,94,76,,
3269.2,0.0,,1814,1538,4041,3135,880,748,103,83,,
3270.2,0.0,,1833,1555,3905,3077,891,759,102,82,,
3271.2,0.0,,1821,1544,3374,2777,833,710,107,87,,
3272.2,0.0,,1792,1519,4001,3116,864,735,110,89,,
3273.2,0.0,,1812,1536,3340,2751,843,719,108,87,,
3274.2,0.0,,1812,1540,3340,2750,846,722,114,92,,
3275.2,0.0,,1813,1537,3330,2741,849,725,114,92,,
3276.2,0.0,,1814,1538,3327,2737,862,734,125,102,,
3277.2,0.0,,1812,1538,3323,2739,853,727,127,103,,
3278.2,0.0,,1815,1538,3330,2742,864,736,124,100,,
3279.2,0.0,,1813,1538,3325,2741,875,744,125,101,,
3280.2,0.0,,1814,1537,3325,2740,851,726,130,105,,
3281.2,0.0,,1813,1538,3327,2743,848,723,133,108,,
3282.2,0.0,,1814,1537,3322,2744,847,723,133,108,,
3283.2,0.0,,1813,1537,3325,2741,844,720,128,103,,
3284.2,0.0,,1814,1539,3318,2737,856,730,127,102,,
3285.2,0.0,,1814,1538,3322,2739,858,731,127,102,,
3286.2,0.0,,1814,1538,3313,2737,851,725,129,104,,
3287.2,0.0,,1814,1537,3327,2739,854,728,129,103,,
3288.2,0.0,,1816,1537,3323,2739,857,731,121,96,,
3289.2,0.0,,1814,1537,3323,2739,857,731,119,95,,
3290.2,0.0,,1815,1538,3334,2745,857,731,118,94,,
3291.2,0.0,,1815,1536,3330,2745,872,743,123,99,,
3292.2,0.0,,1815,1538,3338,2748,859,732,117,94,,
3293.2,0.0,,1815,1538,3338,2746,856,728,111,88,,
3294.2,0.0,,1813,1538,3338,2751,848,723,108,86,,
3295.2,0.0,,1814,1539,3333,2752,852,727,107,85,,
3296.2,0.0,,1816,1538,3347,2759,882,750,110,88,,
3297.2,0.0,,1813,1538,3349,2759,867,738,104,82,,
3298.2,0.0,,1813,1538,3358,2764,855,728,104,83,,
3299.2,0.0,,1831,1552,3364,2765,862,733,100,80,,
3300.2,0.0,,1845,1564,3361,2768,868,739,94,74,,
3301.2,0.0,,1835,1555,3350,2758,857,731,97,78,,
3302.2,0.0,,1836,1556,3347,2758,879,748,97,77,,
3303.2,0.0,,1834,1555,3342,2752,854,727,93,73,,
3304.2,0.0,,1835,1555,3347,2756,862,734,96,76,,
3305.2,0.0,,1835,1555,3343,2753,857,731,93,73,,
3306.2,0.0,,1836,1554,3349,2760,856,729,96,77,,
3307.2,0.0,,1835,1555,3349,2757,855,728,98,78,,
3308.2,0.0,,1835,1556,3349,2753,855,729,93,74,,
3309.2,0.0,,1835,1556,3349,2757,859,732,94,74,,
3310.2,0.0,,1835,1556,3346,2755,890,758,93,74,,
3311.2,0.0,,1836,1557,3343,2754,877,746,99,81,,
3312.2,0.0,,1837,1556,3345,2757,858,731,100,81,,
3313.2,0.0,,1835,1557,3340,2753,856,729,94,75,,
3314.2,0.0,,1836,1555,3351,2758,855,729,101,81,,
3315.2,0.0,,1837,1556,3347,2756,853,728,102,83,,
3316.2,0.0,,1836,1557,3346,2755,859,732,104,84,,
3317.2,0.0,,1837,1557,3337,2753,853,727,104,84,,
3318.2,0.0,,1835,1557,3349,2756,858,731,101,82,,
3319.2,0.0,,1836,1556,3346,2754,866,737,101,82,,
3320.2,0.0,,1839,1557,3345,2752,853,727,101,81,,
3321.2,0.0,,1835,1555,3343,2753,858,732,109,89,,
3322.2,0.0,,1836,1557,3346,2754,855,728,110,89,,
3323.2,0.0,,1836,1556,3345,2752,854,728,116,95,,
3324.2,0.0,,1837,1557,3343,2754,857,731,110,90,,
3325.2,0.0,,1838,1557,3344,2748,856,729,110,89,,
3326.2,0.0,,1836,1557,3342,2752,854,728,117,96,,
3327.2,0.0,,1837,1556,3337,2752,850,724,120,98,,
3328.2,0.0,,1836,1557,3342,2750,880,750,116,93,,
3329.2,0.0,,1837,1557,3341,2753,863,735,120,98,,
3330.2,0.0,,1836,1556,3346,2760,859,732,123,101,,
3331.2,0.0,,1837,1558,3348,2754,859,732,124,101,,
3332.2,0.0,,1836,1555,3348,2755,862,734,126,103,,
3333.2,0.0,,1836,1555,3344,2753,896,763,127,103,,
3334.2,0.0,,1836,1557,3348,2754,850,725,125,101,,
3335.2,0.0,,1835,1554,3389,2785,867,739,121,99,,
3336.2,0.0,,1835,1556,3382,2784,860,733,132,108,,
3337.2,0.0,,1833,1556,3345,2757,864,735,127,104,,
3338.2,0.0,,1836,1555,3348,2752,853,728,120,98,,
3339.2,0.0,,1835,1554,3385,2785,855,729,126,102,,
3340.2,0.0,,1833,1556,3344,2754,852,726,122,100,,
3341.2,0.0,,1834,1554,3346,2756,856,729,131,108,,
3342.2,0.0,,1834,1555,3346,2756,883,752,129,106,,
3343.2,0.0,,1833,1555,3360,2767,868,739,130,107,,
3344.2,0.0,,1833,1554,3337,2752,847,722,122,100,,
3345.2,0.0,,1835,1553,3344,2755,851,725,123,100,,
3346.2,0.0,,1827,1548,3338,2754,850,725,128,105,,
3347.2,0.0,,1825,1547,3338,2752,874,745,127,104,,
3348.2,0.0,,1823,1547,3341,2750,854,727,121,98,,
3349.2,0.0,,1803,1528,3343,2753,832,710,121,98,,
3350.2,0.0,,1780,1508,3351,2758,839,715,117,95,,
3351.2,0.0,,1465,1244,3339,2750,691,593,122,99,,
3352.2,0.0,,1456,1240,3330,2749,679,582,120,99,,
3353.2,0.0,,1460,1241,3330,2749,677,580,118,96,,
3354.2,0.0,,1468,1249,3338,2748,694,595,111,90,,
3355.2,0.0,,1479,1259,3330,2747,720,616,111,90,,
3356.2,0.0,,1485,1263,3352,2756,708,607,119,97,,
3357.2,0.0,,1487,1265,3333,2748,697,597,118,96,,
3358.2,0.0,,1483,1263,3332,2749,697,597,117,94,,
3359.2,0.0,,1482,1260,3334,2747,717,614,111,91,,
3360.2,0.0,,1472,1253,3333,2746,720,617,115,93,,
3361.2,0.0,,1469,1249,3333,2749,685,587,118,96,,
3362.2,0.0,,1469,1249,3337,2747,685,587,116,94,,
3363.2,0.0,,1466,1248,3332,2743,680,583,122,99,,
3364.2,0.0,,1469,1247,3325,2744,690,591,115,93,,
3365.2,0.0,,1466,1248,3329,2743,698,599,115,93,,
3366.2,0.0,,1467,1247,3326,2739,691,592,124,101,,
3367.2,0.0,,1468,1248,3333,2745,700,599,127,104,,
3368.2,0.0,,1467,1248,3336,2748,705,603,121,99,,
3369.2,0.0,,1468,1248,3340,2747,723,618,128,104,,
3370.2,0.0,,1471,1248,3355,2755,692,592,124,101,,
3371.2,0.0,,1450,1233,3339,2750,683,586,126,104,,
3372.2,0.0,,1405,1197,3336,2748,664,569,124,102,,
3373.2,0.0,,1384,1179,3335,2746,653,560,121,99,,
3374.2,0.0,,1374,1169,3334,2745,647,555,118,96,,
3375.2,0.0,,1367,1165,3333,2746,643,552,113,92,,
3376.2,0.0,,1368,1163,3334,2744,644,553,116,95,,
3377.2,0.0,,1364,1163,3335,2749,648,555,115,93,,
3378.2,0.0,,1363,1161,3339,2742,649,557,111,90,,
3379.2,0.0,,1364,1161,3335,2749,648,557,109,89,,
3380.2,0.0,,1364,1163,3331,2743,648,556,108,88,,
3381.2,0.0,,1365,1161,3331,2747,646,554,108,87,,
3382.2,0.0,,1365,1162,3329,2743,643,552,102,82,,
3383.2,0.0,,1366,1162,3335,2741,642,551,105,85,,
3384.2,0.0,,1365,1164,3345,2750,641,550,99,80,,
3385.2,0.0,,1366,1164,3340,2752,642,551,96,77,,
3386.2,0.0,,1367,1165,3339,2749,655,562,104,84,,
3387.2,0.0,,1370,1166,3338,2752,683,586,100,82,,
3388.2,0.0,,1368,1166,3334,2748,652,560,97,79,,
3389.2,0.0,,1368,1166,3334,2754,656,562,97,78,,
# WATER +20 мл (разом 70), 19:20:20
3390.2,0.0,,1369,1167,3334,2752,650,558,102,82,,
3391.2,0.0,,1372,1169,3343,2752,671,576,97,79,,
3392.2,0.0,,1371,1169,3342,2751,687,589,102,83,,
3393.2,0.0,,1372,1170,3345,2751,668,573,98,79,,
3394.2,0.0,,1372,1170,3339,2750,655,563,95,77,,
3395.2,0.0,,1374,1170,3343,2753,669,574,96,77,,
3396.2,0.0,,1378,1173,3342,2753,680,583,99,80,,
3397.2,0.0,,1379,1172,3341,2750,650,558,100,80,,
3398.2,0.0,,1378,1174,3340,2751,656,562,97,78,,
3399.2,0.0,,1379,1176,3343,2752,663,567,101,81,,
3400.2,0.0,,1378,1174,3337,2754,643,552,99,79,,
3401.2,0.0,,1380,1174,3341,2753,654,561,97,78,,
3402.2,0.0,,1380,1174,3340,2752,652,559,97,79,,
3403.2,0.0,,1381,1174,3337,2750,664,569,91,71,,
3404.2,0.0,,1382,1176,3342,2757,668,573,91,72,,
3405.2,0.0,,1381,1176,3347,2755,668,572,92,72,,
3406.2,0.0,,1382,1177,3341,2750,638,548,92,72,,
3407.2,0.0,,1382,1178,3347,2757,655,562,91,72,,
3408.2,0.0,,1382,1177,3344,2752,669,573,98,78,,
3409.2,0.0,,1384,1178,3336,2752,658,564,91,72,,
3410.2,0.0,,1384,1179,3346,2752,660,565,90,71,,
3411.2,0.0,,1384,1179,3342,2750,656,563,96,76,,
3412.2,0.0,,1385,1180,3347,2756,670,574,98,77,,
3413.2,0.0,,1386,1179,3345,2748,655,562,99,79,,
3414.2,0.0,,1384,1179,3339,2758,657,563,93,74,,
3415.2,0.0,,1385,1180,3345,2753,665,571,91,72,,
3416.2,0.0,,1386,1181,3344,2751,672,575,102,82,,
3417.2,0.0,,1385,1181,3342,2754,671,575,100,79,,
3418.2,0.0,,1387,1180,3345,2752,656,562,98,77,,
3419.2,0.0,,1386,1180,3347,2749,656,562,106,84,,
3420.2,0.0,,1387,1181,3340,2752,659,565,103,81,,
3421.2,0.0,,1386,1182,3343,2750,659,566,108,86,,
3422.2,0.0,,1388,1181,3340,2743,658,564,114,91,,
3423.2,0.0,,1386,1181,3340,2751,653,559,107,85,,
3424.2,0.0,,1388,1182,3342,2749,663,568,111,88,,
3425.2,0.0,,1388,1183,3333,2743,668,573,117,93,,
3426.2,0.0,,1388,1182,3337,2749,663,569,121,97,,
3427.2,0.0,,1389,1182,3335,2745,677,580,123,98,,
3428.2,0.0,,1389,1184,3334,2746,698,597,126,100,,
3429.2,0.0,,1389,1184,3336,2748,674,578,122,96,,
3430.2,0.0,,1389,1184,3336,2746,670,574,125,100,,
3431.2,0.0,,1390,1184,3336,2748,666,572,133,107,,
3432.2,0.0,,1391,1185,3330,2746,676,579,130,105,,
3433.2,0.0,,1393,1186,3339,2750,674,578,128,102,,
3434.2,0.0,,1393,1187,3333,2744,669,574,123,98,,
3435.2,0.0,,1393,1185,3323,2744,670,574,127,103,,
3436.2,0.0,,1394,1187,3326,2744,670,574,127,103,,
3437.2,0.0,,1394,1187,3333,2741,674,577,132,106,,
3438.2,0.0,,1393,1187,3333,2744,673,577,128,102,,
3439.2,0.0,,1394,1187,3332,2744,677,580,125,101,,
3440.2,0.0,,1396,1188,3327,2739,673,577,130,104,,
3441.2,0.0,,1395,1189,3331,2744,661,566,133,107,,
3442.2,0.0,,1396,1189,3330,2745,659,566,130,105,,
3443.2,0.0,,1396,1188,3325,2740,662,568,127,102,,
3444.2,0.0,,1397,1189,3324,2743,661,567,126,102,,
3445.2,0.0,,1397,1190,3329,2744,661,567,124,100,,
3446.2,0.0,,1398,1189,3328,2744,666,571,129,104,,
3447.2,0.0,,1397,1189,3336,2747,662,568,133,107,,
3448.2,0.0,,1396,1190,3335,2746,669,574,133,107,,
3449.2,0.0,,1399,1189,3335,2748,670,574,136,109,,
3450.2,0.0,,1399,1190,3337,2744,670,574,138,111,,
3451.2,0.0,,1400,1191,3330,2748,669,573,138,112,,
3452.2,0.0,,1399,1192,3335,2746,667,571,138,111,,
3453.2,0.0,,1400,1193,3330,2747,667,572,132,106,,
3454.2,0.0,,1398,1192,3326,2745,671,575,134,108,,
3455.2,0.0,,1403,1194,3335,2745,665,570,137,111,,
3456.2,0.0,,1403,1193,3338,2748,669,575,139,112,,
3457.2,0.0,,1403,1193,3330,2749,669,574,138,112,,
3458.2,0.0,,1404,1194,3337,2749,667,572,137,111,,
3459.2,0.0,,1403,1194,3336,2751,669,574,131,106,,
3460.2,0.0,,1404,1196,3332,2749,667,573,130,105,,
3461.2,0.0,,1404,1195,3337,2748,676,579,136,111,,
3462.2,0.0,,1405,1196,3336,2749,672,576,135,110,,
3463.2,0.0,,1405,1196,3333,2746,671,575,128,104,,
3464.2,0.0,,1407,1197,3337,2750,670,575,127,103,,
3465.2,0.0,,1406,1197,3338,2749,666,571,127,103,,
3466.2,0.0,,1407,1197,3334,2748,668,573,131,107,,
3467.2,0.0,,1409,1197,3337,2748,678,581,130,106,,
3468.2,0.0,,1408,1199,3335,2750,668,573,123,100,,
3469.2,0.0,,1408,1198,3342,2753,671,575,130,106,,
3470.2,0.0,,1408,1199,3332,2749,672,576,121,99,,
3471.2,0.0,,1409,1200,3336,2750,666,571,127,104,,
3472.2,0.0,,1413,1202,3335,2748,663,568,127,104,,
3473.2,0.0,,1412,1200,3336,2750,668,572,124,101,,
3474.2,0.0,,1412,1202,3336,2751,666,571,122,99,,
3475.2,0.0,,1412,1202,3339,2751,660,566,117,95,,
3476.2,0.0,,1413,1201,3338,2748,666,571,125,102,,
3477.2,0.0,,1414,1203,3338,2745,666,570,125,102,,
3478.2,0.0,,1415,1205,3334,2749,667,571,123,100,,
3479.2,0.0,,1415,1204,3336,2746,670,574,119,97,,
3480.2,0.0,,1414,1203,3341,2748,666,572,119,97,,
3481.2,0.0,,1415,1203,3334,2753,671,575,125,102,,
3482.2,0.0,,1416,1204,3340,2750,669,573,127,104,,
3483.2,0.0,,1416,1205,3335,2745,673,577,124,101,,
3484.2,0.0,,1415,1206,3339,2746,672,576,122,99,,
3485.2,0.0,,1418,1205,3334,2749,669,574,124,101,,
3486.2,0.0,,1418,1204,3336,2744,664,569,127,104,,
3487.2,0.0,,1416,1206,3339,2748,667,572,130,106,,
3488.2,0.0,,1416,1205,3338,2743,670,574,124,101,,
3489.2,0.0,,1417,1206,3336,2749,669,573,126,102,,
3490.2,0.0,,1418,1206,3334,2747,663,569,122,100,,
3491.2,0.0,,1418,1207,3333,2746,668,573,128,105,,
3492.2,0.0,,1419,1209,3339,2746,671,576,129,105,,
3493.2,0.0,,1420,1208,3330,2750,668,573,126,103,,
3494.2,0.0,,1420,1208,3338,2751,666,572,122,99,,
3495.2,0.0,,1420,1208,3336,2749,666,570,121,99,,
3496.2,0.0,,1419,1207,3338,2746,668,573,128,105,,
3497.2,0.0,,1420,1208,3333,2746,665,570,127,104,,
3498.2,0.0,,1422,1209,3330,2745,664,569,115,93,,
3499.2,0.0,,1422,1209,3331,2746,667,572,117,94,,
3500.2,0.0,,1423,1210,3334,2746,666,571,115,94,,
3501.2,0.0,,1421,1210,3338,2749,669,573,123,100,,
3502.2,0.0,,1423,1211,3336,2742,665,571,115,94,,
3503.2,0.0,,1424,1211,3333,2745,665,570,111,89,,
3504.2,0.0,,1424,1212,3336,2748,667,573,113,92,,
3505.2,0.0,,1425,1212,3336,2747,667,572,105,85,,
3506.2,0.0,,1424,1214,3334,2744,672,576,112,91,,
3507.2,0.0,,1424,1214,3331,2745,669,573,109,88,,
3508.2,0.0,,1426,1215,3342,2749,660,567,100,81,,
3509.2,0.0,,1427,1214,3338,2755,665,570,101,82,,
3510.2,0.0,,1427,1215,3346,2752,667,571,96,77,,
3511.2,0.0,,1427,1212,3352,2757,660,566,99,80,,
3512.2,0.0,,1429,1214,3355,2766,669,573,100,81,,
3513.2,0.0,,1424,1215,3366,2764,668,572,98,79,,
3514.2,0.0,,1419,1207,3357,2767,661,566,92,73,,
3515.2,0.0,,1448,1232,3367,2771,676,580,94,76,,
3516.2,0.0,,1447,1233,3366,2768,679,582,94,75,,
3517.2,0.0,,1434,1221,3369,2769,671,575,90,71,,
3518.2,0.0,,1426,1213,3360,2767,664,569,99,79,,
3519.2,0.0,,1533,1301,3361,2760,717,613,91,72,,
3520.2,0.0,,1547,1315,3355,2762,721,617,89,70,,
3521.2,0.0,,1527,1297,3356,2758,713,610,95,75,,
3522.2,0.0,,1473,1253,3356,2759,685,586,96,76,,
3523.2,0.0,,1446,1229,3356,2761,675,578,94,73,,
3524.2,0.0,,1437,1223,3354,2766,673,578,92,72,,
3525.2,0.0,,1435,1221,3362,2766,678,580,99,78,,
3526.2,0.0,,1433,1219,3348,2755,673,576,101,80,,
3527.2,0.0,,1433,1220,3331,2748,680,582,104,83,,
3528.2,0.0,,1433,1220,3324,2742,676,579,101,80,,
3529.2,0.0,,1435,1219,3339,2748,676,579,101,81,,
3530.2,0.0,,1434,1220,3336,2744,676,579,105,83,,
3531.2,0.0,,1434,1222,3338,2745,677,580,112,89,,
3532.2,0.0,,1434,1221,3336,2744,680,582,109,87,,
3533.2,0.0,,1435,1222,3326,2739,681,583,105,83,,
3534.2,0.0,,1435,1221,3311,2730,684,585,110,87,,
3535.2,0.0,,1434,1221,3311,2730,685,587,106,84,,
3536.2,0.0,,1435,1222,3306,2729,681,583,113,90,,
3537.2,0.0,,1436,1221,3325,2740,683,584,115,92,,
3538.2,0.0,,1435,1221,3315,2729,696,596,110,88,,
3539.2,0.0,,1436,1222,3310,2725,750,641,114,91,,
3540.2,0.0,,1436,1223,3318,2731,773,660,119,95,,
3541.2,0.0,,1437,1223,3306,2731,831,709,132,106,,
3542.2,0.0,,1436,1222,3314,2739,817,697,134,108,,
3543.2,0.0,,1436,1221,3318,2738,785,670,131,105,,
3544.2,0.0,,1435,1223,3316,2732,781,667,132,106,,
3545.2,0.0,,1435,1223,3316,2737,762,651,134,107,,
3546.2,0.0,,1437,1223,3315,2734,744,636,138,112,,
3547.2,0.0,,1437,1222,3315,2732,724,620,140,113,,
3548.2,0.0,,1440,1223,3313,2734,736,630,135,110,,
3549.2,0.0,,1436,1222,3318,2730,724,619,133,107,,
3550.2,0.0,,1435,1223,3313,2734,706,605,128,104,,
3551.2,0.0,,1439,1223,3317,2730,692,591,133,109,,
3552.2,0.0,,1439,1223,3315,2737,689,590,132,108,,
3553.2,0.0,,1438,1224,3313,2735,696,596,122,99,,
3554.2,0.0,,1438,1225,3319,2736,685,587,121,98,,
3555.2,0.0,,1437,1224,3320,2730,681,584,113,92,,
3556.2,0.0,,1438,1224,3320,2735,687,589,121,99,,
3557.2,0.0,,1441,1226,3327,2737,683,585,115,93,,
3558.2,0.0,,1440,1224,3324,2737,688,589,107,86,,
3559.2,0.0,,1440,1224,3321,2736,686,588,102,82,,
3560.2,0.0,,1441,1225,3330,2743,683,584,101,82,,
3561.2,0.0,,1440,1226,3325,2741,684,587,107,87,,
3562.2,0.0,,1441,1224,3327,2745,679,582,101,83,,
3563.2,0.0,,1441,1225,3324,2741,682,584,92,73,,
3564.2,0.0,,1440,1226,3328,2744,680,583,92,73,,
3565.2,0.0,,1442,1227,3332,2746,684,586,91,71,,
3566.2,0.0,,1441,1225,3325,2744,680,583,98,78,,
3567.2,0.0,,1441,1226,3328,2745,685,587,97,78,,
3568.2,0.0,,1441,1226,3332,2741,689,590,97,77,,
3569.2,0.0,,1442,1225,3326,2738,692,592,102,81,,
3570.2,0.0,,1441,1226,3323,2741,700,598,104,82,,
3571.2,0.0,,1444,1225,3316,2739,696,596,115,92,,
3572.2,0.0,,1442,1226,3328,2742,705,604,114,91,,
3573.2,0.0,,1440,1226,3320,2739,706,604,118,94,,
3574.2,0.0,,1439,1226,3325,2739,710,607,120,96,,
3575.2,0.0,,1440,1226,3321,2737,705,603,123,98,,
3576.2,0.0,,1443,1227,3325,2735,702,601,137,110,,
3577.2,0.0,,1443,1227,3317,2736,699,598,139,112,,
3578.2,0.0,,1442,1226,3320,2737,700,599,136,109,,
3579.2,0.0,,1444,1228,3314,2736,699,598,134,108,,
3580.2,0.0,,1443,1228,3319,2739,697,596,134,108,,
3581.2,0.0,,1445,1228,3320,2737,697,597,135,110,,
3582.2,0.0,,1444,1231,3317,2736,696,595,129,106,,
3583.2,0.0,,1445,1229,3314,2737,697,596,120,97,,
3584.2,0.0,,1445,1230,3326,2736,688,590,116,95,,
3585.2,0.0,,1445,1229,3328,2741,691,592,107,87,,
3586.2,0.0,,1446,1230,3317,2740,688,589,109,89,,
3587.2,0.0,,1446,1229,3332,2743,693,593,102,83,,
3588.2,0.0,,1446,1230,3333,2742,696,596,95,76,,
3589.2,0.0,,1446,1230,3329,2742,701,600,93,74,,
3590.2,0.0,,1445,1231,3331,2748,700,599,94,75,,
3591.2,0.0,,1446,1228,3329,2743,695,595,96,77,,
3592.2,0.0,,1447,1230,3337,2747,703,601,96,77,,
3593.2,0.0,,1447,1231,3336,2749,701,599,94,74,,
3594.2,0.0,,1446,1230,3329,2745,704,602,96,75,,
3595.2,0.0,,1445,1230,3334,2743,709,607,104,82,,
3596.2,0.0,,1447,1230,3330,2747,710,607,116,93,,
3597.2,0.0,,1448,1230,3332,2748,714,611,117,93,,
3598.2,0.0,,1447,1231,3330,2748,713,611,121,96,,
3599.2,0.0,,1447,1232,3330,2747,718,614,122,98,,
3600.2,0.0,,1447,1231,3338,2750,714,610,128,102,,
3601.2,0.0,,1445,1231,3340,2750,711,608,137,111,,
3602.2,0.0,,1447,1231,3345,2752,704,604,140,114,,
3603.2,0.0,,1447,1231,3341,2748,699,598,133,108,,
3604.2,0.0,,1447,1231,3344,2755,701,600,136,111,,
3605.2,0.0,,1448,1232,3339,2751,703,603,127,102,,
3606.2,0.0,,1448,1232,3342,2753,701,600,132,107,,
3607.2,0.0,,1449,1232,3346,2755,689,590,125,102,,
3608.2,0.0,,1447,1233,3342,2756,693,593,111,90,,
3609.2,0.0,,1449,1233,3340,2755,689,590,105,85,,
3610.2,0.0,,1449,1233,3348,2758,689,590,105,85,,
3611.2,0.0,,1448,1233,3352,2756,684,586,105,85,,
3612.2,0.0,,1448,1234,3355,2759,684,585,101,82,,
3613.2,0.0,,1449,1234,3352,2758,684,586,96,76,,
3614.2,0.0,,1448,1234,3356,2756,684,586,92,73,,
3615.2,0.0,,1450,1234,3348,2759,682,584,95,75,,
3616.2,0.0,,1451,1233,3352,2758,682,584,98,78,,
3617.2,0.0,,1449,1233,3348,2755,686,587,99,79,,
3618.2,0.0,,1449,1234,3345,2753,686,588,97,77,,
3619.2,0.0,,1449,1231,3339,2755,689,590,103,81,,
3620.2,0.0,,1451,1234,3339,2753,691,592,107,84,,
3621.2,0.0,,1450,1234,3340,2751,695,595,116,93,,
3622.2,0.0,,1451,1233,3338,2750,698,597,118,95,,
3623.2,0.0,,1450,1233,3340,2750,697,597,120,96,,
3624.2,0.0,,1449,1233,3336,2749,699,599,122,98,,
3625.2,0.0,,1450,1233,3329,2753,694,594,124,100,,
3626.2,0.0,,1450,1233,3336,2747,693,594,130,105,,
3627.2,0.0,,1451,1234,3335,2750,690,590,131,106,,
3628.2,0.0,,1452,1234,3334,2752,694,594,123,99,,
3629.2,0.0,,1453,1236,3341,2750,687,588,117,95,,
3630.2,0.0,,1453,1234,3346,2747,688,589,112,91,,
3631.2,0.0,,1452,1235,3339,2750,690,591,114,92,,
3632.2,0.0,,1452,1236,3347,2758,681,584,110,89,,
3633.2,0.0,,1452,1236,3352,2760,684,585,101,82,,
3634.2,0.0,,1453,1235,3358,2763,682,583,93,74,,
3635.2,0.0,,1454,1237,3354,2759,688,589,93,72,,
3636.2,0.0,,1453,1235,3353,2762,687,589,98,78,,
3637.2,0.0,,1452,1234,3354,2761,689,591,103,82,,
3638.2,0.0,,1454,1235,3355,2756,691,590,103,82,,
3639.2,0.0,,1453,1236,3345,2750,697,596,109,87,,
3640.2,0.0,,1452,1234,3351,2752,708,607,115,92,,
3641.2,0.0,,1453,1236,3345,2753,702,600,127,102,,
3642.2,0.0,,1451,1237,3342,2756,702,601,131,105,,
3643.2,0.0,,1452,1235,3344,2752,703,601,133,106,,
3644.2,0.0,,1453,1236,3342,2750,706,605,132,106,,
3645.2,0.0,,1453,1237,3343,2755,697,596,132,107,,
3646.2,0.0,,1454,1237,3344,2755,696,595,136,112,,
3647.2,0.0,,1454,1237,3347,2756,692,592,132,107,,
3648.2,0.0,,1455,1237,3344,2754,693,593,123,100,,
3649.2,0.0,,1454,1238,3345,2758,692,593,119,96,,
3650.2,0.0,,1456,1237,3347,2758,689,591,111,90,,
3651.2,0.0,,1456,1238,3353,2757,685,587,109,89,,
3652.2,0.0,,1457,1239,3358,2759,687,589,105,86,,
3653.2,0.0,,1456,1237,3353,2761,685,587,101,81,,
3654.2,0.0,,1457,1238,3352,2760,680,583,97,78,,
3655.2,0.0,,1456,1239,3358,2762,685,587,93,74,,
3656.2,0.0,,1456,1237,3361,2762,688,589,96,77,,
3657.2,0.0,,1456,1239,3355,2762,681,584,98,79,,
3658.2,0.0,,1455,1238,3357,2762,684,585,96,75,,
3659.2,0.0,,1454,1239,3358,2760,693,593,99,78,,
3660.2,0.0,,1455,1239,3348,2762,698,597,102,80,,
3661.2,0.0,,1458,1241,3351,2756,700,599,114,91,,
3662.2,0.0,,1457,1239,3352,2758,704,602,123,98,,
3663.2,0.0,,1456,1239,3347,2759,703,602,123,99,,
3664.2,0.0,,1456,1239,3345,2758,706,605,130,104,,
3665.2,0.0,,1457,1240,3343,2755,703,602,134,107,,
3666.2,0.0,,1457,1239,3346,2756,696,595,139,112,,
3667.2,0.0,,1456,1238,3342,2752,701,601,139,113,,
3668.2,0.0,,1459,1242,3350,2758,695,596,131,106,,
3669.2,0.0,,1458,1242,3353,2755,697,597,125,102,,
3670.2,0.0,,1458,1242,3348,2757,694,594,119,97,,
3671.2,0.0,,1458,1241,3352,2758,689,590,120,98,,
3672.2,0.0,,1459,1242,3350,2759,688,590,113,93,,
3673.2,0.0,,1458,1242,3351,2761,683,585,104,83,,
3674.2,0.0,,1459,1241,3352,2762,686,587,97,79,,
3675.2,0.0,,1457,1242,3359,2761,691,592,101,81,,
3676.2,0.0,,1461,1242,3360,2765,690,590,102,82,,
3677.2,0.0,,1459,1241,3359,2760,689,590,94,74,,
3678.2,0.0,,1459,1242,3354,2763,690,591,95,74,,
3679.2,0.0,,1460,1242,3355,2763,695,595,96,75,,
3680.2,0.0,,1459,1241,3357,2761,698,597,101,80,,
3681.2,0.0,,1458,1241,3355,2760,700,600,113,90,,
3682.2,0.0,,1461,1242,3345,2755,698,598,117,94,,
3683.2,0.0,,1459,1241,3356,2751,704,603,120,96,,
3684.2,0.0,,1459,1241,3348,2757,703,602,127,102,,
3685.2,0.0,,1460,1241,3348,2753,700,599,135,108,,
3686.2,0.0,,1460,1241,3348,2756,696,596,143,115,,
3687.2,0.0,,1458,1242,3343,2753,696,596,139,114,,
3688.2,0.0,,1459,1243,3348,2756,690,590,130,106,,
3689.2,0.0,,1461,1243,3355,2759,689,591,130,106,,
3690.2,0.0,,1461,1242,3347,2757,688,590,125,102,,
3691.2,0.0,,1461,1241,3353,2763,694,593,117,96,,
3692.2,0.0,,1463,1242,3354,2761,691,591,111,90,,
3693.2,0.0,,1461,1244,3356,2765,686,587,100,81,,
3694.2,0.0,,1461,1243,3354,2765,689,590,95,77,,
3695.2,0.0,,1462,1243,3361,2764,687,588,92,73,,
3696.2,0.0,,1462,1245,3361,2766,679,582,97,78,,
3697.2,0.0,,1460,1241,3363,2765,686,588,91,72,,
3698.2,0.0,,1461,1243,3356,2765,685,586,96,76,,
3699.2,0.0,,1462,1244,3360,2762,690,590,96,76,,
3700.2,0.0,,1462,1244,3348,2759,690,590,99,79,,
3701.2,0.0,,1462,1244,3356,2760,697,597,111,89,,
3702.2,0.0,,1460,1243,3355,2753,692,592,119,96,,
3703.2,0.0,,1461,1243,3351,2757,700,600,118,93,,
3704.2,0.0,,1463,1244,3343,2751,698,597,124,99,,
3705.2,0.0,,1461,1244,3351,2757,698,597,131,106,,
3706.2,0.0,,1462,1243,3352,2755,703,601,134,108,,
3707.2,0.0,,1462,1244,3348,2756,694,594,136,110,,
3708.2,0.0,,1463,1243,3337,2754,691,592,124,100,,
3709.2,0.0,,1464,1244,3343,2752,692,592,129,104,,
3710.2,0.0,,1462,1244,3345,2754,688,589,123,99,,
3711.2,0.0,,1464,1244,3347,2753,693,593,129,105,,
3712.2,0.0,,1463,1244,3339,2756,691,591,125,101,,
3713.2,0.0,,1462,1246,3345,2754,691,592,116,94,,
3714.2,0.0,,1463,1245,3349,2755,686,587,111,90,,
3715.2,0.0,,1464,1246,3346,2754,684,585,108,87,,
3716.2,0.0,,1464,1245,3346,2754,688,589,111,91,,
3717.2,0.0,,1465,1245,3357,2757,684,586,107,87,,
3718.2,0.0,,1465,1246,3356,2756,683,585,104,84,,
3719.2,0.0,,1463,1245,3353,2758,685,587,100,80,,
3720.2,0.0,,1466,1247,3354,2760,685,586,95,75,,
3721.2,0.0,,1465,1247,3358,2763,679,581,102,81,,
3722.2,0.0,,1465,1246,3349,2759,682,584,100,80,,
3723.2,0.0,,1465,1246,3352,2754,680,582,97,77,,
3724.2,0.0,,1466,1246,3349,2755,685,587,98,78,,
3725.2,0.0,,1466,1247,3350,2758,688,589,109,86,,
3726.2,0.0,,1464,1245,3355,2757,689,590,106,84,,
3727.2,0.0,,1464,1247,3354,2759,689,590,109,86,,
3728.2,0.0,,1465,1246,3351,2765,692,592,115,91,,
3729.2,0.0,,1464,1246,3356,2761,688,589,115,92,,
3730.2,0.0,,1465,1246,3353,2761,691,592,119,95,,
3731.2,0.0,,1463,1244,3347,2757,687,589,127,102,,
3732.2,0.0,,1463,1246,3353,2757,688,589,132,107,,
3733.2,0.0,,1466,1246,3352,2757,690,591,136,110,,
3734.2,0.0,,1465,1246,3351,2755,688,589,133,107,,
3735.2,0.0,,1465,1248,3350,2758,688,589,132,107,,
3736.2,0.0,,1466,1247,3354,2760,686,588,136,111,,
3737.2,0.0,,1466,1246,3353,2761,682,583,136,111,,
3738.2,0.0,,1466,1246,3352,2759,680,582,139,114,,
3739.2,0.0,,1467,1248,3351,2761,684,586,130,106,,
3740.2,0.0,,1469,1248,3352,2762,682,584,119,97,,
3741.2,0.0,,1467,1248,3358,2759,683,584,121,99,,
# Ve OFF, GND v2.0-B -> HJ2 1, 19:26:21
# Ve ON, GND v2.0-B перекинуто, 19:27:09
# Ve ON
3798.2,0.0,,1483,1261,1262,1077,760,651,130,107,,
3799.2,0.0,,1483,1261,1261,1078,749,642,123,100,,
3800.2,0.0,,1482,1262,1262,1077,740,634,123,100,,
3801.2,0.0,,1483,1261,1261,1077,734,629,118,96,,
3802.2,0.0,,1483,1261,1261,1078,727,623,108,87,,
3803.2,0.0,,1484,1262,1262,1079,723,619,111,90,,
3804.2,0.0,,1484,1262,1262,1078,713,611,110,89,,
3805.2,0.0,,1485,1262,1263,1078,712,611,103,83,,
3806.2,0.0,,1485,1261,1263,1078,711,610,109,88,,
3807.2,0.0,,1485,1262,1265,1078,708,607,105,84,,
3808.2,0.0,,1484,1261,1263,1078,709,608,94,74,,
3809.2,0.0,,1484,1263,1263,1079,708,607,95,75,,
3810.2,0.0,,1483,1262,1263,1078,708,606,100,80,,
3811.2,0.0,,1485,1262,1263,1079,706,606,97,77,,
3812.2,0.0,,1483,1262,1264,1079,704,604,95,75,,
3813.2,0.0,,1484,1263,1265,1078,703,603,96,76,,
3814.2,0.0,,1485,1262,1265,1079,703,602,95,75,,
3815.2,0.0,,1484,1263,1263,1079,703,603,100,79,,
3816.2,0.0,,1485,1263,1264,1080,702,602,98,78,,
3817.2,0.0,,1483,1263,1263,1079,701,601,100,80,,
3818.2,0.0,,1484,1262,1265,1080,701,602,103,82,,
3819.2,0.0,,1485,1264,1264,1080,703,603,98,78,,
3820.2,0.0,,1484,1264,1265,1080,704,604,98,78,,
3821.2,0.0,,1486,1263,1265,1079,702,603,107,85,,
3822.2,0.0,,1485,1263,1265,1079,704,604,106,85,,
3823.2,0.0,,1486,1263,1265,1079,704,603,111,88,,
3824.2,0.0,,1487,1264,1264,1079,705,605,115,92,,
3825.2,0.0,,1487,1264,1266,1079,704,604,111,89,,
3826.2,0.0,,1486,1262,1264,1078,705,605,120,96,,
3827.2,0.0,,1486,1262,1264,1079,707,606,122,97,,
3828.2,0.0,,1486,1264,1264,1078,703,603,128,102,,
3829.2,0.0,,1484,1265,1263,1077,704,603,124,99,,
3830.2,0.0,,1486,1263,1264,1079,703,603,132,106,,
3831.2,0.0,,1488,1264,1263,1078,703,603,136,109,,
3832.2,0.0,,1486,1265,1264,1078,701,602,134,108,,
3833.2,0.0,,1487,1264,1263,1078,699,600,137,111,,
3834.2,0.0,,1488,1265,1263,1079,699,599,136,110,,
3835.2,0.0,,1489,1265,1263,1078,697,597,134,109,,
3836.2,0.0,,1489,1264,1264,1079,695,596,129,105,,
3837.2,0.0,,1487,1265,1263,1078,694,595,126,103,,
3838.2,0.0,,1489,1267,1263,1079,693,595,116,93,,
3839.2,0.0,,1489,1266,1263,1079,692,594,116,94,,
3840.2,0.0,,1488,1268,1265,1079,689,591,114,93,,
3841.2,0.0,,1489,1265,1264,1079,690,593,113,92,,
3842.2,0.0,,1491,1266,1265,1079,690,593,110,89,,
3843.2,0.0,,1490,1266,1265,1079,688,591,109,88,,
3844.2,0.0,,1490,1267,1266,1080,686,589,105,85,,
3845.2,0.0,,1490,1267,1265,1079,687,589,105,85,,
3846.2,0.0,,1489,1267,1266,1081,687,590,102,83,,
3847.2,0.0,,1490,1267,1265,1081,686,589,102,83,,
3848.2,0.0,,1491,1267,1266,1081,686,588,93,74,,
3849.2,0.0,,1490,1268,1267,1081,685,587,94,74,,
3850.2,0.0,,1490,1267,1266,1080,684,587,99,79,,
3851.2,0.0,,1491,1268,1267,1081,686,588,97,77,,
3852.2,0.0,,1488,1267,1266,1081,686,588,95,75,,
3853.2,0.0,,1491,1267,1266,1081,688,589,103,82,,
3854.2,0.0,,1491,1266,1268,1081,688,589,99,78,,
3855.2,0.0,,1489,1266,1267,1080,691,593,109,87,,
3856.2,0.0,,1490,1267,1266,1081,696,596,113,90,,
3857.2,0.0,,1490,1268,1267,1080,695,596,120,96,,
3858.2,0.0,,1490,1267,1266,1081,698,598,122,97,,
3872.2,0.0,,1493,1270,1266,1080,686,589,105,84,,
3873.2,0.0,,1492,1269,1266,1081,685,587,109,88,,
3874.2,0.0,,1493,1271,1267,1081,684,586,106,86,,
3875.2,0.0,,1493,1268,1267,1081,682,585,105,85,,
3876.2,0.0,,1493,1269,1267,1080,682,585,103,83,,
3877.2,0.0,,1494,1269,1268,1080,681,584,99,81,,
3878.2,0.0,,1494,1270,1267,1081,680,583,95,76,,
3879.2,0.0,,1492,1270,1266,1081,680,584,94,75,,
3880.2,0.0,,1492,1268,1266,1082,679,583,96,76,,
3881.2,0.0,,1494,1269,1267,1081,678,581,99,80,,
3882.2,0.0,,1493,1270,1268,1083,677,581,98,78,,
3883.2,0.0,,1494,1271,1268,1081,676,580,99,78,,
3884.2,0.0,,1493,1269,1267,1082,678,581,99,78,,
3885.2,0.0,,1492,1269,1268,1082,676,579,93,73,,
3886.2,0.0,,1493,1270,1269,1083,678,581,97,77,,
3887.2,0.0,,1495,1272,1269,1081,680,584,101,81,,
3888.2,0.0,,1494,1270,1267,1082,681,585,100,79,,
3889.2,0.0,,1492,1269,1267,1082,682,585,102,80,,
3890.2,0.0,,1493,1269,1268,1083,681,584,106,84,,
3891.2,0.0,,1493,1269,1268,1082,681,584,107,85,,
3892.2,0.0,,1494,1270,1269,1083,685,588,106,84,,
3893.2,0.0,,1494,1271,1268,1082,685,587,112,89,,
3894.2,0.0,,1494,1270,1267,1082,685,586,108,85,,
3895.2,0.0,,1494,1270,1267,1082,685,588,110,87,,
3896.2,0.0,,1494,1272,1268,1082,685,587,116,93,,
3897.2,0.0,,1494,1270,1267,1082,688,590,118,94,,
3898.2,0.0,,1494,1271,1268,1082,690,591,121,97,,
3899.2,0.0,,1495,1271,1268,1081,686,588,122,97,,
3900.2,0.0,,1494,1270,1265,1082,687,589,127,101,,
3901.2,0.0,,1494,1271,1267,1082,686,588,128,102,,
3902.2,0.0,,1496,1270,1268,1082,686,588,128,102,,
3903.2,0.0,,1495,1271,1268,1080,686,588,127,102,,
3904.2,0.0,,1494,1271,1267,1081,683,585,135,109,,
3905.2,0.0,,1495,1271,1268,1081,683,585,135,109,,
3906.2,0.0,,1493,1270,1266,1081,684,587,136,109,,
3907.2,0.0,,1495,1270,1266,1082,682,585,136,110,,
3908.2,0.0,,1493,1272,1267,1082,683,585,137,111,,
3909.2,0.0,,1495,1271,1267,1080,682,585,129,104,,
3910.2,0.0,,1495,1271,1267,1081,680,584,136,110,,
3911.2,0.0,,1496,1271,1268,1082,681,584,136,111,,
3912.2,0.0,,1496,1272,1269,1082,683,586,131,106,,
3913.2,0.0,,1496,1272,1268,1081,684,586,130,105,,
3914.2,0.0,,1495,1272,1266,1082,686,588,133,108,,
3915.2,0.0,,1494,1272,1267,1080,686,589,134,109,,
3916.2,0.0,,1496,1270,1255,1071,683,586,133,108,,
3917.2,0.0,,1492,1269,1244,1061,682,585,126,102,,
3918.2,0.0,,1494,1272,1254,1069,688,591,125,101,,
3919.2,0.0,,1503,1277,1271,1086,691,593,119,97,,
3920.2,0.0,,1508,1281,1274,1087,691,593,123,100,,
3921.2,0.0,,1510,1285,1275,1088,693,595,118,96,,
3922.2,0.0,,1515,1289,1283,1093,696,597,119,96,,
3923.2,0.0,,1514,1287,1276,1088,695,597,112,92,,
3924.2,0.0,,1513,1286,1276,1089,694,595,109,89,,
3925.2,0.0,,1512,1284,1273,1087,693,594,100,80,,
3926.2,0.0,,1519,1292,1279,1092,697,597,101,82,,
3927.2,0.0,,1638,1390,1517,1291,752,643,102,83,,
3928.2,0.0,,1588,1349,1476,1256,720,616,96,77,,
3929.2,0.0,,1546,1314,1380,1175,701,601,93,75,,
3930.2,0.0,,1545,1313,1338,1141,701,601,93,74,,
3931.2,0.0,,1559,1324,1371,1167,708,607,96,76,,
3932.2,0.0,,1558,1323,1362,1160,709,607,94,74,,
3933.2,0.0,,1556,1321,1341,1143,707,606,95,74,,
3934.2,0.0,,1547,1316,1323,1127,705,604,92,72,,
3935.2,0.0,,1547,1316,1330,1134,708,606,92,72,,
3936.2,0.0,,1546,1315,1323,1128,706,605,98,78,,
3937.2,0.0,,1547,1314,1323,1130,709,607,98,79,,
3938.2,0.0,,1512,1286,1301,1111,695,596,106,84,,
3939.2,0.0,,1539,1306,1306,1113,707,606,98,77,,
3940.2,0.0,,1529,1298,1308,1114,707,606,107,86,,
3941.2,0.0,,1509,1282,1291,1100,694,595,110,88,,
3942.2,0.0,,1507,1282,1293,1103,697,597,109,87,,
3943.2,0.0,,1496,1274,1229,1049,688,590,109,86,,
3944.2,0.0,,1505,1280,1228,1048,694,595,112,89,,
3945.2,0.0,,1501,1275,1216,1037,692,593,118,94,,
3946.2,0.0,,1503,1276,1216,1036,693,594,127,102,,
3947.2,0.0,,1502,1276,1216,1038,694,596,128,103,,
3948.2,0.0,,1501,1276,1215,1038,693,594,126,101,,
3949.2,0.0,,1501,1277,1215,1040,695,596,131,105,,
3950.2,0.0,,1501,1277,1217,1039,693,595,136,109,,
3951.2,0.0,,1503,1277,1217,1040,692,594,135,109,,
3952.2,0.0,,1503,1276,1216,1039,694,595,136,110,,
3953.2,0.0,,1503,1278,1219,1039,692,594,136,110,,
3954.2,0.0,,1501,1278,1216,1040,692,594,130,105,,
3955.2,0.0,,1502,1277,1216,1040,692,594,136,110,,
3956.2,0.0,,1501,1277,1216,1040,691,593,135,110,,
3957.2,0.0,,1503,1276,1216,1039,692,594,136,110,,
3958.2,0.0,,1503,1278,1217,1039,692,593,127,102,,
3959.2,0.0,,1503,1278,1219,1040,690,592,127,102,,
3960.2,0.0,,1503,1278,1218,1041,689,591,127,103,,
3961.2,0.0,,1504,1278,1216,1040,691,593,131,107,,
3962.2,0.0,,1505,1279,1218,1040,685,587,125,102,,
3963.2,0.0,,1503,1278,1219,1040,683,585,124,100,,
3964.2,0.0,,1503,1279,1217,1040,685,586,130,106,,
3965.2,0.0,,1504,1278,1221,1041,682,583,133,109,,
3966.2,0.0,,1503,1278,1216,1040,680,583,126,103,,
3967.2,0.0,,1502,1279,1218,1041,678,582,125,102,,
3968.2,0.0,,1504,1276,1220,1042,679,582,130,106,,
3969.2,0.0,,1504,1279,1217,1042,678,581,125,103,,
3970.2,0.0,,1505,1279,1218,1040,679,581,116,93,,
3971.2,0.0,,1505,1278,1219,1042,677,581,121,98,,
3972.2,0.0,,1504,1280,1218,1042,675,578,117,94,,
3973.2,0.0,,1505,1279,1219,1042,675,578,121,98,,
3974.2,0.0,,1503,1279,1220,1041,673,576,109,89,,
3975.2,0.0,,1503,1279,1219,1043,674,577,110,89,,
3976.2,0.0,,1504,1280,1218,1043,675,579,116,94,,
3977.2,0.0,,1504,1279,1220,1042,674,578,114,92,,
3978.2,0.0,,1506,1279,1220,1042,676,579,115,94,,
3979.2,0.0,,1505,1278,1219,1042,676,579,109,89,,
3980.2,0.0,,1505,1278,1219,1041,676,580,116,94,,
3981.2,0.0,,1505,1280,1221,1041,677,580,116,94,,
3982.2,0.0,,1504,1281,1220,1043,677,580,111,89,,
3983.2,0.0,,1505,1280,1221,1042,677,580,110,89,,
3984.2,0.0,,1504,1280,1221,1043,676,579,118,96,,
3985.2,0.0,,1505,1278,1219,1043,678,581,116,94,,
3986.2,0.0,,1503,1280,1220,1043,677,580,120,97,,
3987.2,0.0,,1503,1280,1221,1042,677,580,123,100,,
3988.2,0.0,,1506,1279,1222,1042,675,579,119,96,,
3989.2,0.0,,1505,1280,1221,1043,677,580,126,102,,
3990.2,0.0,,1506,1280,1220,1042,678,581,127,103,,
3991.2,0.0,,1506,1280,1219,1042,679,581,134,109,,
3992.2,0.0,,1505,1280,1221,1042,679,582,132,107,,
3993.2,0.0,,1506,1280,1221,1043,680,583,138,112,,
3994.2,0.0,,1505,1281,1221,1042,682,584,133,108,,
3995.2,0.0,,1505,1278,1218,1042,680,582,133,108,,
3996.2,0.0,,1504,1280,1219,1043,680,583,135,110,,
3997.2,0.0,,1504,1279,1220,1044,682,584,138,112,,
3998.2,0.0,,1505,1279,1222,1043,682,584,129,103,,
3999.2,0.0,,1505,1280,1222,1044,682,584,129,104,,
4000.2,0.0,,1505,1280,1222,1042,682,584,126,101,,
4001.2,0.0,,1505,1279,1222,1043,683,585,132,106,,
4002.2,0.0,,1506,1280,1222,1045,684,586,129,104,,
4003.2,0.0,,1506,1278,1222,1044,683,585,128,103,,
4004.2,0.0,,1506,1279,1220,1044,685,586,126,100,,
4005.2,0.0,,1507,1280,1223,1045,684,586,124,98,,
4006.2,0.0,,1505,1280,1222,1044,683,585,119,95,,
4007.2,0.0,,1505,1279,1222,1045,681,583,113,90,,
4008.2,0.0,,1507,1280,1223,1044,680,581,116,92,,
4009.2,0.0,,1504,1280,1224,1045,680,582,104,82,,
4010.2,0.0,,1507,1280,1224,1045,676,579,107,84,,
4011.2,0.0,,1505,1280,1222,1045,674,577,102,82,,
4012.2,0.0,,1506,1280,1224,1046,672,576,97,77,,
4013.2,0.0,,1506,1282,1224,1045,671,574,101,80,,
4014.2,0.0,,1506,1281,1222,1045,668,573,93,73,,
4015.2,0.0,,1505,1280,1222,1046,667,571,100,80,,
4016.2,0.0,,1508,1282,1225,1045,670,573,99,80,,
4017.2,0.0,,1508,1281,1222,1045,668,572,97,78,,
4018.2,0.0,,1508,1281,1222,1045,668,572,96,77,,
4019.2,0.0,,1506,1283,1222,1045,670,574,99,79,,
4020.2,0.0,,1507,1282,1222,1046,670,574,109,88,,
4021.2,0.0,,1510,1281,1223,1044,670,574,111,90,,
4022.2,0.0,,1508,1281,1224,1045,670,574,108,87,,
4023.2,0.0,,1506,1282,1222,1043,669,573,118,96,,
4024.2,0.0,,1507,1281,1223,1044,671,575,122,100,,
4025.2,0.0,,1509,1282,1222,1045,671,575,125,102,,
4026.2,0.0,,1507,1282,1223,1045,672,576,128,104,,
4027.2,0.0,,1507,1282,1222,1045,675,578,128,103,,
4028.2,0.0,,1506,1282,1221,1044,675,578,133,108,,
4029.2,0.0,,1508,1281,1222,1045,676,579,129,103,,
4030.2,0.0,,1508,1281,1222,1044,675,579,134,108,,
4031.2,0.0,,1509,1283,1222,1045,678,581,133,107,,
4032.2,0.0,,1509,1280,1222,1045,679,581,129,104,,
4033.2,0.0,,1506,1281,1223,1045,678,581,132,106,,
4034.2,0.0,,1505,1282,1222,1045,677,579,122,97,,
4035.2,0.0,,1506,1282,1222,1045,678,581,117,93,,
4036.2,0.0,,1509,1281,1223,1045,679,582,118,94,,
4037.2,0.0,,1508,1280,1223,1046,676,579,115,92,,
4038.2,0.0,,1509,1281,1222,1045,675,578,112,89,,
4039.2,0.0,,1507,1280,1223,1047,676,579,105,83,,
4040.2,0.0,,1506,1282,1224,1045,671,575,103,82,,
4041.2,0.0,,1509,1281,1225,1045,669,573,101,80,,
4042.2,0.0,,1508,1281,1222,1046,667,571,95,75,,
4043.2,0.0,,1507,1282,1224,1045,664,569,93,74,,
4044.2,0.0,,1507,1281,1222,1045,666,571,95,75,,
4045.2,0.0,,1510,1283,1225,1046,666,571,95,75,,
4046.2,0.0,,1508,1282,1223,1046,663,569,96,77,,
4047.2,0.0,,1509,1282,1224,1045,663,569,98,80,,
4048.2,0.0,,1510,1283,1224,1046,665,570,104,84,,
4049.2,0.0,,1509,1283,1223,1046,667,571,102,82,,
4050.2,0.0,,1508,1283,1222,1044,668,572,112,91,,
4051.2,0.0,,1508,1283,1222,1045,669,573,120,98,,
4052.2,0.0,,1509,1283,1221,1045,671,574,118,95,,
4053.2,0.0,,1509,1283,1222,1044,673,576,129,105,,
4054.2,0.0,,1508,1282,1222,1045,676,579,133,108,,
4055.2,0.0,,1509,1284,1223,1042,676,579,133,107,,
4056.2,0.0,,1509,1282,1221,1045,678,581,136,110,,
4057.2,0.0,,1508,1281,1222,1045,679,581,135,108,,
4058.2,0.0,,1508,1283,1222,1046,680,583,129,103,,
4059.2,0.0,,1509,1282,1224,1045,681,583,122,97,,
4060.2,0.0,,1508,1281,1225,1047,678,581,117,93,,
4061.2,0.0,,1509,1282,1224,1046,676,580,115,92,,
4062.2,0.0,,1508,1282,1223,1046,676,579,108,86,,
4063.2,0.0,,1510,1283,1224,1047,673,577,101,80,,
4064.2,0.0,,1510,1283,1225,1047,671,575,102,82,,
4065.2,0.0,,1509,1282,1223,1046,671,574,95,74,,
4066.2,0.0,,1510,1282,1223,1047,669,573,99,79,,
4067.2,0.0,,1510,1283,1223,1046,667,572,96,76,,
4068.2,0.0,,1509,1282,1223,1044,666,571,92,72,,
4069.2,0.0,,1508,1282,1223,1046,665,570,95,76,,
4070.2,0.0,,1510,1283,1223,1046,668,572,96,78,,
4071.2,0.0,,1511,1284,1223,1046,667,571,108,87,,
4072.2,0.0,,1510,1283,1222,1044,667,572,112,91,,
4073.2,0.0,,1509,1284,1224,1045,670,574,120,98,,
4074.2,0.0,,1511,1282,1223,1046,671,575,124,102,,
4075.2,0.0,,1508,1284,1223,1045,675,578,135,110,,
4076.2,0.0,,1507,1283,1224,1044,674,578,138,113,,
4077.2,0.0,,1510,1283,1223,1045,675,579,143,115,,
4078.2,0.0,,1510,1283,1223,1046,676,579,136,110,,
4079.2,0.0,,1509,1281,1222,1045,677,581,127,102,,
4080.2,0.0,,1509,1282,1222,1046,680,583,131,105,,
4081.2,0.0,,1509,1282,1222,1045,683,584,127,102,,
4082.2,0.0,,1508,1283,1225,1045,679,582,118,94,,
4083.2,0.0,,1510,1283,1222,1046,678,581,118,94,,
4084.2,0.0,,1509,1283,1222,1045,676,579,109,87,,
4085.2,0.0,,1510,1282,1224,1046,677,579,111,88,,
4086.2,0.0,,1511,1282,1223,1044,672,576,106,84,,
4087.2,0.0,,1510,1284,1225,1047,668,573,103,81,,
4088.2,0.0,,1509,1282,1223,1046,668,574,98,77,,
4089.2,0.0,,1509,1283,1225,1047,667,571,93,73,,
4090.2,0.0,,1511,1282,1224,1045,666,570,93,74,,
4091.2,0.0,,1511,1283,1225,1046,666,571,98,77,,
4092.2,0.0,,1511,1283,1225,1047,667,571,95,75,,
4093.2,0.0,,1510,1284,1225,1045,665,570,94,74,,
4094.2,0.0,,1511,1284,1223,1045,664,569,100,81,,
4095.2,0.0,,1510,1284,1223,1044,665,570,102,82,,
4096.2,0.0,,1512,1283,1223,1045,666,571,103,83,,
4097.2,0.0,,1511,1284,1224,1046,668,572,111,90,,
4098.2,0.0,,1510,1284,1225,1046,669,573,104,84,,
4099.2,0.0,,1509,1284,1224,1045,669,573,110,89,,
4100.2,0.0,,1512,1285,1223,1045,667,571,118,96,,
4101.2,0.0,,1510,1284,1223,1046,670,574,122,99,,
4102.2,0.0,,1511,1284,1223,1045,670,574,125,102,,
4103.2,0.0,,1511,1286,1224,1045,671,575,123,99,,
4104.2,0.0,,1510,1283,1223,1045,671,574,131,107,,
4105.2,0.0,,1511,1283,1222,1045,670,574,130,105,,
4106.2,0.0,,1510,1284,1224,1046,671,575,135,110,,
4107.2,0.0,,1511,1284,1223,1045,672,576,135,109,,
4108.2,0.0,,1510,1283,1222,1044,673,576,130,105,,
4109.2,0.0,,1511,1284,1223,1045,673,577,137,110,,
4110.2,0.0,,1509,1285,1223,1045,675,578,130,104,,
4111.2,0.0,,1510,1285,1224,1045,676,579,136,109,,
4112.2,0.0,,1509,1284,1223,1046,673,577,125,101,,
4113.2,0.0,,1510,1284,1224,1046,674,578,120,96,,
4114.2,0.0,,1511,1284,1222,1046,675,578,118,94,,
4115.2,0.0,,1509,1282,1223,1045,672,576,122,97,,
4116.2,0.0,,1510,1284,1222,1043,673,576,123,98,,
4117.2,0.0,,1511,1284,1225,1045,674,578,120,96,,
4118.2,0.0,,1511,1284,1224,1045,671,575,111,89,,
4119.2,0.0,,1511,1284,1224,1047,673,576,114,92,,
4120.2,0.0,,1511,1283,1224,1045,672,575,109,87,,
4121.2,0.0,,1511,1284,1223,1047,673,576,110,88,,
4122.2,0.0,,1511,1285,1224,1046,671,575,109,87,,
4123.2,0.0,,1511,1285,1225,1045,670,574,103,82,,
4124.2,0.0,,1511,1285,1223,1047,669,574,105,83,,
4125.2,0.0,,1511,1284,1225,1046,667,572,107,85,,
4126.2,0.0,,1511,1284,1225,1047,668,573,107,85,,
4127.2,0.0,,1511,1285,1225,1046,668,573,107,85,,
4128.2,0.0,,1512,1287,1225,1046,668,573,103,82,,
4129.2,0.0,,1512,1286,1223,1046,666,571,101,80,,
4130.2,0.0,,1512,1285,1224,1046,666,571,106,85,,
4131.2,0.0,,1513,1285,1225,1045,667,572,104,83,,
4132.2,0.0,,1511,1284,1225,1046,668,572,104,83,,
4133.2,0.0,,1512,1285,1224,1044,666,570,109,88,,
4134.2,0.0,,1512,1286,1225,1047,664,569,104,83,,
4135.2,0.0,,1512,1286,1224,1046,668,572,111,90,,
4136.2,0.0,,1512,1286,1224,1045,666,571,108,87,,
4137.2,0.0,,1511,1286,1223,1045,669,574,109,88,,
4138.2,0.0,,1512,1285,1225,1046,667,571,111,90,,
4139.2,0.0,,1513,1285,1226,1045,668,572,112,91,,
4140.2,0.0,,1513,1286,1222,1046,670,574,108,87,,
4141.2,0.0,,1513,1287,1224,1045,668,572,115,94,,
4142.2,0.0,,1512,1285,1224,1046,668,573,117,95,,
4143.2,0.0,,1511,1285,1223,1046,669,573,119,96,,
4144.2,0.0,,1513,1287,1224,1043,668,573,122,99,,
4145.2,0.0,,1512,1285,1223,1046,669,573,125,101,,
4146.2,0.0,,1511,1286,1222,1044,671,574,126,102,,
4147.2,0.0,,1511,1285,1224,1045,672,576,126,102,,
4148.2,0.0,,1512,1286,1223,1045,674,577,127,103,,
4149.2,0.0,,1513,1285,1223,1045,674,577,123,99,,
4150.2,0.0,,1513,1286,1224,1045,675,578,123,99,,
4151.2,0.0,,1513,1286,1224,1045,676,579,127,103,,
4152.2,0.0,,1513,1285,1224,1045,677,580,125,101,,
4153.2,0.0,,1513,1285,1223,1046,677,580,120,96,,
4154.2,0.0,,1512,1285,1225,1047,679,581,120,96,,
4155.2,0.0,,1513,1286,1223,1047,677,580,116,92,,
4156.2,0.0,,1513,1287,1224,1045,677,580,116,93,,
4157.2,0.0,,1513,1285,1223,1046,676,579,116,93,,
4158.2,0.0,,1512,1285,1224,1045,673,577,113,90,,
4159.2,0.0,,1512,1286,1226,1047,672,576,107,85,,
4160.2,0.0,,1512,1285,1225,1047,671,575,103,82,,
4161.2,0.0,,1512,1285,1225,1046,670,574,111,89,,
4162.2,0.0,,1512,1286,1225,1046,669,574,107,85,,
4163.2,0.0,,1512,1286,1225,1046,668,572,104,83,,
4164.2,0.0,,1512,1286,1224,1045,666,571,97,77,,
4165.2,0.0,,1513,1287,1225,1046,667,572,103,82,,
4166.2,0.0,,1513,1286,1225,1047,666,570,104,83,,
4167.2,0.0,,1514,1286,1225,1047,667,572,104,83,,
4168.2,0.0,,1514,1286,1224,1046,669,573,105,84,,
4169.2,0.0,,1515,1286,1224,1045,667,572,105,85,,
4170.2,0.0,,1512,1287,1225,1046,668,573,99,79,,
4171.2,0.0,,1512,1287,1223,1046,670,574,102,82,,
4172.2,0.0,,1514,1287,1224,1047,668,573,104,84,,
4173.2,0.0,,1514,1287,1225,1045,669,573,108,87,,
4174.2,0.0,,1514,1287,1225,1046,668,572,108,87,,
4175.2,0.0,,1513,1287,1224,1047,671,574,103,82,,
4176.2,0.0,,1514,1287,1225,1045,671,575,110,89,,
4177.2,0.0,,1515,1287,1224,1046,669,573,108,88,,
4178.2,0.0,,1514,1288,1224,1046,671,575,107,87,,
4179.2,0.0,,1514,1289,1225,1047,673,576,110,89,,
4180.2,0.0,,1514,1287,1224,1046,671,576,110,88,,
4181.2,0.0,,1515,1288,1226,1045,672,575,118,96,,
4182.2,0.0,,1513,1287,1225,1046,672,576,120,97,,
4183.2,0.0,,1514,1287,1223,1047,670,573,115,93,,
4184.2,0.0,,1513,1288,1223,1046,673,576,117,94,,
4185.2,0.0,,1514,1287,1226,1047,674,577,125,101,,
4186.2,0.0,,1514,1287,1223,1046,673,576,126,102,,
4187.2,0.0,,1514,1287,1223,1045,674,578,136,111,,
4188.2,0.0,,1515,1286,1224,1046,677,580,136,110,,
4189.2,0.0,,1513,1288,1224,1046,677,580,132,107,,
4190.2,0.0,,1512,1288,1224,1045,675,578,129,105,,
4191.2,0.0,,1514,1287,1225,1047,677,580,126,103,,
4192.2,0.0,,1513,1287,1224,1046,677,580,126,101,,
4193.2,0.0,,1514,1288,1224,1047,676,579,127,102,,
4194.2,0.0,,1513,1286,1225,1047,677,579,124,100,,
4195.2,0.0,,1515,1287,1224,1044,677,579,122,97,,
4196.2,0.0,,1515,1288,1223,1045,676,579,123,99,,
4197.2,0.0,,1512,1286,1224,1046,675,579,117,94,,
4198.2,0.0,,1511,1286,1224,1046,677,580,119,96,,
4199.2,0.0,,1513,1287,1224,1046,676,579,116,93,,
4200.2,0.0,,1514,1287,1225,1046,677,580,112,89,,
4201.2,0.0,,1515,1288,1225,1045,674,578,111,89,,
4202.2,0.0,,1511,1287,1225,1046,675,578,113,90,,
4203.2,0.0,,1515,1288,1225,1047,676,579,108,86,,
4204.2,0.0,,1516,1287,1225,1045,675,578,109,86,,
4205.2,0.0,,1514,1288,1225,1046,672,575,112,89,,
4206.2,0.0,,1516,1287,1226,1045,673,576,110,88,,
4207.2,0.0,,1514,1288,1224,1047,673,576,113,90,,
4208.2,0.0,,1515,1289,1226,1047,674,577,113,90,,
4209.2,0.0,,1514,1288,1225,1046,673,577,110,87,,
4210.2,0.0,,1515,1288,1225,1047,675,578,109,86,,
4211.2,0.0,,1514,1288,1225,1046,676,579,111,88,,
4212.2,0.0,,1514,1288,1226,1047,675,578,113,91,,
4213.2,0.0,,1515,1288,1226,1046,675,578,112,89,,
4214.2,0.0,,1515,1288,1225,1047,675,578,105,83,,
4215.2,0.0,,1515,1288,1225,1047,674,577,112,89,,
4216.2,0.0,,1515,1289,1224,1046,673,577,109,87,,
4217.2,0.0,,1515,1288,1225,1047,674,578,110,87,,
4218.2,0.0,,1516,1289,1226,1047,673,576,110,88,,
4219.2,0.0,,1515,1288,1224,1047,674,577,103,82,,
4220.2,0.0,,1515,1289,1224,1045,673,576,108,86,,
4221.2,0.0,,1516,1288,1225,1045,673,576,108,86,,
4222.2,0.0,,1516,1289,1226,1047,673,576,109,87,,
4223.2,0.0,,1516,1289,1225,1047,670,574,101,80,,
4224.2,0.0,,1516,1290,1225,1046,670,574,97,77,,
4225.2,0.0,,1516,1289,1225,1047,670,574,95,75,,
4226.2,0.0,,1515,1290,1226,1046,672,575,100,80,,
4227.2,0.0,,1516,1289,1226,1048,669,574,96,76,,
4228.2,0.0,,1515,1289,1225,1047,668,572,95,75,,
4229.2,0.0,,1516,1288,1223,1047,668,572,95,75,,
4230.2,0.0,,1517,1289,1226,1048,667,571,100,80,,
4231.2,0.0,,1515,1290,1226,1048,668,572,97,77,,
4232.2,0.0,,1516,1288,1227,1047,670,573,97,77,,
4233.2,0.0,,1515,1289,1225,1046,669,573,101,80,,
4234.2,0.0,,1516,1287,1224,1047,671,575,100,80,,
4235.2,0.0,,1515,1290,1226,1047,672,576,104,82,,
4236.2,0.0,,1517,1290,1225,1047,674,577,102,81,,
4237.2,0.0,,1518,1289,1227,1047,668,573,99,79,,
4238.2,0.0,,1517,1289,1226,1046,669,572,98,78,,
4239.2,0.0,,1515,1289,1225,1046,668,572,104,83,,
4240.2,0.0,,1514,1290,1226,1046,668,573,100,79,,
4241.2,0.0,,1516,1289,1226,1048,670,574,106,84,,
4242.2,0.0,,1517,1290,1226,1047,668,572,106,84,,
4243.2,0.0,,1515,1289,1225,1047,669,573,107,85,,
4244.2,0.0,,1516,1289,1226,1047,670,574,103,81,,
4245.2,0.0,,1518,1291,1225,1047,669,573,103,82,,
4246.2,0.0,,1514,1290,1225,1047,669,573,109,87,,
4247.2,0.0,,1515,1288,1224,1046,670,574,109,86,,
4248.2,0.0,,1515,1289,1226,1047,669,573,108,85,,
4249.2,0.0,,1517,1290,1225,1048,670,574,112,89,,
4250.2,0.0,,1516,1288,1226,1048,669,573,112,89,,
4251.2,0.0,,1515,1289,1226,1047,671,575,112,89,,
4252.2,0.0,,1516,1290,1225,1047,669,573,108,85,,
4253.2,0.0,,1515,1289,1226,1046,672,575,117,94,,
4254.2,0.0,,1517,1290,1226,1047,670,574,109,86,,
4255.2,0.0,,1517,1289,1224,1046,668,573,115,92,,
4256.2,0.0,,1516,1290,1227,1046,669,573,114,91,,
4257.2,0.0,,1517,1289,1225,1046,668,572,117,94,,
4258.2,0.0,,1516,1288,1225,1047,669,573,110,87,,
4259.2,0.0,,1517,1290,1224,1047,667,571,110,88,,
4260.2,0.0,,1516,1290,1225,1047,666,571,114,91,,
4261.2,0.0,,1517,1290,1224,1046,667,571,118,95,,
4262.2,0.0,,1516,1289,1225,1046,665,571,118,94,,
4263.2,0.0,,1517,1289,1224,1047,668,572,116,92,,
4264.2,0.0,,1516,1290,1225,1047,669,573,120,96,,
4265.2,0.0,,1516,1289,1222,1046,669,573,114,91,,
4266.2,0.0,,1517,1290,1223,1046,672,575,126,101,,
4267.2,0.0,,1518,1290,1226,1046,671,575,125,100,,
4268.2,0.0,,1516,1291,1226,1046,673,576,128,102,,
4269.2,0.0,,1516,1290,1225,1045,672,575,123,97,,
4270.2,0.0,,1517,1290,1226,1047,672,575,130,105,,
4271.2,0.0,,1516,1289,1223,1046,676,579,134,108,,
4272.2,0.0,,1516,1289,1224,1047,674,577,134,108,,
4273.2,0.0,,1517,1290,1223,1047,673,576,128,103,,
4274.2,0.0,,1515,1290,1225,1046,674,577,134,108,,
4275.2,0.0,,1517,1289,1225,1046,673,576,128,103,,
4276.2,0.0,,1517,1291,1225,1047,673,576,129,103,,
4277.2,0.0,,1518,1290,1225,1046,673,576,133,107,,
4278.2,0.0,,1517,1290,1225,1045,673,576,129,103,,
4279.2,0.0,,1516,1290,1226,1047,672,575,129,104,,
4280.2,0.0,,1517,1291,1225,1046,673,576,133,107,,
4281.2,0.0,,1518,1291,1224,1046,672,576,136,110,,
4282.2,0.0,,1518,1290,1224,1046,671,575,132,106,,
4283.2,0.0,,1519,1291,1226,1048,670,573,136,111,,
4284.2,0.0,,1517,1291,1226,1046,672,576,134,109,,
4285.2,0.0,,1518,1290,1225,1047,671,575,129,104,,
4286.2,0.0,,1518,1290,1223,1047,671,574,132,107,,
4287.2,0.0,,1518,1291,1224,1046,671,575,134,109,,
4288.2,0.0,,1519,1292,1224,1045,672,576,131,106,,
4289.2,0.0,,1518,1292,1226,1046,669,573,133,108,,
4290.2,0.0,,1517,1291,1225,1045,669,573,133,108,,
4291.2,0.0,,1520,1293,1226,1047,669,573,132,107,,
4292.2,0.0,,1518,1291,1224,1047,669,573,126,103,,
4293.2,0.0,,1518,1292,1223,1046,667,571,122,99,,
4294.2,0.0,,1520,1292,1224,1047,668,571,128,105,,
4295.2,0.0,,1519,1291,1225,1047,667,572,125,102,,
4296.2,0.0,,1519,1291,1225,1045,666,570,122,100,,
4297.2,0.0,,1519,1292,1225,1046,666,570,119,97,,
4298.2,0.0,,1520,1292,1226,1047,666,571,118,96,,
4299.2,0.0,,1520,1291,1225,1046,666,570,120,98,,
4300.2,0.0,,1519,1292,1225,1047,664,569,118,95,,
4301.2,0.0,,1520,1292,1225,1047,663,568,114,93,,
4302.2,0.0,,1519,1292,1225,1046,661,567,106,87,,
4303.2,0.0,,1518,1292,1225,1047,661,566,112,91,,
4304.2,0.0,,1520,1292,1226,1047,666,570,108,87,,
4305.2,0.0,,1520,1292,1226,1047,670,573,106,85,,
4306.2,0.0,,1520,1293,1226,1047,668,572,112,92,,
4307.2,0.0,,1522,1293,1225,1048,669,573,112,91,,
4308.2,0.0,,1521,1291,1225,1047,668,572,105,85,,
4309.2,0.0,,1519,1292,1225,1047,668,572,112,91,,
4310.2,0.0,,1519,1293,1225,1048,668,572,106,86,,
4311.2,0.0,,1520,1292,1226,1047,667,571,113,91,,
4312.2,0.0,,1519,1291,1226,1047,669,573,106,85,,
4313.2,0.0,,1521,1290,1224,1047,664,569,104,84,,
4314.2,0.0,,1520,1292,1225,1047,662,567,106,86,,
4315.2,0.0,,1521,1293,1226,1048,662,567,113,92,,
4316.2,0.0,,1520,1292,1226,1047,661,567,106,86,,
4317.2,0.0,,1521,1292,1225,1047,662,568,106,85,,
4318.2,0.0,,1521,1293,1227,1047,661,566,109,89,,
4319.2,0.0,,1521,1292,1226,1048,662,567,102,83,,
4320.2,0.0,,1521,1293,1227,1048,660,566,107,86,,
4321.2,0.0,,1521,1292,1225,1048,660,566,107,86,,
4322.2,0.0,,1520,1292,1227,1047,660,565,106,85,,
4323.2,0.0,,1521,1293,1226,1047,660,566,107,87,,
4324.2,0.0,,1522,1293,1226,1048,661,566,101,81,,
4325.2,0.0,,1519,1291,1226,1047,662,567,101,81,,
4326.2,0.0,,1522,1293,1226,1047,662,567,105,84,,
4327.2,0.0,,1523,1293,1226,1047,660,566,100,80,,
4328.2,0.0,,1520,1292,1227,1047,660,566,99,79,,
4329.2,0.0,,1521,1293,1227,1048,660,566,101,80,,
4330.2,0.0,,1523,1294,1226,1049,659,565,105,84,,
4331.2,0.0,,1521,1294,1227,1047,658,564,105,85,,
4332.2,0.0,,1523,1293,1226,1047,660,565,104,84,,
4333.2,0.0,,1521,1293,1227,1048,658,563,103,83,,
4334.2,0.0,,1518,1292,1226,1047,658,563,105,84,,
4335.2,0.0,,1523,1294,1228,1047,657,563,106,85,,
4336.2,0.0,,1522,1293,1227,1047,657,563,103,84,,
4337.2,0.0,,1522,1292,1225,1048,657,563,99,78,,
4338.2,0.0,,1521,1292,1225,1048,656,562,105,84,,
4339.2,0.0,,1521,1293,1226,1046,655,562,104,83,,
4340.2,0.0,,1522,1293,1225,1047,656,562,101,80,,
4341.2,0.0,,1521,1292,1227,1048,657,563,98,78,,
4342.2,0.0,,1522,1293,1227,1048,657,563,98,78,,
4343.2,0.0,,1521,1292,1227,1048,657,563,105,84,,
4344.2,0.0,,1520,1293,1227,1048,657,563,100,79,,
4345.2,0.0,,1523,1293,1227,1048,659,564,97,78,,
4346.2,0.0,,1519,1294,1227,1047,659,565,98,77,,
4347.2,0.0,,1519,1295,1225,1047,659,565,100,80,,
4348.2,0.0,,1522,1292,1228,1047,659,564,99,79,,
4349.2,0.0,,1522,1292,1226,1048,660,565,95,75,,
4350.2,0.0,,1521,1294,1225,1049,662,567,98,77,,
4351.2,0.0,,1522,1292,1226,1048,665,569,105,83,,
4352.2,0.0,,1520,1293,1227,1048,665,570,107,85,,
4353.2,0.0,,1522,1292,1226,1047,667,571,107,85,,
4354.2,0.0,,1521,1293,1227,1045,668,572,110,88,,
4355.2,0.0,,1522,1293,1228,1048,669,573,113,90,,
4356.2,0.0,,1521,1293,1226,1047,672,576,123,99,,
4357.2,0.0,,1521,1293,1226,1047,668,573,123,98,,
4358.2,0.0,,1520,1293,1225,1046,670,573,129,103,,
4359.2,0.0,,1523,1293,1224,1047,670,574,123,98,,
4360.2,0.0,,1521,1292,1227,1047,668,572,126,101,,
4361.2,0.0,,1522,1294,1225,1047,668,571,133,107,,
4362.2,0.0,,1520,1292,1226,1048,666,570,135,109,,
4363.2,0.0,,1523,1293,1225,1047,667,571,135,109,,
4364.2,0.0,,1524,1293,1225,1047,666,571,137,111,,
4365.2,0.0,,1521,1292,1224,1047,668,572,131,106,,
4366.2,0.0,,1523,1294,1226,1047,667,571,136,111,,
4367.2,0.0,,1523,1294,1225,1046,665,570,135,110,,
4368.2,0.0,,1521,1294,1224,1046,663,568,135,110,,
4369.2,0.0,,1523,1294,1226,1046,661,566,127,102,,
4370.2,0.0,,1523,1294,1224,1046,659,565,132,108,,
4371.2,0.0,,1524,1294,1226,1046,659,565,128,105,,
4372.2,0.0,,1524,1296,1225,1047,659,565,126,104,,
4373.2,0.0,,1522,1294,1225,1046,658,564,119,97,,
4374.2,0.0,,1523,1293,1226,1048,660,564,118,96,,
4375.2,0.0,,1524,1295,1226,1046,657,563,114,93,,
4376.2,0.0,,1524,1295,1224,1048,658,564,109,88,,
4377.2,0.0,,1522,1293,1225,1048,656,562,101,81,,
4378.2,0.0,,1518,1288,1224,1046,654,560,105,85,,
4379.2,0.0,,1515,1288,1223,1045,652,559,102,82,,
4380.2,0.0,,1511,1283,1214,1036,648,556,98,79,,
4381.2,0.0,,1506,1279,1211,1035,646,554,98,79,,
4382.2,0.0,,1504,1279,1209,1034,644,553,92,72,,
4383.2,0.0,,1501,1277,1210,1034,646,554,93,73,,
4384.2,0.0,,1501,1277,1210,1034,646,554,93,73,,
4385.2,0.0,,1497,1274,1208,1034,646,553,99,79,,
4386.2,0.0,,1429,1216,1203,1029,612,526,95,76,,
4387.2,0.0,,1360,1158,1201,1027,589,505,97,76,,
4388.2,0.0,,1336,1139,1188,1016,579,498,104,82,,
4389.2,0.0,,1323,1129,1174,1004,575,494,106,84,,
4390.2,0.0,,1310,1116,1147,982,569,489,112,89,,
4391.2,0.0,,1301,1111,1130,967,564,484,109,86,,
4392.2,0.0,,1295,1106,1116,957,562,484,109,87,,
4393.2,0.0,,1290,1099,1107,948,561,482,119,95,,
4394.2,0.0,,1198,1025,1096,939,514,443,118,94,,
4395.2,0.0,,1178,1007,1092,935,504,435,123,99,,
4396.2,0.0,,1158,989,1087,932,492,425,120,96,,
4397.2,0.0,,1139,975,1084,930,479,414,126,100,,
4398.2,0.0,,1131,966,1082,930,476,410,130,105,,
4399.2,0.0,,1126,964,1082,927,473,408,134,108,,
4400.2,0.0,,1124,963,1081,928,473,408,134,108,,
4401.2,0.0,,1121,962,1081,926,467,404,127,102,,
4402.2,0.0,,1122,961,1078,925,466,403,132,107,,
4403.2,0.0,,1119,959,1076,922,464,400,133,108,,
4404.2,0.0,,1120,960,1076,921,464,402,133,108,,
4405.2,0.0,,1106,947,1073,920,453,391,131,106,,
4406.2,0.0,,1101,942,1070,919,449,388,125,101,,
4407.2,0.0,,1095,938,1069,917,444,384,126,102,,
4408.2,0.0,,1090,932,1067,916,443,383,126,103,,
4409.2,0.0,,1084,931,1067,916,436,377,120,97,,
4410.2,0.0,,1084,930,1067,916,437,378,118,96,,
4411.2,0.0,,1083,929,1065,911,434,375,110,90,,
4412.2,0.0,,1083,929,1061,909,432,373,106,85,,
4413.2,0.0,,1083,928,1059,908,431,373,106,86,,
4414.2,0.0,,1078,924,1058,907,427,369,103,83,,
4415.2,0.0,,1078,923,1058,907,427,368,101,81,,
4416.2,0.0,,1077,924,1058,907,427,368,94,75,,
4417.2,0.0,,1076,921,1058,907,426,367,96,77,,
4418.2,0.0,,1075,922,1057,906,425,367,97,78,,
4419.2,0.0,,1074,922,1058,906,425,367,95,76,,
4420.2,0.0,,1075,919,1057,905,424,366,95,75,,
4421.2,0.0,,1074,920,1057,906,424,366,91,71,,
4422.2,0.0,,1070,920,1057,906,426,368,92,73,,
4423.2,0.0,,1069,918,1056,905,424,366,96,76,,
4424.2,0.0,,1068,916,1056,906,421,364,95,75,,
4425.2,0.0,,1067,916,1057,906,420,363,95,75,,
4426.2,0.0,,1067,916,1055,906,425,367,97,76,,
4427.2,0.0,,1066,916,1057,906,424,367,102,81,,
4428.2,0.0,,1067,916,1056,907,427,369,103,82,,
4429.2,0.0,,1068,916,1057,907,426,368,104,83,,
4430.2,0.0,,1069,917,1059,908,429,371,102,80,,
4431.2,0.0,,1069,918,1058,908,430,371,99,78,,
4432.2,0.0,,1071,919,1060,908,431,372,103,81,,
4433.2,0.0,,1073,920,1060,908,435,375,107,84,,
4434.2,0.0,,1076,923,1061,911,437,377,110,87,,
4435.2,0.0,,1079,925,1062,911,438,379,111,89,,
4436.2,0.0,,1079,925,1064,910,441,380,106,85,,
4437.2,0.0,,1079,925,1063,911,443,383,116,92,,
4438.2,0.0,,1082,927,1063,911,441,381,119,94,,
4439.2,0.0,,1083,929,1063,912,442,382,121,97,,
4440.2,0.0,,1086,930,1063,912,444,384,122,98,,
4441.2,0.0,,1086,931,1065,913,451,390,121,96,,
4442.2,0.0,,1089,932,1065,913,448,388,121,97,,
4443.2,0.0,,1090,936,1065,913,447,387,127,103,,
4444.2,0.0,,1092,936,1065,915,453,392,130,104,,
4445.2,0.0,,1094,937,1065,914,450,389,131,106,,
4446.2,0.0,,1096,938,1067,914,451,390,126,102,,
4447.2,0.0,,1097,939,1066,915,451,391,133,107,,
4448.2,0.0,,1097,941,1066,915,451,390,134,108,,
4449.2,0.0,,1097,941,1064,916,449,389,133,108,,
4450.2,0.0,,1100,942,1067,915,452,390,132,106,,
4451.2,0.0,,1100,942,1068,914,449,388,127,102,,
4452.2,0.0,,1101,944,1067,915,452,391,129,104,,
4453.2,0.0,,1103,945,1068,916,448,388,131,106,,
4454.2,0.0,,1105,946,1068,917,449,389,127,103,,
4455.2,0.0,,1104,947,1069,917,448,387,128,103,,
4456.2,0.0,,1106,948,1069,917,451,389,125,101,,
4457.2,0.0,,1108,950,1069,917,450,389,126,103,,
4458.2,0.0,,1107,949,1069,917,447,386,122,99,,
4459.2,0.0,,1109,949,1069,918,449,389,122,100,,
4460.2,0.0,,1110,950,1071,919,449,389,120,98,,
4461.2,0.0,,1110,951,1070,918,446,386,113,92,,
4462.2,0.0,,1112,952,1071,918,446,385,109,88,,
4463.2,0.0,,1113,951,1071,920,445,385,110,89,,
4464.2,0.0,,1112,953,1072,919,446,386,108,87,,
4465.2,0.0,,1112,954,1073,920,449,388,106,85,,
4466.2,0.0,,1113,953,1073,920,445,385,96,77,,
4467.2,0.0,,1114,953,1075,921,445,384,97,78,,
4468.2,0.0,,1115,954,1074,922,446,386,98,79,,
4469.2,0.0,,1114,955,1075,921,443,383,98,79,,
4470.2,0.0,,1116,955,1073,922,443,383,97,77,,
4471.2,0.0,,1115,954,1073,921,446,384,94,74,,
4472.2,0.0,,1116,956,1075,922,449,389,95,74,,
4473.2,0.0,,1115,956,1075,922,449,388,103,81,,
4474.2,0.0,,1117,956,1075,921,452,391,105,84,,
4475.2,0.0,,1118,957,1074,922,453,391,104,82,,
4476.2,0.0,,1118,958,1076,922,456,394,102,81,,
4477.2,0.0,,1117,958,1075,921,457,395,105,84,,
4478.2,0.0,,1118,959,1076,921,462,399,114,91,,
4479.2,0.0,,1120,959,1074,921,462,399,118,94,,
4480.2,0.0,,1121,959,1075,922,461,398,122,98,,
4481.2,0.0,,1120,960,1077,922,463,400,121,96,,
4482.2,0.0,,1121,960,1075,921,463,399,126,101,,
4483.2,0.0,,1121,961,1076,922,463,400,132,106,,
4484.2,0.0,,1122,962,1077,921,462,399,136,110,,
4485.2,0.0,,1122,963,1076,922,460,398,132,108,,
4486.2,0.0,,1124,963,1075,922,459,396,125,101,,
4487.2,0.0,,1125,963,1076,922,458,396,130,106,,
4488.2,0.0,,1124,963,1075,923,455,393,126,103,,
4489.2,0.0,,1125,963,1077,922,455,393,122,99,,
4490.2,0.0,,1126,964,1076,922,452,391,117,94,,
4491.2,0.0,,1127,965,1075,922,453,392,107,87,,
4492.2,0.0,,1127,963,1077,922,453,391,107,86,,
4493.2,0.0,,1129,964,1076,923,453,391,106,85,,
4494.2,0.0,,1128,965,1078,923,454,392,106,86,,
4495.2,0.0,,1128,965,1079,924,452,391,103,83,,
4496.2,0.0,,1130,966,1078,923,450,389,99,79,,
4497.2,0.0,,1129,966,1079,924,450,389,96,76,,
4498.2,0.0,,1130,967,1077,923,451,390,96,77,,
4499.2,0.0,,1130,966,1078,924,452,390,99,80,,
4500.2,0.0,,1131,968,1079,923,452,391,99,79,,
4501.2,0.0,,1131,967,1079,925,452,391,92,72,,
4502.2,0.0,,1131,968,1079,924,452,391,93,73,,
4503.2,0.0,,1131,968,1080,924,451,390,96,76,,
4504.2,0.0,,1132,970,1079,925,454,393,101,80,,
4505.2,0.0,,1132,968,1079,926,454,392,101,80,,
4506.2,0.0,,1131,970,1080,926,456,394,98,78,,
4507.2,0.0,,1133,969,1078,923,459,396,103,82,,
4508.2,0.0,,1134,969,1080,925,456,394,101,81,,
4509.2,0.0,,1132,969,1079,925,457,395,103,82,,
4510.2,0.0,,1134,970,1079,926,458,396,102,81,,
4511.2,0.0,,1132,970,1079,925,458,395,100,79,,
4512.2,0.0,,1135,971,1081,925,459,396,106,84,,
4513.2,0.0,,1134,972,1078,924,461,399,106,84,,
4514.2,0.0,,1135,972,1079,925,461,399,107,85,,
4515.2,0.0,,1135,972,1080,926,461,398,107,85,,
4516.2,0.0,,1135,973,1080,926,462,399,102,81,,
4517.2,0.0,,1137,973,1079,926,464,400,107,84,,
4518.2,0.0,,1135,972,1080,925,465,401,110,88,,
4519.2,0.0,,1136,973,1080,925,467,404,111,89,,
4520.2,0.0,,1136,973,1079,925,468,404,116,93,,
4521.2,0.0,,1139,973,1081,924,469,405,114,90,,
4522.2,0.0,,1138,974,1079,926,469,405,117,93,,
4523.2,0.0,,1137,974,1080,926,469,406,124,99,,
4524.2,0.0,,1140,974,1080,925,469,405,127,102,,
4525.2,0.0,,1138,975,1080,925,471,407,128,103,,
4526.2,0.0,,1139,976,1078,926,469,405,125,100,,
4527.2,0.0,,1140,975,1079,925,469,405,129,103,,
4528.2,0.0,,1141,976,1081,926,466,402,125,101,,
4529.2,0.0,,1140,977,1079,925,467,404,125,101,,
4530.2,0.0,,1141,978,1079,924,467,403,131,106,,
4531.2,0.0,,1141,976,1078,926,468,404,123,98,,
4532.2,0.0,,1142,977,1079,925,468,404,123,98,,
4533.2,0.0,,1143,978,1081,925,462,399,124,100,,
4534.2,0.0,,1142,978,1078,926,460,397,123,99,,
4535.2,0.0,,1143,977,1079,924,459,396,123,99,,
4536.2,0.0,,1142,978,1080,926,459,397,116,93,,
4537.2,0.0,,1144,979,1080,927,460,397,122,98,,
4538.2,0.0,,1143,979,1078,926,457,395,119,97,,
4539.2,0.0,,1145,979,1079,926,456,394,116,94,,
4540.2,0.0,,1144,980,1079,926,456,393,111,89,,
4541.2,0.0,,1144,980,1080,926,455,393,107,86,,
4542.2,0.0,,1145,981,1080,926,454,392,103,83,,
4543.2,0.0,,1145,980,1081,927,453,391,104,84,,
4544.2,0.0,,1145,980,1081,927,454,392,103,83,,
4545.2,0.0,,1144,980,1081,928,453,391,98,79,,
4546.2,0.0,,1146,981,1080,926,452,391,95,77,,
4547.2,0.0,,1145,981,1082,926,452,391,94,75,,
4548.2,0.0,,1145,981,1082,927,453,391,96,76,,
4549.2,0.0,,1146,979,1081,927,453,392,95,75,,
4550.2,0.0,,1147,982,1082,926,454,393,96,76,,
4551.2,0.0,,1146,980,1081,927,453,392,95,74,,
4552.2,0.0,,1146,981,1081,926,456,393,92,72,,
4553.2,0.0,,1147,982,1082,927,458,395,96,76,,
4554.2,0.0,,1146,981,1081,927,458,395,97,77,,
4555.2,0.0,,1145,981,1081,927,456,394,97,76,,
4556.2,0.0,,1145,982,1080,927,459,396,96,76,,
4557.2,0.0,,1146,981,1082,928,460,397,98,77,,
4558.2,0.0,,1148,981,1082,928,463,400,104,83,,
4559.2,0.0,,1148,982,1081,928,462,400,103,81,,
4560.2,0.0,,1148,982,1082,927,463,400,104,82,,
4561.2,0.0,,1147,982,1082,928,464,400,99,78,,
4562.2,0.0,,1148,983,1081,927,464,400,101,80,,
4563.2,0.0,,1148,982,1082,927,464,400,110,88,,
4564.2,0.0,,1148,983,1082,928,465,402,109,87,,
4565.2,0.0,,1148,984,1082,926,465,401,111,88,,
4566.2,0.0,,1149,985,1082,927,468,404,109,86,,
4567.2,0.0,,1149,982,1081,926,467,403,110,87,,
4568.2,0.0,,1150,984,1082,927,468,404,115,92,,
4569.2,0.0,,1148,983,1082,926,469,405,118,94,,
4570.2,0.0,,1149,982,1082,926,468,405,118,94,,
4571.2,0.0,,1148,982,1082,928,468,404,116,92,,
4572.2,0.0,,1149,983,1081,928,468,404,120,95,,
4573.2,0.0,,1151,984,1083,926,468,404,125,101,,
4574.2,0.0,,1151,983,1082,928,470,405,129,103,,
4575.2,0.0,,1150,984,1082,927,469,405,128,103,,
4576.2,0.0,,1153,985,1082,927,468,404,127,101,,
4577.2,0.0,,1152,985,1082,926,469,405,129,104,,
4578.2,0.0,,1152,985,1081,927,466,402,132,107,,
4579.2,0.0,,1150,984,1081,927,466,403,134,108,,
4580.2,0.0,,1152,986,1082,926,463,401,134,108,,
4581.2,0.0,,1154,988,1082,926,464,401,128,103,,
4582.2,0.0,,1152,988,1081,926,464,401,125,101,,
4583.2,0.0,,1154,986,1080,925,462,400,126,102,,
4584.2,0.0,,1154,986,1082,928,463,400,122,98,,
4585.2,0.0,,1155,988,1081,927,461,399,123,100,,
4586.2,0.0,,1156,989,1082,927,460,397,112,91,,
4587.2,0.0,,1154,990,1082,927,459,396,113,92,,
4588.2,0.0,,1155,989,1082,928,459,397,114,93,,
4589.2,0.0,,1158,989,1081,927,458,396,112,91,,
4590.2,0.0,,1155,991,1082,928,456,394,108,88,,
4591.2,0.0,,1157,990,1082,926,457,394,102,82,,
4592.2,0.0,,1158,990,1082,926,457,394,101,81,,
4593.2,0.0,,1159,991,1083,927,456,394,103,84,,
4594.2,0.0,,1159,990,1082,928,456,393,100,81,,
4595.2,0.0,,1159,990,1082,928,455,393,99,79,,
4596.2,0.0,,1158,990,1082,928,456,393,94,74,,
4597.2,0.0,,1158,991,1081,927,454,392,95,75,,
4598.2,0.0,,1158,990,1084,928,455,393,98,77,,
4599.2,0.0,,1159,991,1082,929,456,395,95,75,,
4600.2,0.0,,1158,991,1083,929,458,396,98,78,,
4601.2,0.0,,1157,991,1083,929,456,394,93,73,,
4602.2,0.0,,1157,991,1082,928,459,395,95,75,,
4603.2,0.0,,1159,991,1084,929,460,398,101,80,,
4604.2,0.0,,1160,991,1084,928,462,399,100,80,,
4605.2,0.0,,1159,992,1083,928,465,401,102,81,,
4606.2,0.0,,1157,990,1083,929,464,401,103,81,,
4607.2,0.0,,1159,991,1084,930,467,403,109,87,,
4608.2,0.0,,1159,992,1083,928,469,404,112,89,,
4609.2,0.0,,1160,992,1083,929,468,404,113,90,,
4610.2,0.0,,1159,992,1084,928,471,406,117,94,,
4611.2,0.0,,1159,990,1083,928,471,406,119,94,,
4612.2,0.0,,1161,991,1083,927,471,406,123,98,,
4613.2,0.0,,1160,992,1083,928,472,408,127,101,,
4614.2,0.0,,1159,992,1082,927,473,408,129,104,,
4615.2,0.0,,1158,992,1082,927,469,406,130,105,,
4616.2,0.0,,1160,992,1083,927,472,407,126,102,,
4617.2,0.0,,1159,993,1082,928,470,406,132,107,,
4618.2,0.0,,1161,993,1083,927,470,406,135,109,,
4619.2,0.0,,1162,993,1083,927,470,406,132,107,,
4620.2,0.0,,1161,993,1081,927,465,402,127,103,,
4621.2,0.0,,1161,993,1081,928,465,402,120,97,,
4622.2,0.0,,1161,993,1080,926,466,402,121,99,,
4623.2,0.0,,1163,994,1082,928,464,400,118,95,,
4624.2,0.0,,1161,994,1083,927,463,400,111,90,,
4625.2,0.0,,1164,994,1083,927,464,401,112,92,,
4626.2,0.0,,1161,995,1083,928,462,399,105,84,,
4627.2,0.0,,1163,994,1083,927,461,398,102,82,,
4628.2,0.0,,1164,995,1082,928,460,397,110,89,,
4629.2,0.0,,1163,995,1083,929,457,395,104,84,,
4630.2,0.0,,1165,996,1083,928,457,394,101,81,,
4631.2,0.0,,1164,995,1084,929,458,395,94,74,,
4632.2,0.0,,1164,995,1083,928,458,395,96,76,,
4633.2,0.0,,1163,995,1082,930,460,397,99,79,,
4634.2,0.0,,1165,995,1084,929,460,397,96,77,,
4635.2,0.0,,1165,996,1085,930,459,396,96,76,,
4636.2,0.0,,1164,996,1085,929,459,396,93,73,,
4637.2,0.0,,1165,996,1084,928,462,398,95,75,,
4638.2,0.0,,1162,996,1083,929,462,399,98,78,,
4639.2,0.0,,1165,995,1084,928,464,400,104,82,,
4640.2,0.0,,1164,996,1083,928,466,402,104,82,,
4641.2,0.0,,1162,997,1084,930,470,405,103,81,,
4642.2,0.0,,1163,995,1083,929,470,405,108,86,,
4643.2,0.0,,1165,996,1083,928,473,408,116,93,,
4644.2,0.0,,1165,995,1082,927,474,409,119,95,,
4645.2,0.0,,1166,996,1083,929,476,411,125,99,,
4646.2,0.0,,1164,996,1083,928,475,410,124,99,,
4647.2,0.0,,1166,998,1083,926,473,409,131,105,,
4648.2,0.0,,1165,998,1083,928,470,406,131,106,,
4649.2,0.0,,1166,997,1083,929,471,406,132,107,,
4650.2,0.0,,1167,996,1084,928,470,405,131,106,,
4651.2,0.0,,1167,997,1083,928,467,404,125,101,,
4652.2,0.0,,1168,998,1082,929,467,403,122,99,,
4653.2,0.0,,1167,998,1084,928,463,400,121,98,,
4654.2,0.0,,1168,998,1084,927,465,402,123,101,,
4655.2,0.0,,1167,997,1084,928,462,399,111,90,,
4656.2,0.0,,1167,999,1083,928,463,400,107,86,,
4657.2,0.0,,1168,998,1085,928,460,398,103,82,,
4658.2,0.0,,1167,999,1084,928,461,398,103,83,,
4659.2,0.0,,1168,1000,1084,928,460,397,99,80,,
4660.2,0.0,,1168,999,1084,929,459,396,96,77,,
4661.2,0.0,,1167,999,1084,928,460,397,89,71,,
4662.2,0.0,,1168,998,1082,930,462,399,92,72,,
4663.2,0.0,,1168,999,1085,930,462,398,97,77,,
4664.2,0.0,,1168,1000,1086,929,466,403,101,81,,
4665.2,0.0,,1167,1000,1083,930,463,400,99,79,,
4666.2,0.0,,1169,999,1085,930,468,404,97,76,,
4667.2,0.0,,1167,999,1086,929,470,405,106,83,,
4668.2,0.0,,1168,998,1084,929,470,406,112,89,,
4669.2,0.0,,1168,999,1086,929,475,410,114,91,,
4670.2,0.0,,1168,999,1083,928,473,409,119,95,,
4671.2,0.0,,1166,999,1082,929,481,414,122,97,,
4672.2,0.0,,1168,999,1083,928,479,413,123,98,,
4673.2,0.0,,1169,1000,1084,928,477,412,130,105,,
4674.2,0.0,,1166,1000,1082,928,478,412,132,106,,
4675.2,0.0,,1170,1001,1083,928,476,410,131,106,,
4676.2,0.0,,1170,1000,1083,929,474,409,127,102,,
4677.2,0.0,,1169,1000,1082,929,473,408,128,103,,
4678.2,0.0,,1170,1001,1082,929,472,407,127,103,,
4679.2,0.0,,1170,1000,1082,929,472,407,127,104,,
4680.2,0.0,,1170,1001,1083,928,469,405,121,98,,
4681.2,0.0,,1172,1001,1083,928,469,405,117,94,,
4682.2,0.0,,1171,1002,1082,928,466,402,112,91,,
4683.2,0.0,,1170,1001,1083,929,466,402,111,90,,
4684.2,0.0,,1171,1001,1083,928,465,401,106,86,,
4685.2,0.0,,1170,1001,1083,929,464,401,102,82,,
4686.2,0.0,,1171,1002,1084,930,463,401,96,77,,
4687.2,0.0,,1172,1001,1082,929,465,401,96,76,,
4688.2,0.0,,1171,1001,1084,929,465,402,99,80,,
4689.2,0.0,,1170,1002,1083,929,464,401,98,78,,
4690.2,0.0,,1171,1002,1084,930,465,402,98,78,,
4691.2,0.0,,1170,1002,1084,930,464,401,91,72,,
4692.2,0.0,,1171,1002,1084,930,465,402,94,74,,
4693.2,0.0,,1172,1002,1084,929,470,405,98,78,,
4694.2,0.0,,1171,1001,1083,929,470,405,99,79,,
4695.2,0.0,,1172,1002,1085,930,469,405,100,79,,
4696.2,0.0,,1171,1001,1084,931,473,408,101,80,,
4697.2,0.0,,1171,1001,1082,930,475,410,108,85,,
4698.2,0.0,,1171,1000,1084,928,474,409,110,87,,
4699.2,0.0,,1173,1002,1084,930,475,410,115,92,,
4700.2,0.0,,1172,1002,1085,929,476,411,122,97,,
4701.2,0.0,,1172,1003,1084,929,480,413,118,94,,
4702.2,0.0,,1170,1001,1083,929,478,412,120,95,,
4703.2,0.0,,1172,1002,1084,929,479,414,123,99,,
4704.2,0.0,,1172,1002,1083,928,480,414,127,101,,
4705.2,0.0,,1173,1002,1083,928,479,413,127,102,,
4706.2,0.0,,1171,1002,1083,929,479,413,121,96,,
4707.2,0.0,,1172,1002,1083,929,479,413,126,100,,
4708.2,0.0,,1173,1002,1083,929,478,413,130,104,,
4709.2,0.0,,1172,1002,1084,929,479,413,132,106,,
4710.2,0.0,,1172,1003,1085,928,478,413,131,106,,
4711.2,0.0,,1173,1003,1084,929,477,412,127,102,,
4712.2,0.0,,1173,1002,1083,929,477,411,125,100,,
4713.2,0.0,,1172,1002,1083,928,475,410,132,106,,
4714.2,0.0,,1175,1003,1084,929,477,412,132,107,,
4715.2,0.0,,1173,1003,1082,929,476,411,131,106,,
4716.2,0.0,,1173,1004,1082,929,474,409,127,102,,
4717.2,0.0,,1172,1002,1083,928,476,411,130,105,,
4718.2,0.0,,1173,1004,1084,929,473,408,126,101,,
4719.2,0.0,,1173,1003,1084,930,475,410,126,103,,
4720.2,0.0,,1173,1004,1084,930,471,407,124,100,,
4721.2,0.0,,1174,1004,1083,929,472,407,116,94,,
4722.2,0.0,,1174,1004,1084,929,472,407,115,93,,
4723.2,0.0,,1175,1005,1084,931,472,407,115,93,,
4724.2,0.0,,1174,1004,1084,928,471,407,116,94,,
4725.2,0.0,,1175,1004,1085,929,472,407,116,94,,
4726.2,0.0,,1175,1004,1082,930,467,404,107,86,,
4727.2,0.0,,1176,1005,1084,927,469,405,105,84,,
4728.2,0.0,,1176,1004,1084,929,467,404,104,83,,
4729.2,0.0,,1176,1005,1084,929,467,404,101,81,,
4730.2,0.0,,1175,1004,1085,929,470,406,105,85,,
4731.2,0.0,,1175,1004,1084,931,468,404,97,77,,
4732.2,0.0,,1174,1004,1085,930,467,403,98,79,,
4733.2,0.0,,1173,1005,1084,929,467,404,99,80,,
4734.2,0.0,,1174,1004,1084,930,468,404,96,76,,
4735.2,0.0,,1176,1004,1083,929,466,403,98,78,,
4736.2,0.0,,1174,1003,1085,930,468,404,92,72,,
4737.2,0.0,,1175,1004,1085,931,468,404,94,75,,
4738.2,0.0,,1174,1005,1086,929,469,405,99,80,,
4739.2,0.0,,1174,1005,1084,929,467,404,97,77,,
4740.2,0.0,,1174,1004,1085,929,469,405,97,77,,
4741.2,0.0,,1175,1004,1085,930,470,405,92,72,,
4742.2,0.0,,1176,1004,1085,930,472,407,98,77,,
4743.2,0.0,,1175,1004,1085,930,475,409,99,78,,
4744.2,0.0,,1174,1004,1086,930,474,409,102,81,,
4745.2,0.0,,1175,1003,1084,929,476,410,103,82,,
4746.2,0.0,,1175,1003,1084,929,477,411,100,79,,
4747.2,0.0,,1174,1003,1083,930,478,412,104,82,,
4748.2,0.0,,1175,1003,1085,928,481,415,114,91,,
4749.2,0.0,,1175,1003,1084,930,481,415,118,94,,
4750.2,0.0,,1175,1003,1083,930,482,416,116,93,,
4751.2,0.0,,1174,1006,1084,930,484,417,116,92,,
4752.2,0.0,,1176,1005,1083,930,484,418,124,98,,
4753.2,0.0,,1175,1004,1084,930,483,417,128,103,,
4754.2,0.0,,1175,1004,1084,930,486,420,131,105,,
4755.2,0.0,,1174,1005,1083,929,482,416,135,109,,
4756.2,0.0,,1176,1004,1083,928,481,415,131,105,,
4757.2,0.0,,1176,1005,1083,929,481,416,133,107,,
4758.2,0.0,,1175,1006,1084,929,480,415,132,107,,
4759.2,0.0,,1175,1004,1083,930,479,414,131,106,,
4760.2,0.0,,1177,1005,1084,929,479,413,125,101,,
4761.2,0.0,,1175,1005,1084,930,478,412,120,97,,
4762.2,0.0,,1176,1005,1084,929,477,411,116,94,,
4763.2,0.0,,1176,1006,1083,929,475,410,113,92,,
4764.2,0.0,,1176,1006,1084,929,473,409,111,90,,
4765.2,0.0,,1177,1007,1084,930,474,409,108,87,,
4766.2,0.0,,1176,1006,1085,930,473,408,100,80,,
4767.2,0.0,,1176,1008,1085,930,472,408,99,79,,
4768.2,0.0,,1176,1005,1085,930,471,406,98,79,,
4769.2,0.0,,1177,1007,1084,930,471,407,99,80,,
4770.2,0.0,,1177,1007,1085,930,472,408,99,80,,
4771.2,0.0,,1177,1008,1085,930,475,410,94,74,,
4772.2,0.0,,1176,1006,1085,930,474,408,92,73,,
4773.2,0.0,,1176,1006,1084,931,474,408,96,77,,
4774.2,0.0,,1176,1007,1084,930,474,409,97,77,,
4775.2,0.0,,1177,1006,1085,931,473,408,95,75,,
4776.2,0.0,,1176,1006,1084,931,476,410,93,74,,
4777.2,0.0,,1176,1007,1086,930,477,411,96,75,,
4778.2,0.0,,1176,1007,1084,930,474,409,96,76,,
4779.2,0.0,,1177,1005,1086,932,478,412,97,77,,
4780.2,0.0,,1177,1005,1085,932,480,414,99,79,,
4781.2,0.0,,1177,1008,1085,931,481,414,94,75,,
4782.2,0.0,,1177,1006,1087,930,480,414,98,77,,
4783.2,0.0,,1177,1007,1086,931,481,415,102,81,,
4784.2,0.0,,1178,1006,1084,931,484,417,103,82,,
4785.2,0.0,,1177,1006,1084,931,480,414,104,82,,
4786.2,0.0,,1177,1006,1086,930,485,418,103,81,,
4787.2,0.0,,1177,1006,1083,930,486,420,108,85,,
4788.2,0.0,,1176,1006,1085,930,488,421,115,92,,
4789.2,0.0,,1176,1006,1084,929,490,423,117,94,,
4790.2,0.0,,1176,1007,1084,929,489,422,120,96,,
4791.2,0.0,,1177,1006,1084,929,490,422,119,94,,
4792.2,0.0,,1177,1007,1084,929,490,423,117,93,,
4793.2,0.0,,1177,1006,1085,930,490,423,125,100,,
4794.2,0.0,,1179,1007,1084,929,491,423,126,101,,
4795.2,0.0,,1177,1008,1084,930,489,421,126,101,,
4796.2,0.0,,1177,1007,1083,930,491,423,122,98,,
4797.2,0.0,,1178,1006,1083,929,490,422,126,100,,
4798.2,0.0,,1178,1007,1084,930,489,421,128,103,,
4799.2,0.0,,1176,1007,1083,930,491,424,129,104,,
4800.2,0.0,,1178,1006,1085,930,490,423,129,104,,
4801.2,0.0,,1178,1006,1083,930,491,423,124,99,,
4802.2,0.0,,1177,1007,1084,930,489,421,125,100,,
4803.2,0.0,,1179,1007,1084,929,487,420,130,104,,
4804.2,0.0,,1177,1007,1084,930,487,420,129,104,,
4805.2,0.0,,1178,1008,1084,929,487,420,129,104,,
4806.2,0.0,,1178,1007,1084,929,488,421,125,100,,
4807.2,0.0,,1179,1008,1085,929,487,420,131,106,,
4808.2,0.0,,1178,1008,1084,929,488,421,131,106,,
4809.2,0.0,,1177,1006,1083,930,486,420,133,107,,
4810.2,0.0,,1179,1008,1084,927,487,420,131,106,,
4811.2,0.0,,1178,1007,1084,929,486,419,125,101,,
4812.2,0.0,,1179,1007,1083,929,486,419,125,100,,
4813.2,0.0,,1178,1009,1085,929,483,417,130,105,,
4814.2,0.0,,1178,1006,1084,929,484,417,130,105,,
4815.2,0.0,,1178,1007,1083,929,482,416,129,104,,
4816.2,0.0,,1179,1008,1085,929,483,417,121,97,,
4817.2,0.0,,1178,1007,1083,929,481,416,124,100,,
4818.2,0.0,,1179,1008,1083,929,480,415,123,100,,
4819.2,0.0,,1179,1008,1082,930,482,416,123,100,,
4820.2,0.0,,1178,1009,1084,929,480,414,120,98,,
4821.2,0.0,,1181,1007,1085,930,479,413,116,93,,
4822.2,0.0,,1179,1008,1084,930,479,413,115,93,,
4823.2,0.0,,1180,1009,1085,930,479,413,115,93,,
4824.2,0.0,,1181,1009,1084,929,480,414,115,94,,
4825.2,0.0,,1181,1009,1084,929,479,414,113,92,,
4826.2,0.0,,1180,1010,1084,929,478,413,106,85,,
4827.2,0.0,,1180,1010,1084,930,478,413,106,86,,
4828.2,0.0,,1179,1009,1084,929,480,414,110,89,,
4829.2,0.0,,1178,1009,1084,929,479,413,109,89,,
4830.2,0.0,,1181,1009,1085,929,478,413,109,88,,
4831.2,0.0,,1179,1008,1085,929,479,413,102,82,,
4832.2,0.0,,1180,1009,1084,931,478,413,103,83,,
4833.2,0.0,,1178,1007,1083,929,476,411,105,84,,
4834.2,0.0,,1180,1008,1084,929,477,412,105,85,,
4835.2,0.0,,1179,1009,1085,929,477,412,103,83,,
4836.2,0.0,,1180,1009,1084,931,476,410,96,78,,
4837.2,0.0,,1179,1009,1085,930,476,410,98,78,,
4838.2,0.0,,1182,1010,1085,931,476,411,101,82,,
4839.2,0.0,,1182,1010,1085,931,478,412,99,79,,
4840.2,0.0,,1180,1009,1086,929,477,412,99,79,,
4841.2,0.0,,1179,1010,1086,931,475,410,93,73,,
4842.2,0.0,,1179,1009,1086,932,475,410,94,74,,
4843.2,0.0,,1181,1009,1086,931,475,410,96,76,,
4844.2,0.0,,1181,1010,1085,931,478,413,97,77,,
4845.2,0.0,,1181,1010,1086,930,476,411,97,77,,
4846.2,0.0,,1179,1009,1086,931,478,412,91,71,,
4847.2,0.0,,1180,1010,1086,930,476,411,98,77,,
4848.2,0.0,,1180,1009,1086,931,479,414,100,79,,
4849.2,0.0,,1179,1008,1084,931,477,412,98,78,,
4850.2,0.0,,1182,1010,1086,931,476,411,98,78,,
4851.2,0.0,,1181,1008,1085,930,477,412,95,75,,
4852.2,0.0,,1180,1010,1085,931,478,413,95,75,,
4853.2,0.0,,1181,1010,1085,931,477,411,96,76,,
4854.2,0.0,,1181,1008,1086,931,478,412,98,78,,
4855.2,0.0,,1180,1009,1086,930,478,412,98,78,,
4856.2,0.0,,1181,1009,1085,932,476,410,96,76,,
4857.2,0.0,,1181,1009,1085,931,477,411,93,72,,
4858.2,0.0,,1181,1010,1085,930,477,411,99,78,,
4859.2,0.0,,1181,1010,1085,931,476,411,97,77,,
4860.2,0.0,,1181,1010,1085,930,474,409,96,76,,
4861.2,0.0,,1181,1010,1086,931,476,410,93,73,,
4862.2,0.0,,1183,1009,1085,930,476,411,97,77,,
4863.2,0.0,,1181,1009,1086,931,475,409,95,76,,
4864.2,0.0,,1181,1011,1086,930,476,411,97,78,,
4865.2,0.0,,1182,1010,1085,931,475,410,97,77,,
4866.2,0.0,,1181,1010,1087,930,476,410,90,71,,
4867.2,0.0,,1181,1010,1086,930,476,410,95,76,,
4868.2,0.0,,1182,1009,1086,931,476,411,97,77,,
4869.2,0.0,,1181,1010,1085,930,475,410,98,79,,
4870.2,0.0,,1181,1010,1085,930,478,413,98,78,,
4871.2,0.0,,1184,1010,1085,931,476,411,94,74,,
4872.2,0.0,,1181,1010,1085,930,477,411,95,76,,
4873.2,0.0,,1181,1011,1085,931,475,409,97,78,,
4874.2,0.0,,1181,1010,1084,931,476,410,97,78,,
4875.2,0.0,,1182,1011,1084,930,478,412,98,78,,
4876.2,0.0,,1181,1012,1086,931,477,412,93,74,,
4877.2,0.0,,1183,1011,1086,931,477,412,96,77,,
4878.2,0.0,,1182,1011,1085,931,479,413,104,83,,
4879.2,0.0,,1183,1011,1085,931,480,414,105,84,,
4880.2,0.0,,1183,1011,1085,932,477,412,103,83,,
4881.2,0.0,,1183,1010,1087,931,478,412,101,82,,
4882.2,0.0,,1182,1011,1087,930,478,412,98,79,,
4883.2,0.0,,1184,1011,1086,930,477,412,103,83,,
4884.2,0.0,,1184,1011,1085,930,479,413,105,84,,
4885.2,0.0,,1184,1012,1085,930,478,413,108,88,,
4886.2,0.0,,1183,1011,1085,929,479,414,103,83,,
4887.2,0.0,,1183,1010,1085,931,481,416,108,87,,
4888.2,0.0,,1183,1010,1084,931,482,416,117,95,,
4889.2,0.0,,1185,1012,1085,930,482,417,119,96,,
4890.2,0.0,,1183,1011,1084,929,483,417,120,98,,
4891.2,0.0,,1184,1010,1085,929,483,417,119,96,,
4892.2,0.0,,1183,1012,1086,929,486,419,127,103,,
4893.2,0.0,,1181,1012,1084,930,485,418,133,107,,
4894.2,0.0,,1182,1011,1085,930,489,422,132,106,,
4895.2,0.0,,1182,1011,1084,930,487,420,132,107,,
4896.2,0.0,,1182,1010,1084,930,490,422,128,103,,
4897.2,0.0,,1181,1012,1085,930,492,423,131,105,,
4898.2,0.0,,1182,1012,1085,931,491,423,129,104,,
4899.2,0.0,,1183,1011,1085,930,493,425,127,102,,
4900.2,0.0,,1182,1011,1085,931,492,425,123,98,,
4901.2,0.0,,1182,1010,1087,931,491,423,114,90,,
4902.2,0.0,,1182,1011,1086,931,489,422,111,87,,
4903.2,0.0,,1182,1009,1084,931,486,419,109,86,,
4904.2,0.0,,1184,1012,1086,932,485,419,106,84,,
4905.2,0.0,,1184,1011,1085,931,482,415,99,78,,
4906.2,0.0,,1184,1011,1087,931,481,415,95,75,,
4907.2,0.0,,1184,1012,1086,931,482,415,98,78,,
4908.2,0.0,,1183,1012,1086,931,483,416,101,81,,
4909.2,0.0,,1182,1012,1086,931,479,413,103,82,,
4910.2,0.0,,1181,1010,1085,931,479,414,103,84,,
4911.2,0.0,,1184,1011,1085,931,479,413,103,83,,
4912.2,0.0,,1184,1012,1085,930,480,414,106,85,,
4913.2,0.0,,1184,1012,1084,931,480,414,115,93,,
4914.2,0.0,,1184,1012,1085,930,480,414,125,102,,
4915.2,0.0,,1183,1012,1085,930,483,417,127,103,,
4916.2,0.0,,1183,1012,1083,929,485,418,126,101,,
4917.2,0.0,,1183,1011,1084,931,488,421,130,105,,
4918.2,0.0,,1183,1011,1085,929,491,423,134,108,,
4919.2,0.0,,1183,1010,1086,929,494,426,128,103,,
4920.2,0.0,,1183,1010,1085,929,487,420,119,95,,
4921.2,0.0,,1182,1011,1085,931,487,419,108,86,,
4922.2,0.0,,1183,1011,1086,930,487,420,107,84,,
4923.2,0.0,,1181,1012,1085,931,483,417,108,85,,
4924.2,0.0,,1185,1012,1085,932,483,417,105,83,,
4925.2,0.0,,1184,1012,1086,931,480,414,102,81,,
4926.2,0.0,,1184,1011,1086,931,482,416,95,75,,
4927.2,0.0,,1183,1011,1085,930,479,413,97,77,,
4928.2,0.0,,1184,1011,1084,931,480,414,104,84,,
4929.2,0.0,,1186,1013,1084,931,480,414,104,84,,
4930.2,0.0,,1185,1013,1085,931,481,416,107,86,,
4931.2,0.0,,1184,1013,1086,931,480,414,103,83,,
4932.2,0.0,,1183,1012,1085,931,481,415,110,89,,
4933.2,0.0,,1185,1012,1085,929,481,415,117,94,,
4934.2,0.0,,1185,1013,1085,930,486,419,122,99,,
4935.2,0.0,,1184,1012,1084,931,484,418,133,108,,
4936.2,0.0,,1185,1013,1085,931,487,420,128,103,,
4937.2,0.0,,1184,1012,1084,930,489,421,128,102,,
4938.2,0.0,,1184,1012,1086,930,491,423,132,106,,
4939.2,0.0,,1185,1012,1085,931,491,424,129,103,,
4940.2,0.0,,1182,1011,1084,931,493,425,125,100,,
4941.2,0.0,,1184,1011,1086,931,491,423,112,89,,
4942.2,0.0,,1184,1012,1085,931,489,421,112,88,,
4943.2,0.0,,1183,1012,1087,932,485,418,107,85,,
4944.2,0.0,,1184,1012,1087,931,484,416,103,81,,
4945.2,0.0,,1183,1011,1086,931,479,413,99,79,,
4946.2,0.0,,1185,1012,1085,931,480,413,93,73,,
4947.2,0.0,,1185,1013,1086,932,476,410,92,72,,
4948.2,0.0,,1185,1013,1087,932,477,411,95,75,,
4949.2,0.0,,1185,1013,1086,931,477,411,97,76,,
4950.2,0.0,,1186,1013,1087,933,472,408,96,76,,
4951.2,0.0,,1185,1013,1088,932,475,409,94,75,,
4952.2,0.0,,1188,1013,1086,931,474,409,97,78,,
4953.2,0.0,,1186,1014,1087,931,475,410,101,82,,
4954.2,0.0,,1185,1013,1084,930,475,411,107,86,,
4955.2,0.0,,1186,1015,1085,930,479,413,110,89,,
4956.2,0.0,,1186,1014,1085,931,478,412,110,90,,
4957.2,0.0,,1186,1013,1084,931,479,413,115,93,,
4958.2,0.0,,1185,1013,1085,931,480,415,126,102,,
4959.2,0.0,,1185,1013,1085,930,484,417,130,105,,
4960.2,0.0,,1185,1013,1086,930,485,418,132,106,,
4961.2,0.0,,1184,1013,1085,930,486,419,126,101,,
4962.2,0.0,,1183,1013,1085,931,487,420,124,99,,
4963.2,0.0,,1185,1011,1085,929,485,418,126,101,,
4964.2,0.0,,1186,1013,1085,931,490,422,119,94,,
4965.2,0.0,,1185,1014,1085,931,488,420,116,93,,
4966.2,0.0,,1186,1012,1086,931,485,418,108,85,,
4967.2,0.0,,1184,1014,1088,931,483,416,103,82,,
4968.2,0.0,,1185,1013,1086,930,478,412,101,81,,
4969.2,0.0,,1186,1013,1086,931,475,410,98,77,,
4970.2,0.0,,1185,1012,1087,931,477,411,99,79,,
4971.2,0.0,,1186,1015,1086,932,477,411,96,76,,
4972.2,0.0,,1185,1014,1085,932,475,410,96,77,,
4973.2,0.0,,1188,1015,1086,931,476,411,109,87,,
4974.2,0.0,,1187,1014,1086,931,479,413,114,92,,
4975.2,0.0,,1187,1015,1086,931,480,415,122,99,,
4976.2,0.0,,1185,1015,1085,931,484,417,126,102,,
4977.2,0.0,,1185,1014,1085,931,487,420,129,104,,
4978.2,0.0,,1187,1011,1085,930,488,421,133,107,,
4979.2,0.0,,1186,1015,1085,930,490,423,129,104,,
4980.2,0.0,,1185,1013,1086,930,490,422,126,101,,
4981.2,0.0,,1185,1013,1085,930,489,421,115,91,,
4982.2,0.0,,1185,1013,1087,931,488,420,111,88,,
4983.2,0.0,,1187,1013,1086,931,487,420,109,86,,
4984.2,0.0,,1186,1014,1087,932,483,416,104,82,,
4985.2,0.0,,1187,1012,1086,931,480,414,103,83,,
4986.2,0.0,,1186,1014,1087,932,478,412,95,75,,
4987.2,0.0,,1186,1014,1086,933,475,410,93,73,,
4988.2,0.0,,1187,1016,1086,932,473,408,95,75,,
4989.2,0.0,,1185,1015,1087,932,475,410,97,77,,
4990.2,0.0,,1188,1016,1086,932,475,409,107,85,,
4991.2,0.0,,1188,1015,1087,931,479,413,102,82,,
4992.2,0.0,,1187,1016,1085,931,478,412,110,89,,
4993.2,0.0,,1187,1015,1086,931,480,414,120,97,,
4994.2,0.0,,1187,1015,1085,929,482,416,123,100,,
4995.2,0.0,,1186,1015,1087,930,484,417,130,105,,
4996.2,0.0,,1188,1015,1087,931,487,420,130,105,,
4997.2,0.0,,1186,1016,1087,930,487,421,131,105,,
4998.2,0.0,,1187,1014,1085,930,488,421,128,103,,
4999.2,0.0,,1185,1013,1086,931,488,421,125,100,,
5000.2,0.0,,1188,1014,1086,931,490,423,120,95,,
5001.2,0.0,,1187,1014,1086,932,487,420,105,83,,
5002.2,0.0,,1186,1015,1086,931,484,417,102,80,,
5003.2,0.0,,1186,1016,1086,933,482,416,102,82,,
5004.2,0.0,,1187,1016,1087,932,478,412,98,78,,
5005.2,0.0,,1188,1015,1087,932,476,411,96,76,,
5006.2,0.0,,1189,1017,1087,931,476,411,91,72,,
5007.2,0.0,,1188,1016,1088,933,471,407,100,81,,
5008.2,0.0,,1188,1016,1086,932,471,406,105,84,,
5009.2,0.0,,1186,1017,1087,931,474,409,110,88,,
5010.2,0.0,,1188,1016,1085,930,475,410,117,95,,
5011.2,0.0,,1188,1017,1086,932,476,411,113,91,,
5012.2,0.0,,1187,1016,1084,931,477,411,118,95,,
5013.2,0.0,,1187,1016,1086,930,480,415,126,103,,
5014.2,0.0,,1188,1015,1085,930,482,416,126,102,,
5015.2,0.0,,1188,1015,1086,930,482,415,132,107,,
5016.2,0.0,,1189,1015,1085,931,484,417,129,104,,
5017.2,0.0,,1187,1016,1085,931,484,418,126,102,,
5018.2,0.0,,1186,1015,1085,931,484,418,131,105,,
5019.2,0.0,,1187,1015,1087,932,489,421,128,102,,
5020.2,0.0,,1185,1014,1086,931,487,420,122,98,,
5021.2,0.0,,1188,1016,1085,931,486,419,115,91,,
5022.2,0.0,,1187,1016,1087,932,485,418,107,85,,
5023.2,0.0,,1188,1016,1087,932,483,417,109,87,,
5024.2,0.0,,1188,1015,1087,933,481,414,104,83,,
5025.2,0.0,,1187,1015,1089,934,478,413,100,79,,
5026.2,0.0,,1188,1016,1088,932,473,408,95,75,,
5027.2,0.0,,1187,1018,1086,932,473,408,94,74,,
5028.2,0.0,,1185,1015,1086,934,470,405,96,77,,
5029.2,0.0,,1190,1017,1087,931,472,407,99,80,,
5030.2,0.0,,1188,1017,1087,931,471,407,106,85,,
5031.2,0.0,,1188,1016,1084,932,474,409,108,87,,
5032.2,0.0,,1188,1017,1085,932,475,410,114,92,,
5033.2,0.0,,1188,1017,1085,931,479,414,126,103,,
5034.2,0.0,,1188,1016,1085,931,481,415,130,104,,
5035.2,0.0,,1187,1017,1086,930,482,416,131,106,,
5036.2,0.0,,1187,1016,1086,931,487,419,123,98,,
5037.2,0.0,,1188,1015,1085,932,485,418,121,96,,
5038.2,0.0,,1188,1014,1086,932,487,420,118,93,,
5039.2,0.0,,1187,1015,1086,931,485,418,110,88,,
5040.2,0.0,,1186,1013,1088,931,480,414,110,88,,
5041.2,0.0,,1188,1017,1087,934,478,413,99,78,,
5042.2,0.0,,1188,1017,1087,933,475,410,95,74,,
5043.2,0.0,,1190,1017,1088,933,474,409,99,79,,
5044.2,0.0,,1188,1015,1087,933,473,408,98,78,,
5045.2,0.0,,1188,1017,1087,931,472,407,100,80,,
5046.2,0.0,,1190,1016,1086,932,474,408,96,77,,
5047.2,0.0,,1190,1017,1086,932,473,408,104,83,,
5048.2,0.0,,1190,1017,1086,932,475,410,112,91,,
5049.2,0.0,,1188,1016,1085,931,478,412,118,96,,
5050.2,0.0,,1188,1016,1084,930,477,412,128,104,,
5051.2,0.0,,1189,1015,1085,931,479,413,124,101,,
5052.2,0.0,,1188,1017,1086,931,482,416,129,103,,
5053.2,0.0,,1187,1015,1085,932,482,416,131,106,,
5054.2,0.0,,1188,1015,1085,931,483,417,131,105,,
5055.2,0.0,,1188,1016,1086,930,486,419,128,103,,
5056.2,0.0,,1187,1017,1086,931,487,419,121,95,,
5057.2,0.0,,1187,1016,1086,931,486,419,115,92,,
5058.2,0.0,,1188,1016,1086,930,485,418,117,93,,
5059.2,0.0,,1190,1015,1087,932,484,417,111,88,,
5060.2,0.0,,1187,1016,1087,933,482,416,110,87,,
5061.2,0.0,,1188,1016,1087,932,481,414,102,81,,
5062.2,0.0,,1189,1016,1088,933,478,412,99,78,,
5063.2,0.0,,1189,1016,1087,932,477,412,99,79,,
5064.2,0.0,,1188,1017,1086,933,475,410,99,79,,
5065.2,0.0,,1187,1015,1087,934,472,407,98,77,,
5066.2,0.0,,1188,1018,1087,932,472,408,95,75,,
5067.2,0.0,,1190,1017,1087,933,474,409,95,76,,
5068.2,0.0,,1189,1018,1086,931,471,406,99,79,,
5069.2,0.0,,1189,1017,1087,933,471,406,99,79,,
5070.2,0.0,,1188,1016,1086,932,475,410,104,84,,
5071.2,0.0,,1189,1017,1086,931,473,408,100,81,,
5072.2,0.0,,1188,1018,1085,932,475,410,104,84,,
5073.2,0.0,,1190,1017,1085,931,474,409,110,88,,
5074.2,0.0,,1191,1017,1086,930,474,409,115,93,,
5075.2,0.0,,1189,1015,1085,930,477,412,118,96,,
5076.2,0.0,,1190,1018,1085,931,477,412,116,93,,
5077.2,0.0,,1190,1017,1087,931,480,414,122,99,,
5078.2,0.0,,1189,1017,1086,932,479,413,128,103,,
5079.2,0.0,,1189,1017,1087,931,483,416,130,105,,
5080.2,0.0,,1190,1017,1087,932,483,417,137,111,,
5081.2,0.0,,1188,1016,1086,931,484,418,134,107,,
5082.2,0.0,,1188,1016,1086,933,485,418,126,101,,
5083.2,0.0,,1189,1016,1085,932,485,418,127,101,,
5084.2,0.0,,1189,1016,1086,932,487,420,122,97,,
5085.2,0.0,,1188,1016,1086,931,483,417,118,95,,
5086.2,0.0,,1188,1016,1087,932,485,417,108,86,,
5087.2,0.0,,1188,1018,1087,931,482,415,106,84,,
5088.2,0.0,,1188,1017,1087,932,480,414,105,84,,
5089.2,0.0,,1189,1015,1088,931,480,414,102,81,,
5090.2,0.0,,1187,1017,1089,931,478,412,100,79,,
5091.2,0.0,,1188,1016,1088,931,474,408,96,76,,
5092.2,0.0,,1188,1016,1088,932,473,408,95,75,,
5093.2,0.0,,1190,1016,1087,932,470,406,97,77,,
5094.2,0.0,,1189,1017,1088,933,471,406,97,77,,
5095.2,0.0,,1190,1017,1087,932,470,405,97,78,,
5096.2,0.0,,1189,1017,1088,931,471,406,95,76,,
5097.2,0.0,,1189,1018,1087,933,471,407,101,81,,
5098.2,0.0,,1190,1017,1086,932,473,407,106,85,,
5099.2,0.0,,1190,1018,1085,930,473,407,110,89,,
5100.2,0.0,,1190,1017,1086,931,473,408,115,92,,
5101.2,0.0,,1189,1018,1085,931,477,412,118,95,,
5102.2,0.0,,1190,1017,1085,931,479,413,117,95,,
5103.2,0.0,,1188,1017,1085,932,477,412,126,102,,
5104.2,0.0,,1188,1017,1086,930,480,414,134,109,,
5105.2,0.0,,1188,1018,1086,931,481,415,134,108,,
5106.2,0.0,,1188,1016,1087,931,483,417,127,102,,
5107.2,0.0,,1189,1015,1086,931,483,416,129,103,,
5108.2,0.0,,1188,1017,1086,932,485,418,132,106,,
5109.2,0.0,,1188,1017,1087,931,485,419,128,103,,
5110.2,0.0,,1189,1017,1086,931,486,419,126,100,,
5111.2,0.0,,1188,1017,1086,932,484,417,116,92,,
5112.2,0.0,,1189,1016,1087,931,482,416,112,89,,
5113.2,0.0,,1189,1016,1087,933,476,411,114,91,,
5114.2,0.0,,1187,1017,1086,932,473,408,106,84,,
5115.2,0.0,,1188,1017,1087,932,469,405,106,84,,
5116.2,0.0,,1189,1016,1088,933,468,404,95,75,,
5117.2,0.0,,1189,1017,1088,933,465,401,96,75,,
5118.2,0.0,,1190,1017,1087,931,465,401,98,78,,
5119.2,0.0,,1188,1016,1088,933,462,398,97,78,,
5120.2,0.0,,1189,1016,1086,933,459,396,97,77,,
5121.2,0.0,,1189,1016,1086,933,460,397,95,76,,
5122.2,0.0,,1188,1018,1086,931,459,396,98,78,,
5123.2,0.0,,1190,1016,1086,931,460,397,103,84,,
5124.2,0.0,,1191,1018,1087,931,460,397,107,87,,
5125.2,0.0,,1189,1018,1087,931,461,398,111,91,,
5126.2,0.0,,1190,1018,1087,931,462,398,110,89,,
5127.2,0.0,,1189,1018,1086,932,461,398,113,91,,
5128.2,0.0,,1189,1017,1086,931,461,398,122,99,,
5129.2,0.0,,1190,1017,1086,931,463,400,128,104,,
5130.2,0.0,,1190,1016,1085,930,466,403,129,105,,
5131.2,0.0,,1188,1017,1085,931,465,401,124,100,,
5132.2,0.0,,1189,1015,1087,931,464,402,129,103,,
5133.2,0.0,,1187,1018,1086,932,464,401,133,108,,
5134.2,0.0,,1188,1016,1086,931,467,403,129,104,,
5135.2,0.0,,1190,1017,1087,932,468,404,131,105,,
5136.2,0.0,,1188,1016,1087,931,467,403,123,98,,
5137.2,0.0,,1190,1016,1087,932,466,402,123,98,,
5138.2,0.0,,1189,1017,1087,932,466,402,121,96,,
5139.2,0.0,,1190,1017,1087,931,463,400,121,96,,
5140.2,0.0,,1188,1016,1087,932,464,400,115,92,,
5141.2,0.0,,1190,1017,1087,932,460,397,108,85,,
5142.2,0.0,,1189,1018,1088,932,457,394,104,82,,
5143.2,0.0,,1189,1017,1088,934,453,391,101,80,,
5144.2,0.0,,1188,1016,1087,932,452,390,97,77,,
5145.2,0.0,,1190,1018,1086,931,449,388,97,76,,
5146.2,0.0,,1189,1016,1088,932,447,386,97,76,,
5147.2,0.0,,1189,1017,1087,932,446,385,92,72,,
5148.2,0.0,,1190,1018,1087,932,442,382,95,77,,
5149.2,0.0,,1189,1019,1087,931,443,383,102,83,,
5150.2,0.0,,1191,1017,1086,931,441,381,104,83,,
5151.2,0.0,,1190,1018,1087,931,443,382,107,86,,
5152.2,0.0,,1189,1018,1087,931,442,381,106,85,,
5153.2,0.0,,1189,1018,1086,931,440,381,113,91,,
5154.2,0.0,,1191,1017,1085,930,443,382,112,90,,
5155.2,0.0,,1189,1018,1085,931,442,381,118,95,,
5156.2,0.0,,1188,1017,1085,931,442,381,118,95,,
5157.2,0.0,,1188,1017,1086,931,445,384,125,101,,
5158.2,0.0,,1189,1016,1086,931,442,382,126,102,,
5159.2,0.0,,1190,1017,1086,931,441,381,126,102,,
5160.2,0.0,,1189,1018,1085,931,441,381,124,100,,
5161.2,0.0,,1189,1017,1086,931,442,381,119,95,,
5162.2,0.0,,1189,1018,1086,931,441,380,118,94,,
5163.2,0.0,,1189,1017,1085,931,442,382,124,99,,
5164.2,0.0,,1189,1017,1085,931,440,380,116,93,,
5165.2,0.0,,1189,1018,1087,931,436,377,112,90,,
5166.2,0.0,,1190,1016,1088,931,435,376,106,83,,
5167.2,0.0,,1189,1017,1086,930,432,372,103,81,,
5168.2,0.0,,1190,1017,1087,931,431,372,103,83,,
5169.2,0.0,,1189,1017,1087,931,428,369,103,82,,
5170.2,0.0,,1190,1018,1088,933,426,368,103,82,,
5171.2,0.0,,1190,1016,1085,931,423,365,97,76,,
5172.2,0.0,,1189,1017,1088,932,422,365,97,77,,
5173.2,0.0,,1190,1018,1088,931,420,363,102,81,,
5174.2,0.0,,1189,1017,1087,931,422,365,105,84,,
5175.2,0.0,,1192,1018,1086,932,422,365,107,87,,
5176.2,0.0,,1191,1017,1087,932,424,365,104,84,,
5177.2,0.0,,1190,1017,1086,932,424,366,115,93,,
5178.2,0.0,,1190,1016,1085,932,421,364,117,94,,
5179.2,0.0,,1189,1017,1086,931,425,366,121,97,,
5180.2,0.0,,1189,1017,1087,932,422,365,123,99,,
5181.2,0.0,,1190,1017,1087,931,427,368,119,95,,
5182.2,0.0,,1189,1017,1085,931,425,367,120,95,,
5183.2,0.0,,1189,1017,1086,932,427,368,122,98,,
5184.2,0.0,,1189,1016,1087,931,428,370,119,96,,
5185.2,0.0,,1190,1017,1087,931,424,365,117,94,,
5186.2,0.0,,1190,1017,1087,931,423,365,108,86,,
5187.2,0.0,,1189,1017,1087,932,423,366,107,84,,
5188.2,0.0,,1188,1017,1087,932,422,365,107,85,,
5189.2,0.0,,1189,1017,1086,932,417,360,105,84,,
5190.2,0.0,,1190,1015,1086,932,414,359,103,82,,
5191.2,0.0,,1190,1017,1087,933,414,358,95,76,,
5192.2,0.0,,1191,1018,1088,932,413,357,98,78,,
5193.2,0.0,,1190,1018,1087,932,411,355,99,79,,
5194.2,0.0,,1189,1018,1087,932,414,358,102,82,,
5195.2,0.0,,1190,1017,1086,932,410,354,103,82,,
5196.2,0.0,,1190,1018,1085,930,411,355,98,78,,
5197.2,0.0,,1191,1018,1088,931,411,356,104,83,,
5198.2,0.0,,1189,1018,1087,932,410,354,108,87,,
5199.2,0.0,,1190,1017,1085,931,414,357,112,91,,
5200.2,0.0,,1190,1018,1086,931,412,356,117,95,,
5201.2,0.0,,1189,1018,1086,931,414,358,116,94,,
5202.2,0.0,,1190,1017,1086,931,415,359,121,97,,
5203.2,0.0,,1189,1017,1085,931,415,359,123,99,,
5204.2,0.0,,1190,1017,1085,931,416,360,123,99,,
5205.2,0.0,,1190,1017,1087,930,416,360,124,100,,
5206.2,0.0,,1190,1017,1085,931,420,362,119,95,,
5207.2,0.0,,1189,1017,1085,930,425,366,119,95,,
5208.2,0.0,,1190,1017,1087,932,424,366,120,96,,
5209.2,0.0,,1190,1017,1087,931,428,369,115,92,,
5210.2,0.0,,1189,1017,1087,931,423,365,113,91,,
5211.2,0.0,,1189,1017,1087,932,422,365,104,82,,
5212.2,0.0,,1190,1017,1088,932,415,359,105,83,,
5213.2,0.0,,1188,1018,1087,933,411,355,106,84,,
5214.2,0.0,,1190,1017,1086,931,413,358,103,82,,
5215.2,0.0,,1190,1017,1088,932,411,355,102,81,,
5216.2,0.0,,1190,1017,1087,932,408,352,98,77,,
5217.2,0.0,,1190,1017,1088,932,408,354,102,82,,
5218.2,0.0,,1190,1017,1086,932,416,359,101,80,,
5219.2,0.0,,1190,1018,1087,932,415,358,103,82,,
5220.2,0.0,,1189,1017,1088,932,413,357,100,79,,
5221.2,0.0,,1189,1017,1086,931,414,358,100,79,,
5222.2,0.0,,1190,1017,1086,931,410,354,100,80,,
5223.2,0.0,,1190,1018,1086,931,408,353,105,84,,
5224.2,0.0,,1189,1018,1085,931,408,353,109,88,,
5225.2,0.0,,1190,1018,1085,930,408,353,109,88,,
5226.2,0.0,,1190,1017,1086,931,408,353,108,87,,
5227.2,0.0,,1190,1017,1086,931,409,354,114,92,,
5228.2,0.0,,1190,1018,1087,930,413,357,121,98,,
5229.2,0.0,,1190,1018,1085,931,410,354,122,99,,
5230.2,0.0,,1190,1017,1085,931,412,357,126,102,,
5231.2,0.0,,1190,1018,1085,930,414,359,122,97,,
5232.2,0.0,,1189,1017,1085,931,414,358,121,97,,
5233.2,0.0,,1189,1017,1085,931,414,359,123,99,,
5234.2,0.0,,1189,1016,1085,931,417,361,123,98,,
5235.2,0.0,,1189,1018,1087,930,415,359,118,94,,
5236.2,0.0,,1188,1016,1087,931,414,358,111,89,,
5237.2,0.0,,1190,1017,1088,931,414,358,114,91,,
5238.2,0.0,,1190,1017,1086,932,411,355,114,91,,
5239.2,0.0,,1191,1018,1086,932,410,355,119,94,,
5240.2,0.0,,1190,1018,1087,931,410,355,108,85,,
5241.2,0.0,,1190,1017,1088,933,409,353,103,82,,
5242.2,0.0,,1191,1018,1087,933,410,354,103,81,,
5243.2,0.0,,1189,1018,1088,932,406,351,105,84,,
5244.2,0.0,,1191,1017,1087,933,406,352,107,86,,
5245.2,0.0,,1190,1018,1089,932,404,350,103,83,,
5246.2,0.0,,1190,1018,1087,932,405,350,98,79,,
5247.2,0.0,,1190,1019,1087,932,404,349,99,78,,
5248.2,0.0,,1190,1018,1089,931,401,347,100,80,,
5249.2,0.0,,1190,1017,1086,933,403,349,104,83,,
5250.2,0.0,,1190,1019,1088,932,403,349,106,85,,
5251.2,0.0,,1189,1017,1087,931,404,349,101,79,,
5252.2,0.0,,1189,1019,1087,932,404,350,97,76,,
5253.2,0.0,,1189,1017,1086,931,400,346,101,81,,
5254.2,0.0,,1190,1018,1088,932,411,356,103,83,,
5255.2,0.0,,1191,1017,1087,931,400,346,101,81,,
5256.2,0.0,,1191,1017,1086,933,404,349,98,79,,
5257.2,0.0,,1190,1018,1086,932,402,348,101,81,,
5258.2,0.0,,1191,1018,1086,933,403,349,107,87,,
5259.2,0.0,,1190,1018,1086,932,403,349,108,87,,
5260.2,0.0,,1191,1018,1087,931,406,351,111,90,,
5261.2,0.0,,1191,1017,1086,932,403,349,108,87,,
5262.2,0.0,,1191,1019,1086,931,403,349,109,87,,
5263.2,0.0,,1190,1018,1086,931,402,348,114,92,,
5264.2,0.0,,1190,1018,1085,931,403,349,115,92,,
5265.2,0.0,,1189,1018,1086,931,403,349,118,96,,
5266.2,0.0,,1192,1018,1087,932,407,352,116,94,,
5267.2,0.0,,1189,1018,1087,932,405,350,118,95,,
5268.2,0.0,,1192,1018,1084,931,406,352,123,100,,
5269.2,0.0,,1190,1017,1086,932,405,350,128,104,,
5270.2,0.0,,1191,1018,1085,930,407,352,123,99,,
5271.2,0.0,,1190,1018,1087,932,409,354,123,99,,
5272.2,0.0,,1190,1019,1086,931,407,353,121,97,,
5273.2,0.0,,1190,1018,1086,931,408,353,130,104,,
5274.2,0.0,,1191,1019,1086,931,411,356,131,106,,
5275.2,0.0,,1189,1018,1085,930,406,351,126,102,,
5276.2,0.0,,1190,1017,1086,931,413,357,127,102,,
5277.2,0.0,,1189,1018,1087,931,413,357,129,103,,
5278.2,0.0,,1190,1017,1086,931,412,357,134,107,,
5279.2,0.0,,1190,1016,1087,931,413,358,132,106,,
5280.2,0.0,,1190,1017,1087,931,414,358,130,105,,
5281.2,0.0,,1190,1017,1085,932,413,357,126,100,,
5282.2,0.0,,1190,1018,1086,932,414,358,126,100,,
5283.2,0.0,,1190,1017,1086,931,413,357,129,103,,
5284.2,0.0,,1190,1018,1087,931,411,356,122,97,,
5285.2,0.0,,1190,1018,1085,933,413,357,119,95,,
5286.2,0.0,,1190,1018,1087,932,411,355,111,88,,
5287.2,0.0,,1191,1018,1087,932,410,355,111,88,,
5288.2,0.0,,1190,1017,1086,932,409,354,113,90,,
5289.2,0.0,,1191,1018,1088,931,410,354,112,89,,
5290.2,0.0,,1191,1017,1087,932,409,354,114,91,,
5291.2,0.0,,1191,1017,1088,932,407,352,104,83,,
5292.2,0.0,,1190,1017,1088,932,407,351,105,83,,
5293.2,0.0,,1190,1018,1086,932,405,350,107,85,,
5294.2,0.0,,1190,1018,1088,932,406,352,109,87,,
5295.2,0.0,,1191,1018,1087,932,404,350,110,87,,
5296.2,0.0,,1191,1018,1089,932,406,352,103,82,,
5297.2,0.0,,1190,1017,1087,931,405,350,106,84,,
5298.2,0.0,,1190,1018,1087,932,406,351,108,86,,
5299.2,0.0,,1191,1018,1087,932,406,351,107,85,,
5300.2,0.0,,1191,1017,1087,932,405,351,106,84,,
5301.2,0.0,,1189,1018,1088,932,405,350,101,80,,
5302.2,0.0,,1190,1018,1088,932,404,350,100,79,,
5303.2,0.0,,1191,1017,1088,934,404,350,104,82,,
5304.2,0.0,,1191,1018,1088,933,402,348,102,81,,
5305.2,0.0,,1191,1018,1087,932,403,349,103,81,,
5306.2,0.0,,1188,1017,1089,932,406,351,99,78,,
5307.2,0.0,,1191,1017,1089,933,404,350,101,79,,
5308.2,0.0,,1189,1018,1088,932,403,349,105,83,,
5309.2,0.0,,1191,1017,1089,933,406,351,110,88,,
5310.2,0.0,,1191,1018,1088,933,408,353,106,84,,
5311.2,0.0,,1189,1017,1087,933,408,353,104,82,,
5312.2,0.0,,1190,1017,1088,933,407,352,104,82,,
5313.2,0.0,,1191,1017,1088,933,405,350,107,85,,
5314.2,0.0,,1191,1017,1088,933,404,350,106,84,,
5315.2,0.0,,1190,1018,1088,933,408,352,107,85,,
5316.2,0.0,,1190,1017,1088,933,406,351,103,82,,
5317.2,0.0,,1189,1017,1088,932,406,352,103,82,,
5318.2,0.0,,1190,1019,1088,934,407,352,109,87,,
5319.2,0.0,,1190,1018,1087,932,407,352,110,88,,
5320.2,0.0,,1189,1019,1087,932,407,352,111,89,,
5321.2,0.0,,1191,1016,1086,933,409,354,107,85,,
5322.2,0.0,,1191,1019,1087,933,409,354,107,85,,
5323.2,0.0,,1191,1017,1088,932,406,351,111,88,,
5324.2,0.0,,1190,1017,1088,932,406,351,111,88,,
5325.2,0.0,,1189,1018,1087,933,409,353,112,89,,
5326.2,0.0,,1190,1017,1087,932,408,352,107,85,,
5327.2,0.0,,1189,1017,1088,932,407,352,108,85,,
5328.2,0.0,,1191,1018,1088,932,408,353,110,87,,
5329.2,0.0,,1192,1018,1087,932,407,352,109,86,,
5330.2,0.0,,1191,1018,1087,931,406,351,111,89,,
5331.2,0.0,,1190,1018,1087,932,406,351,105,83,,
5332.2,0.0,,1190,1018,1086,932,406,351,107,84,,
5333.2,0.0,,1191,1018,1088,933,405,351,109,87,,
5334.2,0.0,,1190,1018,1088,932,405,351,107,85,,
5335.2,0.0,,1191,1016,1087,932,407,351,107,85,,
5336.2,0.0,,1191,1017,1087,933,406,351,105,83,,
5337.2,0.0,,1190,1017,1087,933,405,351,107,85,,
5338.2,0.0,,1192,1019,1087,932,408,353,108,86,,
5339.2,0.0,,1191,1018,1088,933,406,351,110,88,,
5340.2,0.0,,1192,1019,1087,932,404,350,108,86,,
5341.2,0.0,,1191,1017,1088,932,405,350,106,84,,
5342.2,0.0,,1191,1018,1087,932,407,352,104,82,,
5343.2,0.0,,1190,1019,1088,933,403,350,108,86,,
5344.2,0.0,,1192,1018,1088,933,405,351,107,85,,
5345.2,0.0,,1191,1018,1087,933,403,349,106,84,,
5346.2,0.0,,1191,1017,1089,934,405,350,102,81,,
5347.2,0.0,,1192,1018,1089,934,406,351,105,83,,
5348.2,0.0,,1191,1019,1086,932,406,351,106,84,,
5349.2,0.0,,1192,1018,1088,933,412,356,105,84,,
5350.2,0.0,,1191,1017,1088,932,412,356,107,85,,
5351.2,0.0,,1189,1018,1087,933,414,358,102,81,,
5352.2,0.0,,1193,1018,1089,933,415,359,106,84,,
5353.2,0.0,,1190,1017,1089,933,412,356,109,87,,
5354.2,0.0,,1192,1019,1088,933,416,360,109,87,,
5355.2,0.0,,1191,1017,1087,932,413,356,109,87,,
5356.2,0.0,,1190,1018,1088,933,414,358,106,84,,
5357.2,0.0,,1191,1018,1086,932,415,359,109,87,,
5358.2,0.0,,1190,1016,1087,932,416,360,115,92,,
5359.2,0.0,,1189,1018,1088,934,416,360,118,94,,
5360.2,0.0,,1190,1018,1086,931,415,359,120,95,,
5361.2,0.0,,1189,1017,1088,933,415,359,119,94,,
5362.2,0.0,,1190,1018,1087,932,414,358,125,100,,
5363.2,0.0,,1191,1018,1087,932,413,357,128,103,,
5364.2,0.0,,1191,1017,1088,932,414,358,131,105,,
5365.2,0.0,,1191,1018,1087,931,416,360,131,105,,
5366.2,0.0,,1191,1018,1087,931,413,357,127,102,,
5367.2,0.0,,1190,1017,1086,932,414,358,130,104,,
5368.2,0.0,,1191,1019,1087,932,411,355,133,107,,
5369.2,0.0,,1190,1017,1088,930,412,357,132,107,,
5370.2,0.0,,1191,1018,1085,931,411,355,134,108,,
5371.2,0.0,,1190,1018,1085,932,411,356,130,104,,
5372.2,0.0,,1189,1018,1085,932,409,353,133,107,,
5373.2,0.0,,1192,1018,1086,932,409,353,137,111,,
5374.2,0.0,,1190,1019,1086,932,412,357,136,111,,
5375.2,0.0,,1190,1018,1086,932,409,354,133,107,,
5376.2,0.0,,1191,1019,1086,931,408,353,128,103,,
5377.2,0.0,,1191,1018,1087,932,410,355,132,107,,
5378.2,0.0,,1192,1018,1086,932,409,354,135,110,,
5379.2,0.0,,1189,1019,1087,931,407,352,132,107,,
5380.2,0.0,,1192,1019,1087,932,409,354,133,108,,
5381.2,0.0,,1189,1018,1087,931,407,352,127,102,,
5382.2,0.0,,1192,1018,1086,931,407,353,126,101,,
5383.2,0.0,,1193,1018,1086,931,408,353,133,107,,
5384.2,0.0,,1192,1019,1086,932,407,352,125,101,,
5385.2,0.0,,1191,1018,1086,931,408,353,129,104,,
5386.2,0.0,,1191,1017,1084,932,406,351,123,99,,
5387.2,0.0,,1192,1019,1088,932,408,353,130,106,,
5388.2,0.0,,1191,1019,1087,932,406,351,129,105,,
5389.2,0.0,,1191,1019,1087,931,404,350,128,104,,
5390.2,0.0,,1191,1019,1086,932,407,352,129,105,,
5391.2,0.0,,1190,1019,1085,932,405,350,124,101,,
5392.2,0.0,,1191,1018,1087,932,406,351,122,99,,
5393.2,0.0,,1191,1019,1084,931,404,350,128,104,,
5394.2,0.0,,1187,1015,1085,931,405,350,128,104,,
5395.2,0.0,,1172,1003,1076,921,401,347,129,105,,
5396.2,0.0,,1168,999,1070,918,396,343,122,99,,
5397.2,0.0,,1166,996,1067,915,394,341,127,103,,
5398.2,0.0,,1164,995,1065,913,393,340,129,104,,
5399.2,0.0,,1162,993,1066,914,391,339,128,104,,
5400.2,0.0,,1154,987,1064,913,390,338,128,104,,
5401.2,0.0,,1136,975,1062,911,387,335,126,102,,
5402.2,0.0,,1121,961,1062,911,378,328,127,103,,
5403.2,0.0,,1103,945,1062,911,368,319,128,104,,
5404.2,0.0,,1087,933,1060,909,365,316,128,104,,
5405.2,0.0,,1079,926,1060,908,360,311,127,103,,
5406.2,0.0,,1072,920,1058,907,357,309,120,97,,
5407.2,0.0,,1068,916,1056,906,357,309,123,100,,
5408.2,0.0,,1065,912,1057,905,353,306,126,102,,
5409.2,0.0,,1062,911,1055,905,351,304,126,103,,
5410.2,0.0,,1060,908,1055,905,348,301,122,99,,
5411.2,0.0,,1059,907,1056,905,350,303,112,91,,
5412.2,0.0,,1056,905,1056,905,346,300,110,89,,
5413.2,0.0,,1056,904,1053,904,345,299,113,91,,
5414.2,0.0,,1052,900,1052,903,344,298,110,89,,
5415.2,0.0,,1044,896,1052,902,341,296,107,86,,
5416.2,0.0,,1036,889,1051,902,335,290,102,82,,
5417.2,0.0,,1029,886,1053,902,334,290,102,82,,
5418.2,0.0,,1026,882,1055,903,332,289,104,84,,
5419.2,0.0,,1021,879,1053,903,330,286,101,81,,
5420.2,0.0,,1022,879,1054,904,329,285,100,80,,
5421.2,0.0,,1021,877,1055,905,334,290,97,77,,
5422.2,0.0,,1020,876,1054,904,331,287,92,73,,
5423.2,0.0,,1021,877,1055,905,330,287,96,77,,
5424.2,0.0,,1021,877,1055,905,330,286,96,77,,
5425.2,0.0,,1021,876,1056,906,333,289,95,76,,
5426.2,0.0,,1021,875,1056,907,331,286,95,76,,
5427.2,0.0,,1021,877,1057,906,333,289,91,72,,
5428.2,0.0,,1020,878,1057,906,332,288,93,74,,
5429.2,0.0,,1022,877,1058,907,332,288,96,76,,
5430.2,0.0,,1023,879,1058,907,334,290,95,76,,
5431.2,0.0,,1023,878,1058,908,331,287,91,72,,
5432.2,0.0,,1023,880,1059,909,332,288,94,73,,
5433.2,0.0,,1025,880,1060,908,337,292,96,76,,
5434.2,0.0,,1024,882,1059,906,335,290,98,78,,
5435.2,0.0,,1025,880,1059,909,335,291,96,76,,
5436.2,0.0,,1028,882,1060,909,338,293,91,72,,
5437.2,0.0,,1028,882,1060,909,335,291,95,75,,
5438.2,0.0,,1027,883,1061,908,335,291,97,77,,
5439.2,0.0,,1027,883,1059,908,340,295,99,79,,
5440.2,0.0,,1030,883,1060,909,337,292,100,79,,
5441.2,0.0,,1027,881,1060,908,342,296,95,75,,
5442.2,0.0,,1029,885,1060,910,343,297,100,79,,
5443.2,0.0,,1029,882,1061,910,343,297,105,83,,
5444.2,0.0,,1029,884,1062,908,343,297,106,84,,
5445.2,0.0,,1030,883,1062,909,345,299,109,87,,
5446.2,0.0,,1031,885,1061,909,346,299,108,85,,
5447.2,0.0,,1030,886,1060,910,347,300,109,86,,
5448.2,0.0,,1032,886,1060,910,349,302,121,96,,
5449.2,0.0,,1034,886,1061,910,350,303,116,93,,
5450.2,0.0,,1031,887,1062,910,348,301,120,95,,
5451.2,0.0,,1032,886,1060,910,351,304,114,91,,
5452.2,0.0,,1034,886,1062,912,349,303,121,96,,
5453.2,0.0,,1033,886,1062,911,348,302,126,100,,
5454.2,0.0,,1034,887,1061,910,351,304,125,100,,
5455.2,0.0,,1033,888,1060,909,348,302,127,103,,
5456.2,0.0,,1034,888,1061,910,349,303,124,100,,
5457.2,0.0,,1034,889,1062,910,349,303,132,106,,
5458.2,0.0,,1033,888,1062,910,350,304,132,107,,
5459.2,0.0,,1033,888,1062,911,349,303,133,107,,
5460.2,0.0,,1036,888,1060,910,351,305,135,109,,
5461.2,0.0,,1035,889,1062,911,347,301,127,102,,
5462.2,0.0,,1036,889,1061,910,346,301,129,103,,
5463.2,0.0,,1035,889,1060,911,345,299,132,106,,
5464.2,0.0,,1036,889,1061,909,347,301,130,105,,
5465.2,0.0,,1037,890,1062,910,346,300,128,103,,
5466.2,0.0,,1039,891,1062,911,344,298,122,98,,
5467.2,0.0,,1037,889,1060,911,346,300,122,99,,
5468.2,0.0,,1038,891,1061,911,342,296,121,98,,
5469.2,0.0,,1038,890,1062,910,346,300,120,98,,
5470.2,0.0,,1039,892,1061,910,342,297,118,96,,
5471.2,0.0,,1037,890,1062,911,343,298,110,89,,
5472.2,0.0,,1038,891,1063,912,340,295,112,90,,
5473.2,0.0,,1038,891,1062,911,341,296,109,89,,
5474.2,0.0,,1039,892,1062,912,342,297,108,87,,
5475.2,0.0,,1040,893,1062,912,339,294,103,82,,
5476.2,0.0,,1041,892,1063,911,338,293,96,77,,
5477.2,0.0,,1039,892,1064,912,339,293,95,76,,
5478.2,0.0,,1039,893,1063,912,340,295,97,78,,
5479.2,0.0,,1040,892,1064,913,338,293,99,79,,
5480.2,0.0,,1040,892,1064,913,338,293,98,78,,
5481.2,0.0,,1038,891,1064,913,338,292,95,74,,
5482.2,0.0,,1041,890,1062,913,340,295,93,73,,
5483.2,0.0,,1038,893,1063,913,341,296,96,76,,
5484.2,0.0,,1040,892,1064,913,341,296,98,78,,
5485.2,0.0,,1038,891,1063,912,340,295,100,80,,
5486.2,0.0,,1039,892,1065,914,346,300,99,78,,
5487.2,0.0,,1039,892,1063,913,345,298,100,78,,
5488.2,0.0,,1040,893,1065,912,347,301,106,84,,
5489.2,0.0,,1040,893,1065,912,348,302,112,89,,
5490.2,0.0,,1041,893,1065,912,353,306,112,89,,
5491.2,0.0,,1040,894,1063,912,351,304,111,88,,
5492.2,0.0,,1041,892,1063,912,354,307,115,90,,
5493.2,0.0,,1040,893,1063,913,353,305,121,96,,
5494.2,0.0,,1041,892,1064,911,354,306,124,98,,
5495.2,0.0,,1042,894,1063,913,354,306,129,103,,
5496.2,0.0,,1041,892,1065,912,352,305,125,100,,
5497.2,0.0,,1041,893,1063,913,352,305,126,100,,
5498.2,0.0,,1042,894,1064,911,351,304,133,107,,
5499.2,0.0,,1040,893,1064,912,356,308,132,106,,
5500.2,0.0,,1042,893,1062,911,357,310,133,107,,
5501.2,0.0,,1041,893,1063,913,365,316,126,102,,
5502.2,0.0,,1042,894,1064,912,361,312,130,104,,
5503.2,0.0,,1042,893,1063,910,359,310,131,106,,
5504.2,0.0,,1043,894,1063,912,359,311,128,103,,
5505.2,0.0,,1042,895,1064,911,357,309,126,101,,
5506.2,0.0,,1041,895,1062,911,360,311,117,94,,
5507.2,0.0,,1044,896,1063,913,356,308,117,95,,
5508.2,0.0,,1043,896,1063,912,357,309,113,92,,
5509.2,0.0,,1044,895,1063,913,357,309,111,89,,
5510.2,0.0,,1043,896,1064,913,354,306,107,86,,
5511.2,0.0,,1043,896,1064,914,355,307,102,82,,
5512.2,0.0,,1044,895,1065,913,355,307,102,82,,
5513.2,0.0,,1044,895,1063,913,353,306,102,82,,
5514.2,0.0,,1044,896,1064,914,357,308,102,81,,
5515.2,0.0,,1044,896,1065,913,354,306,100,80,,
5516.2,0.0,,1042,896,1062,913,357,309,96,76,,
5517.2,0.0,,1045,897,1064,913,355,308,98,77,,
5518.2,0.0,,1043,895,1064,913,357,309,100,80,,
5519.2,0.0,,1044,894,1063,915,357,310,102,82,,
5520.2,0.0,,1043,895,1064,914,354,307,99,80,,
5521.2,0.0,,1044,895,1064,913,356,309,97,76,,
5522.2,0.0,,1045,897,1064,914,360,311,99,78,,
5523.2,0.0,,1044,895,1064,914,358,309,101,81,,
5524.2,0.0,,1044,896,1064,914,361,312,101,81,,
5525.2,0.0,,1044,897,1065,914,359,310,101,81,,
5526.2,0.0,,1043,896,1064,914,363,314,98,78,,
5527.2,0.0,,1044,897,1064,914,365,315,103,81,,
5528.2,0.0,,1045,897,1064,913,363,313,107,85,,
5529.2,0.0,,1045,897,1063,914,366,317,111,88,,
5530.2,0.0,,1043,895,1064,913,366,317,112,89,,
5531.2,0.0,,1044,897,1065,912,368,318,114,91,,
5532.2,0.0,,1045,897,1064,914,370,321,113,90,,
5533.2,0.0,,1046,897,1064,913,366,317,120,96,,
5534.2,0.0,,1044,897,1064,913,369,320,127,102,,
5535.2,0.0,,1045,897,1064,913,368,319,127,103,,
5536.2,0.0,,1045,896,1063,913,370,321,118,94,,
5537.2,0.0,,1046,896,1063,913,368,318,122,97,,
5538.2,0.0,,1045,897,1062,913,365,316,126,102,,
5539.2,0.0,,1046,897,1064,912,366,317,125,101,,
5540.2,0.0,,1045,898,1065,913,366,317,124,101,,
5541.2,0.0,,1045,897,1064,912,365,316,117,94,,
5542.2,0.0,,1046,898,1063,913,364,315,118,95,,
5543.2,0.0,,1046,898,1064,913,364,315,122,99,,
5544.2,0.0,,1046,899,1064,913,360,311,119,97,,
5545.2,0.0,,1047,899,1065,913,358,309,112,91,,
5546.2,0.0,,1047,899,1064,914,357,309,105,84,,
5547.2,0.0,,1046,899,1065,913,356,308,104,83,,
5548.2,0.0,,1046,900,1065,913,355,308,103,83,,
5549.2,0.0,,1047,898,1064,913,354,307,100,81,,
5550.2,0.0,,1047,899,1066,914,354,307,99,80,,
5551.2,0.0,,1046,898,1066,914,353,307,92,73,,
5552.2,0.0,,1046,899,1066,914,357,309,94,75,,
5553.2,0.0,,1046,899,1066,915,356,308,94,74,,
5554.2,0.0,,1046,899,1066,916,361,311,96,76,,
5555.2,0.0,,1047,899,1066,914,360,311,96,76,,
5556.2,0.0,,1046,898,1065,915,360,312,93,73,,
5557.2,0.0,,1046,899,1066,913,362,313,96,75,,
5558.2,0.0,,1046,898,1064,914,363,314,102,81,,
5559.2,0.0,,1046,898,1065,913,371,321,105,84,,
5560.2,0.0,,1046,898,1065,914,373,322,110,87,,
5561.2,0.0,,1048,898,1066,915,376,324,112,89,,
5562.2,0.0,,1047,898,1065,915,374,324,117,93,,
5563.2,0.0,,1047,898,1065,914,373,323,127,101,,
5564.2,0.0,,1047,899,1065,914,374,323,128,103,,
5565.2,0.0,,1047,898,1065,913,373,322,131,106,,
5566.2,0.0,,1048,899,1064,914,373,322,126,102,,
5567.2,0.0,,1047,899,1063,914,370,321,126,101,,
5568.2,0.0,,1047,899,1064,913,370,321,130,105,,
5569.2,0.0,,1048,899,1064,915,371,321,130,105,,
5570.2,0.0,,1048,899,1065,912,368,319,127,104,,
5571.2,0.0,,1047,899,1064,913,369,320,116,93,,
5572.2,0.0,,1049,899,1064,913,368,319,113,92,,
5573.2,0.0,,1048,900,1065,913,367,317,118,96,,
5574.2,0.0,,1048,900,1065,914,365,316,112,91,,
5575.2,0.0,,1050,900,1065,913,362,313,110,89,,
5576.2,0.0,,1049,900,1065,914,362,312,103,83,,
5577.2,0.0,,1049,901,1064,915,364,314,104,84,,
5578.2,0.0,,1049,901,1066,914,362,313,104,84,,
5579.2,0.0,,1049,900,1065,914,363,314,103,83,,
5580.2,0.0,,1049,899,1066,914,358,309,99,79,,
5581.2,0.0,,1049,899,1066,914,358,309,96,77,,
5582.2,0.0,,1048,900,1065,915,357,309,93,75,,
5583.2,0.0,,1049,900,1066,915,359,310,96,77,,
5584.2,0.0,,1049,899,1066,914,356,308,95,76,,
5585.2,0.0,,1049,901,1067,915,358,309,99,79,,
5586.2,0.0,,1049,900,1066,914,357,309,95,75,,
5587.2,0.0,,1049,900,1067,915,362,313,98,77,,
5588.2,0.0,,1049,900,1066,915,362,313,101,81,,
5589.2,0.0,,1049,899,1067,915,363,314,101,81,,
5590.2,0.0,,1050,900,1066,915,364,315,103,82,,
5591.2,0.0,,1048,899,1067,915,365,315,100,79,,
5592.2,0.0,,1049,899,1066,915,365,315,105,83,,
5593.2,0.0,,1048,900,1065,915,365,316,109,87,,
5594.2,0.0,,1050,900,1067,914,368,319,113,90,,
5595.2,0.0,,1049,900,1064,914,366,317,116,93,,
5596.2,0.0,,1050,900,1067,916,371,321,113,90,,
5597.2,0.0,,1049,901,1065,914,368,319,117,93,,
5598.2,0.0,,1048,899,1066,914,367,317,122,98,,
5599.2,0.0,,1049,900,1066,914,368,319,123,99,,
5600.2,0.0,,1050,900,1065,914,366,317,124,100,,
5601.2,0.0,,1050,900,1065,914,367,318,119,96,,
5602.2,0.0,,1050,900,1065,915,366,317,122,98,,
5603.2,0.0,,1048,900,1067,916,365,316,125,101,,
5604.2,0.0,,1049,901,1065,914,369,320,126,102,,
5605.2,0.0,,1051,900,1066,914,368,318,124,100,,
5606.2,0.0,,1049,901,1066,913,365,316,117,94,,
5607.2,0.0,,1051,900,1066,915,365,316,118,95,,
5608.2,0.0,,1050,901,1066,915,366,317,124,100,,
5609.2,0.0,,1050,901,1066,915,365,316,122,99,,
5610.2,0.0,,1051,901,1067,915,365,316,122,98,,
5611.2,0.0,,1051,901,1067,915,364,314,113,91,,
5612.2,0.0,,1050,902,1066,914,363,313,115,93,,
5613.2,0.0,,1051,901,1067,915,365,316,117,95,,
5614.2,0.0,,1051,901,1066,914,363,315,115,93,,
5615.2,0.0,,1051,902,1066,914,361,312,118,95,,
5616.2,0.0,,1052,902,1065,916,365,316,108,88,,
5617.2,0.0,,1052,900,1065,915,368,319,110,89,,
5618.2,0.0,,1051,902,1065,914,370,320,110,88,,
5619.2,0.0,,1051,901,1066,915,373,323,108,87,,
5620.2,0.0,,1053,901,1066,916,379,328,109,89,,
5621.2,0.0,,1052,901,1065,915,382,330,102,82,,
5622.2,0.0,,1053,903,1066,915,384,333,100,81,,
5623.2,0.0,,1052,903,1066,915,398,345,103,83,,
5624.2,0.0,,1052,903,1066,916,396,343,101,82,,
5625.2,0.0,,1052,902,1067,915,394,340,98,79,,
5626.2,0.0,,1051,902,1067,915,396,342,93,75,,
5627.2,0.0,,1051,902,1067,916,397,342,95,76,,
5628.2,0.0,,1053,902,1067,915,396,342,97,77,,
5629.2,0.0,,1051,901,1067,915,398,344,98,79,,
5630.2,0.0,,1053,902,1069,915,395,341,96,77,,
5631.2,0.0,,1052,903,1069,916,396,342,93,75,,
5632.2,0.0,,1052,903,1067,915,399,344,94,75,,
5633.2,0.0,,1053,902,1068,916,396,342,96,76,,
5634.2,0.0,,1053,902,1068,916,393,340,96,76,,
5635.2,0.0,,1054,902,1067,916,392,339,95,76,,
5636.2,0.0,,1051,903,1067,914,396,341,90,71,,
5637.2,0.0,,1052,902,1068,916,393,340,95,75,,
5638.2,0.0,,1053,902,1067,916,396,343,97,78,,
5639.2,0.0,,1053,902,1067,915,394,341,97,78,,
5640.2,0.0,,1053,901,1067,916,394,340,98,78,,
5641.2,0.0,,1053,903,1067,916,393,340,93,74,,
5642.2,0.0,,1055,903,1067,915,393,340,96,77,,
5643.2,0.0,,1053,903,1067,914,392,339,98,78,,
5644.2,0.0,,1053,904,1066,915,393,340,100,80,,
5645.2,0.0,,1053,904,1067,914,393,339,98,79,,
5646.2,0.0,,1054,903,1066,915,397,342,97,78,,
5647.2,0.0,,1055,905,1067,915,397,343,95,77,,
5648.2,0.0,,1053,905,1067,915,395,342,98,80,,
5649.2,0.0,,1054,905,1067,914,397,343,100,81,,
5650.2,0.0,,1054,904,1068,914,397,343,99,80,,
5651.2,0.0,,1055,905,1065,915,397,343,92,74,,
5652.2,0.0,,1054,905,1066,915,396,342,96,77,,
5653.2,0.0,,1054,902,1068,916,396,342,100,80,,
5654.2,0.0,,1056,904,1068,915,398,344,97,78,,
5655.2,0.0,,1055,905,1067,916,396,342,99,80,,
5656.2,0.0,,1054,903,1067,916,397,343,94,75,,
5657.2,0.0,,1055,903,1068,915,400,345,95,76,,
5658.2,0.0,,1055,906,1066,917,399,345,98,79,,
5659.2,0.0,,1055,904,1067,916,399,345,97,78,,
5660.2,0.0,,1057,904,1068,915,396,343,94,75,,
5661.2,0.0,,1055,905,1066,915,399,344,90,71,,
5662.2,0.0,,1054,904,1068,915,399,344,93,73,,
5663.2,0.0,,1055,904,1066,916,397,344,97,78,,
5664.2,0.0,,1054,904,1066,915,398,344,95,75,,
5665.2,0.0,,1056,904,1069,915,398,343,93,74,,
5666.2,0.0,,1054,905,1067,917,399,344,91,71,,
5667.2,0.0,,1056,904,1069,916,399,344,94,74,,
5668.2,0.0,,1054,904,1068,915,400,346,95,75,,
5669.2,0.0,,1054,904,1068,915,400,346,95,75,,
5670.2,0.0,,1055,905,1068,915,398,343,94,75,,
5671.2,0.0,,1056,905,1068,916,401,346,89,70,,
5672.2,0.0,,1054,905,1067,916,399,345,92,73,,
5673.2,0.0,,1053,904,1067,915,400,345,95,75,,
5674.2,0.0,,1056,904,1068,916,400,346,96,77,,
5675.2,0.0,,1057,905,1068,915,397,343,95,75,,
5676.2,0.0,,1056,905,1068,916,403,348,91,72,,
5677.2,0.0,,1054,904,1066,916,400,346,91,72,,
5678.2,0.0,,1055,905,1068,916,403,349,94,74,,
5679.2,0.0,,1056,905,1068,915,400,346,92,73,,
5680.2,0.0,,1056,904,1068,916,402,348,95,75,,
5681.2,0.0,,1057,905,1067,917,401,346,92,73,,
5682.2,0.0,,1057,905,1068,916,403,348,91,71,,
5683.2,0.0,,1054,905,1068,917,400,345,96,76,,
5684.2,0.0,,1056,906,1068,917,400,346,98,77,,
5685.2,0.0,,1056,907,1068,916,401,347,96,76,,
5686.2,0.0,,1056,904,1069,917,403,348,91,71,,
5687.2,0.0,,1056,907,1069,916,403,348,91,72,,
5688.2,0.0,,1056,907,1069,916,402,347,95,75,,
5689.2,0.0,,1057,906,1068,916,403,348,96,77,,
5690.2,0.0,,1056,907,1069,916,401,347,95,75,,
5691.2,0.0,,1058,905,1068,916,401,346,91,72,,
5692.2,0.0,,1057,906,1069,917,401,346,92,72,,
5693.2,0.0,,1058,906,1069,916,401,347,94,75,,
5694.2,0.0,,1056,906,1068,915,402,347,97,77,,
5695.2,0.0,,1058,906,1068,915,400,346,96,77,,
5696.2,0.0,,1056,906,1068,917,401,346,90,71,,
5697.2,0.0,,1057,906,1068,917,401,346,96,76,,
5698.2,0.0,,1057,907,1069,916,403,348,100,80,,
5699.2,0.0,,1057,906,1068,915,400,346,91,72,,
5700.2,0.0,,1058,907,1067,916,401,347,96,77,,
5701.2,0.0,,1058,907,1069,916,402,348,91,71,,
5702.2,0.0,,1057,906,1067,916,400,346,89,70,,
5703.2,0.0,,1058,906,1068,916,400,345,94,74,,
5704.2,0.0,,1058,907,1069,916,402,347,95,75,,
5705.2,0.0,,1059,907,1067,916,404,349,98,78,,
5706.2,0.0,,1057,907,1069,916,401,346,89,70,,
5707.2,0.0,,1058,908,1068,916,403,348,92,72,,
5708.2,0.0,,1059,908,1069,917,399,345,94,74,,
5709.2,0.0,,1057,907,1067,917,400,345,94,74,,
5710.2,0.0,,1060,907,1069,917,401,346,97,77,,
5711.2,0.0,,1057,908,1068,917,400,345,92,72,,
5712.2,0.0,,1058,907,1068,916,400,345,92,72,,
5713.2,0.0,,1059,908,1069,916,400,345,95,76,,
5714.2,0.0,,1058,907,1067,915,404,349,96,76,,
5715.2,0.0,,1059,908,1068,916,401,346,94,75,,
5716.2,0.0,,1058,909,1068,916,403,348,92,72,,
5717.2,0.0,,1059,908,1070,915,402,347,92,73,,
5718.2,0.0,,1058,909,1067,916,403,348,95,76,,
5719.2,0.0,,1059,909,1069,917,402,347,93,74,,
5720.2,0.0,,1061,908,1068,917,401,347,95,76,,
5721.2,0.0,,1059,910,1067,915,401,347,92,73,,
5722.2,0.0,,1058,909,1068,916,406,351,98,78,,
5723.2,0.0,,1060,909,1069,916,403,348,99,79,,
5724.2,0.0,,1060,908,1068,916,403,348,96,76,,
5725.2,0.0,,1059,908,1067,916,401,347,98,78,,
5726.2,0.0,,1059,909,1069,917,402,347,91,73,,
5727.2,0.0,,1059,909,1068,916,402,347,95,76,,
5728.2,0.0,,1060,910,1069,917,403,348,98,79,,
5729.2,0.0,,1061,910,1068,916,404,349,100,81,,
5730.2,0.0,,1059,909,1068,915,399,345,98,79,,
5731.2,0.0,,1061,909,1067,917,406,351,97,78,,
5732.2,0.0,,1060,909,1068,916,405,351,104,84,,
5733.2,0.0,,1061,908,1066,917,403,348,101,81,,
5734.2,0.0,,1061,909,1068,916,406,351,103,82,,
5735.2,0.0,,1061,911,1066,916,406,351,103,84,,
5736.2,0.0,,1060,910,1067,916,405,350,98,78,,
5737.2,0.0,,1060,909,1068,915,407,352,100,80,,
5738.2,0.0,,1060,910,1068,916,406,351,103,83,,
5739.2,0.0,,1061,911,1067,916,405,350,102,81,,
5740.2,0.0,,1061,910,1066,917,404,350,102,82,,
5741.2,0.0,,1060,910,1067,917,406,351,100,80,,
5742.2,0.0,,1061,910,1068,915,406,351,102,82,,
5743.2,0.0,,1061,910,1067,917,407,352,106,85,,
5744.2,0.0,,1061,910,1067,916,411,355,108,87,,
5745.2,0.0,,1059,911,1067,916,407,352,108,87,,
5746.2,0.0,,1059,911,1067,916,409,354,111,89,,
5747.2,0.0,,1060,910,1066,915,407,352,111,90,,
5748.2,0.0,,1061,910,1068,915,406,351,115,93,,
5749.2,0.0,,1061,909,1067,915,408,352,114,92,,
5750.2,0.0,,1062,910,1068,916,409,354,120,97,,
5751.2,0.0,,1061,910,1067,915,412,356,111,89,,
5752.2,0.0,,1059,909,1067,915,409,353,114,91,,
5753.2,0.0,,1062,910,1067,916,409,354,129,105,,
5754.2,0.0,,1060,911,1067,915,411,355,130,106,,
5755.2,0.0,,1061,911,1066,915,413,357,129,104,,
5756.2,0.0,,1062,910,1066,915,415,358,125,101,,
5757.2,0.0,,1061,910,1068,915,415,358,126,101,,
5758.2,0.0,,1062,909,1067,914,414,358,132,107,,
5759.2,0.0,,1061,910,1066,915,416,360,129,104,,
5760.2,0.0,,1061,909,1067,915,418,361,131,105,,
5761.2,0.0,,1061,910,1066,916,418,361,125,100,,
5762.2,0.0,,1061,909,1068,915,419,363,126,101,,
5763.2,0.0,,1060,909,1067,917,419,362,129,104,,
5764.2,0.0,,1061,910,1068,915,422,364,130,104,,
5765.2,0.0,,1061,910,1067,916,417,360,127,102,,
5766.2,0.0,,1061,911,1068,917,418,361,118,94,,
5767.2,0.0,,1062,910,1067,916,419,362,119,95,,
5768.2,0.0,,1060,910,1068,917,418,361,122,98,,
5769.2,0.0,,1060,909,1067,916,422,364,121,96,,
5770.2,0.0,,1060,909,1069,916,419,362,119,95,,
5771.2,0.0,,1061,910,1067,915,420,362,113,89,,
5772.2,0.0,,1061,910,1068,916,420,363,113,90,,
5773.2,0.0,,1061,910,1068,916,418,361,111,88,,
5774.2,0.0,,1061,910,1068,916,413,356,108,86,,
5775.2,0.0,,1061,909,1068,916,412,356,107,84,,
5776.2,0.0,,1061,910,1069,916,414,357,101,79,,
5777.2,0.0,,1063,911,1069,916,411,355,98,78,,
5778.2,0.0,,1062,911,1068,918,411,355,99,79,,
5779.2,0.0,,1062,910,1069,916,409,353,99,78,,
5780.2,0.0,,1061,911,1070,917,408,352,96,75,,
5781.2,0.0,,1063,911,1069,917,407,351,91,72,,
5782.2,0.0,,1062,911,1068,916,406,350,90,71,,
5783.2,0.0,,1061,911,1069,917,404,349,93,74,,
5784.2,0.0,,1063,911,1069,916,403,349,96,76,,
5785.2,0.0,,1062,911,1068,916,404,349,95,76,,
5786.2,0.0,,1064,912,1069,916,405,350,92,73,,
5787.2,0.0,,1063,911,1069,917,405,350,96,77,,
5788.2,0.0,,1062,913,1068,917,407,352,102,82,,
5789.2,0.0,,1064,912,1069,916,405,350,102,82,,
5790.2,0.0,,1064,913,1068,916,404,349,107,86,,
5791.2,0.0,,1062,912,1068,915,409,353,107,87,,
5792.2,0.0,,1063,914,1067,915,410,354,115,93,,
5793.2,0.0,,1062,912,1068,915,411,355,123,99,,
5794.2,0.0,,1062,912,1067,916,414,357,129,105,,
5795.2,0.0,,1061,910,1066,915,414,357,130,105,,
5796.2,0.0,,1062,911,1067,916,416,359,127,102,,
5797.2,0.0,,1063,911,1068,916,417,360,125,100,,
5798.2,0.0,,1062,911,1068,916,417,360,127,102,,
5799.2,0.0,,1062,911,1069,917,419,362,122,98,,
5800.2,0.0,,1063,911,1069,917,418,361,115,92,,
5801.2,0.0,,1064,911,1069,918,415,358,104,82,,
5802.2,0.0,,1063,912,1069,917,412,356,99,79,,
5803.2,0.0,,1063,912,1069,916,405,350,95,76,,
5804.2,0.0,,1064,912,1069,917,404,349,96,77,,
5805.2,0.0,,1063,912,1068,917,404,349,96,77,,
5806.2,0.0,,1062,913,1070,916,404,349,94,75,,
5807.2,0.0,,1064,912,1068,917,403,349,99,79,,
5808.2,0.0,,1064,913,1066,916,407,351,111,90,,
5809.2,0.0,,1063,912,1068,916,409,353,120,97,,
5810.2,0.0,,1064,911,1068,916,414,358,132,107,,
5811.2,0.0,,1063,913,1068,917,415,359,128,103,,
5812.2,0.0,,1063,912,1067,916,416,360,132,106,,
5813.2,0.0,,1062,911,1067,917,416,359,125,100,,
5814.2,0.0,,1062,913,1069,916,419,361,116,92,,
5815.2,0.0,,1064,911,1068,917,412,356,107,85,,
5816.2,0.0,,1063,914,1070,916,409,353,98,77,,
5817.2,0.0,,1063,912,1069,916,405,350,93,73,,
5818.2,0.0,,1063,913,1068,917,403,349,96,76,,
5819.2,0.0,,1063,913,1069,917,400,346,96,77,,
5820.2,0.0,,1066,914,1068,916,401,347,100,80,,
5821.2,0.0,,1063,913,1067,916,404,349,102,82,,
5822.2,0.0,,1064,913,1068,916,406,351,114,92,,
5823.2,0.0,,1063,912,1067,916,412,356,126,103,,
5824.2,0.0,,1064,913,1070,916,413,357,131,105,,
5825.2,0.0,,1064,913,1067,917,414,358,136,109,,
5826.2,0.0,,1063,912,1068,916,418,361,127,102,,
5827.2,0.0,,1063,914,1068,916,418,362,124,99,,
5828.2,0.0,,1063,913,1069,916,415,359,111,89,,
5829.2,0.0,,1065,913,1068,917,412,357,109,87,,
5830.2,0.0,,1066,913,1070,917,410,354,103,82,,
5831.2,0.0,,1064,913,1069,917,406,351,98,77,,
5832.2,0.0,,1065,913,1070,917,403,348,97,77,,
5833.2,0.0,,1065,913,1069,917,405,351,101,81,,
5834.2,0.0,,1064,915,1069,917,406,351,103,82,,
5835.2,0.0,,1064,912,1067,916,407,352,107,86,,
5836.2,0.0,,1063,914,1067,916,408,353,111,89,,
5837.2,0.0,,1063,913,1068,916,413,357,115,93,,
5838.2,0.0,,1064,913,1066,916,412,356,122,98,,
5839.2,0.0,,1064,914,1068,915,415,358,123,99,,
5840.2,0.0,,1065,911,1069,917,416,359,124,100,,
5841.2,0.0,,1064,913,1068,916,418,361,115,91,,
5842.2,0.0,,1065,914,1069,917,416,359,114,90,,
5843.2,0.0,,1065,912,1070,917,414,357,111,89,,
5844.2,0.0,,1064,913,1068,917,411,356,108,86,,
5845.2,0.0,,1063,914,1069,917,411,355,105,84,,
5846.2,0.0,,1065,913,1068,917,410,354,98,77,,
5847.2,0.0,,1065,913,1068,917,408,352,98,77,,
5848.2,0.0,,1065,913,1068,916,407,353,101,81,,
5849.2,0.0,,1065,915,1069,917,405,351,102,81,,
5850.2,0.0,,1067,914,1069,916,405,351,104,84,,
5851.2,0.0,,1064,914,1068,917,405,350,101,81,,
5852.2,0.0,,1065,913,1069,916,406,351,106,84,,
5853.2,0.0,,1065,913,1068,918,410,354,111,91,,
5854.2,0.0,,1066,914,1068,917,406,351,114,92,,
5855.2,0.0,,1065,915,1068,917,410,355,118,96,,
5856.2,0.0,,1065,914,1069,917,410,354,119,95,,
5857.2,0.0,,1066,914,1068,916,414,358,121,97,,
5858.2,0.0,,1065,914,1068,916,414,358,125,100,,
5859.2,0.0,,1065,913,1068,917,417,360,122,98,,
5860.2,0.0,,1064,914,1068,917,414,358,119,95,,
5861.2,0.0,,1066,914,1070,916,416,359,111,89,,
5862.2,0.0,,1064,914,1069,916,412,356,103,82,,
5863.2,0.0,,1065,914,1069,917,410,355,105,84,,
5864.2,0.0,,1064,914,1067,917,411,355,106,84,,
5865.2,0.0,,1066,914,1068,917,407,352,100,80,,
5866.2,0.0,,1066,915,1070,917,405,349,96,77,,
5867.2,0.0,,1065,915,1069,917,404,349,97,77,,
5868.2,0.0,,1066,914,1068,917,405,350,102,82,,
5869.2,0.0,,1065,916,1069,917,401,346,102,82,,
5870.2,0.0,,1065,914,1069,917,405,351,107,87,,
5871.2,0.0,,1066,914,1068,915,408,353,108,87,,
5872.2,0.0,,1064,916,1069,917,407,352,113,91,,
5873.2,0.0,,1065,915,1069,915,407,352,118,95,,
5874.2,0.0,,1065,914,1068,917,410,354,122,98,,
5875.2,0.0,,1066,914,1068,916,413,357,123,99,,
5876.2,0.0,,1064,913,1068,917,417,359,120,96,,
5877.2,0.0,,1066,914,1069,917,419,361,116,93,,
5878.2,0.0,,1064,913,1068,917,417,360,126,100,,
5879.2,0.0,,1067,914,1069,917,409,353,115,92,,
5880.2,0.0,,1066,914,1069,916,409,353,111,88,,
5881.2,0.0,,1066,915,1069,917,407,351,103,82,,
5882.2,0.0,,1065,914,1069,916,406,351,100,79,,
5883.2,0.0,,1065,914,1068,917,405,350,101,81,,
5884.2,0.0,,1066,916,1068,918,404,350,100,80,,
5885.2,0.0,,1067,914,1069,916,401,346,100,80,,
5886.2,0.0,,1067,914,1069,917,399,344,99,79,,
5887.2,0.0,,1066,914,1069,918,399,345,99,79,,
5888.2,0.0,,1067,915,1067,917,401,347,106,86,,
5889.2,0.0,,1066,915,1067,917,402,347,110,89,,
5890.2,0.0,,1065,915,1068,917,401,347,114,92,,
5891.2,0.0,,1066,915,1070,916,407,351,114,91,,
5892.2,0.0,,1066,915,1069,915,405,350,116,93,,
5893.2,0.0,,1066,914,1069,918,409,353,123,99,,
5894.2,0.0,,1067,914,1068,917,409,354,119,96,,
5895.2,0.0,,1065,914,1068,916,410,353,115,92,,
5896.2,0.0,,1068,914,1069,918,407,351,104,82,,
5897.2,0.0,,1067,913,1070,917,404,349,102,81,,
5898.2,0.0,,1065,914,1069,918,404,349,100,79,,
5899.2,0.0,,1066,916,1069,917,400,345,100,80,,
5900.2,0.0,,1069,915,1071,916,400,346,102,82,,
5901.2,0.0,,1067,917,1069,917,401,346,100,80,,
5902.2,0.0,,1068,915,1070,917,400,346,105,84,,
5903.2,0.0,,1067,915,1069,916,402,348,112,91,,
5904.2,0.0,,1068,917,1069,918,404,350,117,95,,
5905.2,0.0,,1068,917,1069,917,406,351,122,99,,
5906.2,0.0,,1066,915,1068,917,409,353,119,96,,
5907.2,0.0,,1066,915,1068,918,409,353,120,96,,
5908.2,0.0,,1065,915,1069,918,410,354,121,97,,
5909.2,0.0,,1067,915,1070,918,412,356,117,94,,
5910.2,0.0,,1066,915,1070,918,409,354,113,91,,
5911.2,0.0,,1067,915,1069,918,407,351,104,82,,
5912.2,0.0,,1068,915,1069,918,407,352,104,82,,
5913.2,0.0,,1066,915,1070,918,404,349,103,82,,
5914.2,0.0,,1067,916,1070,918,400,345,101,80,,
5915.2,0.0,,1068,916,1070,920,399,344,100,80,,
5916.2,0.0,,1067,917,1070,917,398,344,98,77,,
5917.2,0.0,,1067,916,1070,918,401,346,100,79,,
5918.2,0.0,,1069,916,1070,918,400,346,104,83,,
5919.2,0.0,,1068,915,1070,917,401,347,108,88,,
5920.2,0.0,,1066,917,1068,917,404,350,114,93,,
5921.2,0.0,,1068,915,1069,917,403,348,112,91,,
5922.2,0.0,,1068,916,1069,916,407,352,119,95,,
5923.2,0.0,,1067,917,1070,918,409,354,124,100,,
5924.2,0.0,,1068,915,1069,917,409,353,123,99,,
5925.2,0.0,,1066,917,1070,918,407,352,120,96,,
5926.2,0.0,,1067,916,1069,917,409,353,111,88,,
5927.2,0.0,,1068,914,1069,917,407,351,109,86,,
5928.2,0.0,,1068,916,1069,918,403,348,109,86,,
5929.2,0.0,,1068,916,1070,918,402,348,104,83,,
5930.2,0.0,,1067,916,1070,918,399,345,101,80,,
5931.2,0.0,,1068,916,1070,918,400,345,97,76,,
5932.2,0.0,,1069,916,1070,918,400,345,98,77,,
5933.2,0.0,,1067,916,1069,918,399,345,104,84,,
5934.2,0.0,,1067,918,1068,917,400,346,109,88,,
5935.2,0.0,,1068,917,1069,918,401,347,114,92,,
5936.2,0.0,,1069,916,1070,916,402,347,112,90,,
5937.2,0.0,,1066,916,1069,918,403,349,120,96,,
5938.2,0.0,,1068,916,1069,918,406,351,124,100,,
5939.2,0.0,,1069,916,1070,918,407,352,124,100,,
5940.2,0.0,,1068,916,1068,918,410,355,121,96,,
5941.2,0.0,,1068,916,1071,918,408,352,112,90,,
5942.2,0.0,,1068,915,1070,917,407,352,109,87,,
5943.2,0.0,,1068,915,1070,918,407,351,108,86,,
5944.2,0.0,,1068,917,1069,917,405,350,107,85,,
5945.2,0.0,,1067,916,1072,918,402,347,102,81,,
5946.2,0.0,,1068,917,1070,919,401,346,95,75,,
5947.2,0.0,,1068,917,1071,918,398,344,98,77,,
5948.2,0.0,,1068,917,1070,919,397,342,106,84,,
5949.2,0.0,,1069,916,1071,918,406,351,109,88,,
5950.2,0.0,,1068,916,1070,918,408,352,109,88,,
5951.2,0.0,,1069,917,1069,918,408,353,103,82,,
5952.2,0.0,,1069,917,1070,918,406,351,109,87,,
5953.2,0.0,,1067,916,1070,917,405,351,116,93,,
5954.2,0.0,,1069,917,1069,917,409,353,122,98,,
5955.2,0.0,,1068,917,1070,918,412,357,123,99,,
5956.2,0.0,,1068,917,1070,919,412,356,122,98,,
5957.2,0.0,,1068,916,1071,918,415,359,117,94,,
5958.2,0.0,,1068,917,1071,918,414,357,119,96,,
5959.2,0.0,,1068,916,1070,918,411,355,115,91,,
5960.2,0.0,,1068,916,1070,918,412,356,111,89,,
5961.2,0.0,,1070,917,1071,919,409,353,103,81,,
5962.2,0.0,,1070,918,1071,919,406,351,99,79,,
5963.2,0.0,,1069,917,1070,919,402,348,100,79,,
5964.2,0.0,,1069,917,1072,919,402,347,100,80,,
5965.2,0.0,,1070,917,1071,919,403,348,102,81,,
5966.2,0.0,,1070,917,1070,917,402,347,100,80,,
5967.2,0.0,,1069,917,1070,918,403,348,103,82,,
5968.2,0.0,,1068,918,1071,918,406,352,109,88,,
5969.2,0.0,,1070,918,1070,919,408,352,114,92,,
5970.2,0.0,,1069,918,1071,918,408,353,119,96,,
5971.2,0.0,,1071,916,1070,917,411,355,116,93,,
5972.2,0.0,,1070,917,1071,918,410,354,119,95,,
5973.2,0.0,,1070,917,1071,918,412,356,124,100,,
5974.2,0.0,,1069,917,1070,919,411,355,120,97,,
5975.2,0.0,,1070,916,1070,918,413,357,119,95,,
5976.2,0.0,,1070,917,1069,918,411,355,111,88,,
5977.2,0.0,,1069,918,1072,919,412,356,108,85,,
5978.2,0.0,,1070,917,1071,919,407,351,106,84,,
5979.2,0.0,,1070,917,1070,919,408,353,103,82,,
5980.2,0.0,,1069,917,1070,919,403,348,100,79,,
5981.2,0.0,,1071,918,1071,919,405,350,93,73,,
5982.2,0.0,,1071,918,1070,919,405,350,97,76,,
5983.2,0.0,,1070,917,1068,917,403,348,102,81,,
5984.2,0.0,,1071,919,1071,919,407,352,106,86,,
5985.2,0.0,,1070,918,1070,918,407,352,110,89,,
5986.2,0.0,,1069,919,1069,917,407,352,109,88,,
5987.2,0.0,,1070,919,1071,918,409,353,115,93,,
5988.2,0.0,,1070,917,1070,918,409,353,122,99,,
5989.2,0.0,,1070,917,1070,918,410,355,123,100,,
5990.2,0.0,,1069,917,1070,918,412,356,124,99,,
5991.2,0.0,,1069,917,1072,918,414,357,118,95,,
5992.2,0.0,,1069,918,1070,919,414,358,115,91,,
5993.2,0.0,,1069,917,1071,919,412,356,113,90,,
5994.2,0.0,,1070,917,1071,919,410,354,108,86,,
5995.2,0.0,,1071,918,1071,919,405,350,108,86,,
5996.2,0.0,,1070,918,1072,920,406,350,100,79,,
5997.2,0.0,,1071,917,1072,921,403,348,97,77,,
5998.2,0.0,,1069,918,1073,920,402,348,100,80,,
5999.2,0.0,,1071,918,1071,919,404,350,102,82,,
6000.2,0.0,,1070,918,1071,918,402,348,105,84,,
6001.2,0.0,,1071,919,1070,919,404,349,104,84,,
6002.2,0.0,,1071,919,1072,918,406,351,112,90,,
6003.2,0.0,,1071,918,1070,918,405,350,118,95,,
6004.2,0.0,,1071,918,1071,919,408,353,123,100,,
6005.2,0.0,,1071,918,1070,918,410,354,125,101,,
6006.2,0.0,,1071,917,1070,919,407,352,117,93,,
6007.2,0.0,,1071,919,1070,919,413,357,114,91,,
6008.2,0.0,,1069,919,1069,920,409,353,116,93,,
6009.2,0.0,,1070,918,1073,918,408,353,113,90,,
6010.2,0.0,,1071,917,1070,919,410,354,108,86,,
6011.2,0.0,,1070,918,1071,919,406,350,102,81,,
6012.2,0.0,,1072,918,1072,920,403,348,100,79,,
6013.2,0.0,,1071,919,1072,920,402,347,101,81,,
6014.2,0.0,,1071,918,1071,919,400,345,100,79,,
6015.2,0.0,,1071,918,1072,920,403,349,102,82,,
6016.2,0.0,,1071,918,1071,918,400,346,97,77,,
6017.2,0.0,,1071,919,1070,918,401,346,102,82,,
6018.2,0.0,,1071,919,1072,919,401,346,108,86,,
6019.2,0.0,,1070,918,1071,918,404,349,113,91,,
6020.2,0.0,,1071,920,1071,918,407,352,120,97,,
6021.2,0.0,,1071,920,1071,918,408,352,115,93,,
6022.2,0.0,,1072,918,1071,918,407,352,118,94,,
6023.2,0.0,,1071,918,1070,919,406,351,123,98,,
6024.2,0.0,,1070,918,1071,919,410,355,122,98,,
6025.2,0.0,,1071,918,1071,919,411,355,120,96,,
6026.2,0.0,,1071,918,1071,919,410,354,111,89,,
6027.2,0.0,,1072,919,1071,919,411,355,109,86,,
6028.2,0.0,,1071,917,1071,919,410,355,107,85,,
6029.2,0.0,,1071,918,1072,919,406,351,104,83,,
6030.2,0.0,,1070,919,1071,919,406,351,101,80,,
6031.2,0.0,,1072,919,1072,919,403,348,95,75,,
6032.2,0.0,,1071,919,1072,920,401,346,98,78,,
6033.2,0.0,,1071,920,1072,918,398,345,105,84,,
6034.2,0.0,,1073,920,1071,920,401,347,109,87,,
6035.2,0.0,,1072,919,1071,919,402,348,109,87,,
6036.2,0.0,,1072,919,1070,918,403,348,109,88,,
6037.2,0.0,,1071,919,1070,917,404,350,114,91,,
6038.2,0.0,,1071,919,1072,918,406,351,123,99,,
6039.2,0.0,,1070,919,1071,919,408,353,126,102,,
6040.2,0.0,,1071,919,1072,919,407,352,122,98,,
6041.2,0.0,,1071,918,1071,919,409,353,115,92,,
6042.2,0.0,,1071,919,1071,918,407,352,108,86,,
6043.2,0.0,,1072,918,1072,919,407,351,108,86,,
6044.2,0.0,,1072,918,1072,919,404,349,105,83,,
6045.2,0.0,,1072,918,1072,920,402,348,103,82,,
6046.2,0.0,,1073,920,1073,920,400,344,94,74,,
6047.2,0.0,,1071,919,1072,919,399,344,97,76,,
6048.2,0.0,,1072,919,1073,918,399,345,102,82,,
6049.2,0.0,,1072,920,1072,919,396,342,101,80,,
6050.2,0.0,,1072,921,1072,919,400,346,106,85,,
6051.2,0.0,,1072,920,1072,919,402,347,105,84,,
6052.2,0.0,,1073,919,1071,918,400,346,108,87,,
6053.2,0.0,,1073,919,1072,919,404,350,116,93,,
6054.2,0.0,,1072,920,1071,919,404,350,120,97,,
6055.2,0.0,,1072,918,1071,920,404,350,127,103,,
6056.2,0.0,,1071,920,1071,920,405,350,121,97,,
6057.2,0.0,,1071,918,1071,919,408,352,125,101,,
6058.2,0.0,,1071,919,1071,919,408,353,125,100,,
6059.2,0.0,,1071,919,1072,918,408,352,121,97,,
6060.2,0.0,,1071,919,1071,919,408,352,117,93,,
6061.2,0.0,,1072,920,1071,920,406,350,113,89,,
6062.2,0.0,,1071,920,1071,919,405,350,102,81,,
6063.2,0.0,,1074,919,1072,921,403,348,105,83,,
6064.2,0.0,,1073,920,1073,920,398,344,102,81,,
6065.2,0.0,,1072,920,1071,920,398,344,100,79,,
6066.2,0.0,,1072,920,1071,919,398,344,97,76,,
6067.2,0.0,,1070,919,1073,919,394,340,99,79,,
6068.2,0.0,,1073,920,1073,920,397,344,105,85,,
6069.2,0.0,,1074,922,1072,919,401,347,108,87,,
6070.2,0.0,,1073,921,1072,919,399,345,112,91,,
6071.2,0.0,,1073,920,1071,919,399,345,112,90,,
6072.2,0.0,,1072,921,1071,920,401,346,117,95,,
6073.2,0.0,,1073,919,1070,919,404,350,125,101,,
6074.2,0.0,,1073,921,1072,920,404,349,124,100,,
6075.2,0.0,,1074,919,1071,920,407,352,122,98,,
6076.2,0.0,,1073,920,1071,919,404,349,116,92,,
6077.2,0.0,,1072,919,1071,919,407,352,120,96,,
6078.2,0.0,,1073,919,1072,921,402,348,118,94,,
6079.2,0.0,,1072,919,1071,920,404,349,115,93,,
6080.2,0.0,,1072,920,1071,920,402,347,112,90,,
6081.2,0.0,,1072,920,1074,921,398,343,104,82,,
6082.2,0.0,,1073,920,1073,920,401,346,105,83,,
6083.2,0.0,,1072,920,1072,920,398,344,105,84,,
6084.2,0.0,,1072,920,1071,921,397,343,103,82,,
6085.2,0.0,,1074,920,1073,921,396,342,103,82,,
6086.2,0.0,,1074,920,1072,920,394,341,98,77,,
6087.2,0.0,,1073,921,1072,920,396,342,98,77,,
6088.2,0.0,,1073,920,1072,920,394,341,101,81,,
6089.2,0.0,,1074,921,1071,919,393,340,102,81,,
6090.2,0.0,,1074,920,1071,920,392,339,105,84,,
6091.2,0.0,,1074,920,1073,919,396,342,102,81,,
6092.2,0.0,,1073,921,1071,920,394,340,105,84,,
6093.2,0.0,,1074,921,1071,919,396,343,113,91,,
6094.2,0.0,,1073,921,1072,920,398,344,113,92,,
6095.2,0.0,,1074,922,1071,919,397,343,116,94,,
6096.2,0.0,,1074,920,1072,919,397,343,113,92,,
6097.2,0.0,,1074,921,1071,920,400,345,119,95,,
6098.2,0.0,,1074,920,1071,919,397,343,121,98,,
6099.2,0.0,,1074,921,1071,919,398,344,124,100,,
6100.2,0.0,,1074,920,1070,920,402,348,124,100,,
6101.2,0.0,,1072,920,1071,919,400,346,118,94,,
6102.2,0.0,,1073,920,1073,919,404,349,122,98,,
6103.2,0.0,,1073,920,1072,919,404,349,120,96,,
6104.2,0.0,,1074,921,1071,920,403,348,117,94,,
6105.2,0.0,,1073,921,1072,920,405,350,115,92,,
6106.2,0.0,,1074,921,1072,920,404,348,107,85,,
6107.2,0.0,,1074,919,1073,921,402,347,107,85,,
6108.2,0.0,,1073,921,1073,920,400,345,107,85,,
6109.2,0.0,,1074,920,1072,920,397,343,108,86,,
6110.2,0.0,,1076,920,1072,920,397,344,104,83,,
6111.2,0.0,,1075,922,1073,921,392,339,100,79,,
6112.2,0.0,,1074,920,1072,920,392,338,99,78,,
6113.2,0.0,,1073,922,1073,920,394,340,102,82,,
6114.2,0.0,,1074,920,1073,920,390,337,100,80,,
6115.2,0.0,,1074,920,1072,921,385,333,100,79,,
6116.2,0.0,,1075,921,1073,920,390,337,95,75,,
6117.2,0.0,,1074,921,1071,920,386,334,97,76,,
6118.2,0.0,,1076,920,1073,920,385,333,99,79,,
6119.2,0.0,,1074,921,1072,920,385,333,101,80,,
6120.2,0.0,,1075,921,1073,920,387,335,103,83,,
6121.2,0.0,,1076,922,1073,919,389,336,98,78,,
6122.2,0.0,,1075,921,1072,919,387,335,103,83,,
6123.2,0.0,,1075,921,1072,919,386,334,106,85,,
6124.2,0.0,,1076,922,1072,919,389,336,110,89,,
6125.2,0.0,,1076,921,1071,919,390,337,111,89,,
6126.2,0.0,,1075,921,1073,919,392,338,111,89,,
6127.2,0.0,,1075,921,1073,919,390,337,113,91,,
6128.2,0.0,,1075,921,1071,919,389,337,117,95,,
6129.2,0.0,,1076,921,1072,919,392,339,120,97,,
6130.2,0.0,,1075,921,1072,919,395,342,122,99,,
6131.2,0.0,,1075,920,1072,919,392,339,120,96,,
6132.2,0.0,,1075,921,1071,919,393,340,118,95,,
6133.2,0.0,,1074,922,1071,920,397,344,123,99,,
6134.2,0.0,,1075,921,1073,920,394,340,123,99,,
6135.2,0.0,,1074,921,1073,919,397,343,123,99,,
6136.2,0.0,,1075,922,1073,919,397,343,117,93,,
6137.2,0.0,,1075,921,1072,920,398,344,114,91,,
6138.2,0.0,,1074,921,1073,920,394,341,116,93,,
6139.2,0.0,,1075,922,1072,920,392,339,115,92,,
6140.2,0.0,,1074,921,1073,920,391,338,109,86,,
6141.2,0.0,,1075,921,1075,920,391,338,101,80,,
6142.2,0.0,,1075,921,1074,920,388,335,103,81,,
6143.2,0.0,,1075,922,1072,920,391,338,104,83,,
6144.2,0.0,,1076,921,1072,921,387,335,100,80,,
6145.2,0.0,,1075,922,1074,920,386,334,101,80,,
6146.2,0.0,,1077,921,1074,921,384,332,98,77,,
6147.2,0.0,,1076,922,1074,921,383,331,99,78,,
6148.2,0.0,,1077,922,1073,921,384,332,103,82,,
6149.2,0.0,,1075,923,1073,920,381,330,101,81,,
6150.2,0.0,,1077,922,1073,920,385,333,104,84,,
6151.2,0.0,,1076,922,1073,919,383,331,102,82,,
6152.2,0.0,,1075,922,1072,919,384,332,103,83,,
6153.2,0.0,,1076,922,1072,919,383,331,106,85,,
6154.2,0.0,,1077,922,1072,920,386,334,109,88,,
6155.2,0.0,,1077,922,1072,920,384,332,112,90,,
6156.2,0.0,,1077,922,1071,920,385,333,108,87,,
6157.2,0.0,,1076,923,1072,919,385,334,113,92,,
6158.2,0.0,,1076,921,1071,920,388,336,116,94,,
6159.2,0.0,,1076,921,1073,919,388,336,120,97,,
6160.2,0.0,,1076,922,1072,919,389,336,123,100,,
6161.2,0.0,,1076,922,1071,919,387,335,118,95,,
6162.2,0.0,,1076,921,1071,919,388,335,122,97,,
6163.2,0.0,,1076,921,1072,920,388,335,125,101,,
6164.2,0.0,,1078,922,1071,919,394,340,125,100,,
6165.2,0.0,,1075,922,1072,920,393,340,123,99,,
6166.2,0.0,,1074,922,1071,919,390,337,117,93,,
6167.2,0.0,,1073,921,1072,920,392,339,118,94,,
6168.2,0.0,,1075,922,1073,919,393,340,120,96,,
6169.2,0.0,,1075,921,1073,920,390,338,121,97,,
6170.2,0.0,,1077,922,1073,920,389,337,116,93,,
6171.2,0.0,,1075,921,1073,920,387,334,107,85,,
6172.2,0.0,,1075,922,1074,920,387,334,111,88,,
6173.2,0.0,,1075,922,1072,920,389,336,110,88,,
6174.2,0.0,,1076,922,1075,921,385,333,109,87,,
6175.2,0.0,,1075,922,1074,921,385,333,108,86,,
6176.2,0.0,,1076,923,1072,921,383,331,100,79,,
6177.2,0.0,,1075,921,1073,920,384,332,101,80,,
6178.2,0.0,,1074,921,1074,920,383,331,105,83,,
6179.2,0.0,,1076,923,1073,920,382,331,104,83,,
6180.2,0.0,,1076,921,1074,920,379,327,103,82,,
6181.2,0.0,,1077,922,1074,920,379,327,97,76,,
6182.2,0.0,,1077,921,1074,920,378,326,98,78,,
6183.2,0.0,,1077,923,1074,921,376,325,101,80,,
6184.2,0.0,,1075,922,1073,921,378,326,101,81,,
6185.2,0.0,,1077,922,1075,922,376,325,103,82,,
6186.2,0.0,,1077,922,1075,920,376,325,95,75,,
6187.2,0.0,,1075,923,1074,920,377,326,97,76,,
6188.2,0.0,,1077,922,1073,920,376,325,99,79,,
6189.2,0.0,,1077,923,1073,921,373,323,100,80,,
6190.2,0.0,,1078,923,1073,921,372,322,104,83,,
6191.2,0.0,,1076,922,1073,920,373,323,96,76,,
6192.2,0.0,,1076,923,1073,920,375,324,101,81,,
6193.2,0.0,,1077,924,1073,921,376,325,107,86,,
6194.2,0.0,,1077,923,1074,921,373,323,103,82,,
6195.2,0.0,,1076,922,1072,920,372,322,104,84,,
6196.2,0.0,,1077,923,1071,920,374,323,103,82,,
6197.2,0.0,,1077,922,1073,921,373,323,102,82,,
6198.2,0.0,,1076,922,1074,920,369,319,102,82,,
6199.2,0.0,,1076,923,1072,921,370,320,105,85,,
6200.2,0.0,,1077,923,1073,920,370,320,105,84,,
6201.2,0.0,,1076,923,1072,921,370,321,101,81,,
6202.2,0.0,,1077,923,1072,920,371,321,106,86,,
6203.2,0.0,,1077,923,1072,920,370,320,109,88,,
6204.2,0.0,,1076,922,1073,920,369,319,106,85,,
6205.2,0.0,,1077,923,1074,919,369,320,106,85,,
6206.2,0.0,,1077,922,1072,920,371,321,101,81,,
6207.2,0.0,,1077,922,1073,920,368,318,101,82,,
6208.2,0.0,,1076,923,1071,920,369,319,106,85,,
6209.2,0.0,,1078,923,1073,920,368,317,103,83,,
6210.2,0.0,,1077,922,1073,920,368,318,104,83,,
6211.2,0.0,,1079,923,1071,921,367,317,100,80,,
6212.2,0.0,,1077,921,1072,920,367,316,100,80,,
6213.2,0.0,,1077,924,1073,919,368,318,102,82,,
6214.2,0.0,,1077,923,1072,921,367,317,104,83,,
6215.2,0.0,,1077,922,1073,920,369,319,104,84,,
6216.2,0.0,,1078,923,1073,920,366,315,101,81,,
6217.2,0.0,,1078,924,1073,920,366,315,100,79,,
6218.2,0.0,,1078,924,1072,921,368,318,103,83,,
6219.2,0.0,,1077,923,1074,921,366,316,102,82,,
6220.2,0.0,,1078,921,1072,920,365,316,103,82,,
6221.2,0.0,,1077,923,1073,921,367,316,98,77,,
6222.2,0.0,,1078,923,1073,922,367,316,99,79,,
6223.2,0.0,,1077,923,1072,919,365,315,104,84,,
6224.2,0.0,,1077,923,1072,920,362,313,103,82,,
6225.2,0.0,,1077,923,1072,920,362,312,103,83,,
6226.2,0.0,,1078,923,1073,920,366,316,97,77,,
6227.2,0.0,,1076,922,1072,920,365,315,99,79,,
6228.2,0.0,,1078,922,1073,921,363,313,100,80,,
6229.2,0.0,,1079,925,1073,919,360,311,102,82,,
6230.2,0.0,,1078,924,1072,920,362,312,102,82,,
6231.2,0.0,,1078,924,1074,920,363,313,97,78,,
6232.2,0.0,,1078,923,1075,919,360,310,102,82,,
6233.2,0.0,,1078,925,1073,921,362,313,106,85,,
6234.2,0.0,,1078,924,1072,921,361,312,106,86,,
6235.2,0.0,,1079,924,1074,920,362,313,109,88,,
6236.2,0.0,,1076,923,1072,920,362,312,104,84,,
6237.2,0.0,,1077,924,1072,920,364,314,107,86,,
6238.2,0.0,,1078,924,1073,920,360,311,112,91,,
6239.2,0.0,,1079,922,1073,921,362,313,113,92,,
6240.2,0.0,,1078,923,1073,920,362,313,114,93,,
6241.2,0.0,,1078,924,1072,920,361,311,108,87,,
6242.2,0.0,,1079,923,1072,920,361,312,107,87,,
6243.2,0.0,,1079,923,1071,920,362,312,115,94,,
6244.2,0.0,,1078,923,1072,920,363,313,111,90,,
6245.2,0.0,,1079,924,1074,919,361,312,113,91,,
6246.2,0.0,,1078,924,1073,920,359,310,106,85,,
6247.2,0.0,,1078,923,1072,921,358,310,107,86,,
6248.2,0.0,,1078,923,1073,920,357,309,108,87,,
6249.2,0.0,,1078,924,1073,920,355,306,108,88,,
6250.2,0.0,,1078,923,1072,920,355,308,108,87,,
6251.2,0.0,,1079,924,1072,921,353,306,100,81,,
6252.2,0.0,,1079,924,1075,920,352,304,101,81,,
6253.2,0.0,,1078,924,1074,920,353,305,102,82,,
6254.2,0.0,,1080,925,1073,921,355,307,102,83,,
6255.2,0.0,,1079,924,1073,920,354,306,100,81,,
6256.2,0.0,,1079,924,1074,921,350,303,96,77,,
6257.2,0.0,,1078,923,1075,921,353,305,100,80,,
6258.2,0.0,,1080,924,1075,921,348,300,102,82,,
6259.2,0.0,,1078,923,1073,921,350,302,97,78,,
6260.2,0.0,,1079,924,1075,920,350,303,96,76,,
6261.2,0.0,,1078,923,1074,921,351,304,93,75,,
6262.2,0.0,,1078,924,1074,921,348,300,93,73,,
6263.2,0.0,,1078,923,1075,921,349,301,96,77,,
6264.2,0.0,,1079,923,1075,921,348,301,96,77,,
6265.2,0.0,,1077,923,1074,921,351,304,96,76,,
6266.2,0.0,,1077,923,1074,921,347,300,88,69,,
6267.2,0.0,,1078,924,1074,921,346,300,91,71,,
6268.2,0.0,,1077,923,1074,920,347,300,92,73,,
6269.2,0.0,,1077,924,1074,921,345,299,93,73,,
6270.2,0.0,,1079,925,1074,920,352,304,94,75,,
6271.2,0.0,,1078,924,1075,921,348,300,92,72,,
6272.2,0.0,,1079,924,1073,922,347,300,90,71,,
6273.2,0.0,,1079,924,1075,921,350,302,94,74,,
6274.2,0.0,,1079,923,1075,921,349,301,95,75,,
6275.2,0.0,,1078,925,1074,921,350,303,96,76,,
6276.2,0.0,,1079,923,1076,922,347,300,92,72,,
6277.2,0.0,,1078,924,1074,921,351,302,92,72,,
6278.2,0.0,,1080,924,1074,921,349,301,94,74,,
6279.2,0.0,,1078,923,1075,920,350,302,94,74,,
6280.2,0.0,,1077,923,1074,921,347,300,98,78,,
6281.2,0.0,,1079,925,1075,921,350,302,93,73,,
6282.2,0.0,,1077,924,1074,921,351,304,94,74,,
6283.2,0.0,,1077,924,1076,921,352,304,99,78,,
6284.2,0.0,,1077,925,1073,922,351,304,104,83,,
6285.2,0.0,,1078,923,1074,921,354,305,104,83,,
6286.2,0.0,,1079,924,1073,921,356,307,101,81,,
6287.2,0.0,,1077,923,1073,921,357,308,106,84,,
6288.2,0.0,,1077,923,1073,921,355,307,111,88,,
6289.2,0.0,,1077,923,1074,921,361,312,114,91,,
6290.2,0.0,,1078,924,1074,920,359,311,117,93,,
6291.2,0.0,,1078,924,1074,921,358,310,114,91,,
6292.2,0.0,,1078,923,1073,920,357,309,118,94,,
6293.2,0.0,,1078,924,1074,921,357,309,122,98,,
6294.2,0.0,,1079,924,1073,920,359,310,121,97,,
6295.2,0.0,,1077,923,1073,920,362,313,126,101,,
6296.2,0.0,,1079,923,1073,919,357,309,122,97,,
6297.2,0.0,,1078,924,1072,920,360,311,120,96,,
6298.2,0.0,,1077,925,1074,921,358,310,124,100,,
6299.2,0.0,,1078,924,1072,921,357,308,125,101,,
6300.2,0.0,,1078,924,1075,920,357,308,124,100,,
6301.2,0.0,,1079,924,1073,921,357,309,120,96,,
6302.2,0.0,,1079,924,1073,920,354,306,121,97,,
6303.2,0.0,,1079,924,1074,920,355,307,123,99,,
6304.2,0.0,,1078,923,1073,920,351,304,125,101,,
6305.2,0.0,,1077,923,1071,920,356,308,131,106,,
6306.2,0.0,,1077,924,1072,920,356,308,124,100,,
6307.2,0.0,,1078,926,1071,920,354,306,123,99,,
6308.2,0.0,,1079,924,1072,920,351,303,128,103,,
6309.2,0.0,,1078,924,1071,920,353,305,128,105,,
6310.2,0.0,,1078,924,1071,919,355,307,128,104,,
6311.2,0.0,,1080,924,1072,920,351,303,118,95,,
6312.2,0.0,,1078,925,1075,921,353,306,118,95,,
6313.2,0.0,,1079,925,1073,920,350,303,123,100,,
6314.2,0.0,,1080,924,1072,919,349,302,120,98,,
6315.2,0.0,,1080,925,1072,921,349,302,119,97,,
6316.2,0.0,,1078,925,1073,921,349,301,111,91,,
6317.2,0.0,,1079,926,1073,919,351,303,113,91,,
6318.2,0.0,,1080,925,1074,920,345,299,113,92,,
6319.2,0.0,,1078,924,1073,921,347,301,114,93,,
6320.2,0.0,,1080,926,1074,919,344,298,111,89,,
6321.2,0.0,,1078,926,1074,921,349,301,106,86,,
6322.2,0.0,,1081,925,1074,920,345,298,104,84,,
6323.2,0.0,,1080,926,1073,921,343,297,106,86,,
6324.2,0.0,,1081,925,1074,921,348,301,107,87,,
6325.2,0.0,,1078,925,1074,921,348,302,106,86,,
6326.2,0.0,,1081,925,1074,921,346,299,100,80,,
6327.2,0.0,,1079,925,1075,920,345,298,97,78,,
6328.2,0.0,,1081,925,1074,920,342,295,100,80,,
6329.2,0.0,,1079,926,1074,922,343,297,106,85,,
6330.2,0.0,,1079,926,1074,922,345,299,102,82,,
6331.2,0.0,,1081,925,1075,921,344,298,95,75,,
6332.2,0.0,,1080,925,1075,922,347,300,96,76,,
6333.2,0.0,,1079,925,1074,922,344,298,100,80,,
6334.2,0.0,,1080,925,1075,922,344,298,100,80,,
6335.2,0.0,,1079,925,1074,922,347,301,100,79,,
6336.2,0.0,,1080,925,1076,921,344,297,94,74,,
6337.2,0.0,,1079,925,1075,922,342,296,91,72,,
6338.2,0.0,,1079,924,1076,921,342,296,93,74,,
6339.2,0.0,,1079,925,1076,920,345,298,96,76,,
6340.2,0.0,,1079,925,1075,921,345,298,97,77,,
6341.2,0.0,,1080,925,1075,921,347,300,95,74,,
6342.2,0.0,,1077,924,1074,921,349,301,98,77,,
6343.2,0.0,,1077,923,1074,921,355,307,105,83,,
6344.2,0.0,,1078,923,1074,922,354,306,108,85,,
6345.2,0.0,,1078,924,1074,921,355,307,109,87,,
6346.2,0.0,,1080,925,1076,921,356,308,108,85,,
6347.2,0.0,,1073,920,1065,914,356,307,112,90,,
6348.2,0.0,,1068,917,1056,905,349,301,118,95,,
6349.2,0.0,,1065,914,1057,905,351,304,122,97,,
6350.2,0.0,,1064,913,1056,904,354,305,125,100,,
6351.2,0.0,,1063,911,1056,904,351,303,119,95,,
6352.2,0.0,,1058,905,1054,904,346,299,131,105,,
6353.2,0.0,,1054,903,1055,904,342,297,131,106,,
6354.2,0.0,,1053,902,1054,904,346,300,133,107,,
6355.2,0.0,,1051,902,1055,904,345,299,130,105,,
6356.2,0.0,,1050,899,1056,904,340,294,126,101,,
6357.2,0.0,,1048,900,1052,902,339,294,124,100,,
6358.2,0.0,,1045,896,1053,901,334,289,132,106,,
6359.2,0.0,,1037,890,1053,901,326,282,128,104,,
6360.2,0.0,,1036,889,1053,901,326,282,121,98,,
6361.2,0.0,,1030,884,1053,902,326,282,116,94,,
6362.2,0.0,,1028,880,1053,902,322,279,118,95,,
6363.2,0.0,,1021,877,1053,902,321,278,118,96,,
6364.2,0.0,,1020,875,1051,903,319,277,109,88,,
6365.2,0.0,,1017,874,1051,900,317,275,107,86,,
6366.2,0.0,,1014,871,1051,901,312,270,99,79,,
6367.2,0.0,,1011,869,1051,901,312,269,98,79,,
6368.2,0.0,,1007,867,1051,901,305,264,96,77,,
6369.2,0.0,,1004,862,1049,900,308,267,95,76,,
6370.2,0.0,,1002,861,1051,901,301,260,93,74,,
6371.2,0.0,,1002,861,1050,900,304,263,96,76,,
6372.2,0.0,,1000,860,1049,900,303,261,97,77,,
6373.2,0.0,,1001,859,1051,900,303,262,97,78,,
6374.2,0.0,,998,858,1049,900,306,264,98,78,,
6375.2,0.0,,998,857,1049,899,309,268,101,80,,
6376.2,0.0,,997,859,1047,899,311,269,106,84,,
6377.2,0.0,,997,859,1048,899,314,271,111,88,,
6378.2,0.0,,995,856,1047,900,315,273,110,88,,
6379.2,0.0,,996,857,1048,900,321,278,115,92,,
6380.2,0.0,,997,856,1046,899,316,274,120,95,,
6381.2,0.0,,996,856,1047,899,315,272,117,94,,
6382.2,0.0,,995,857,1049,899,315,272,121,97,,
6383.2,0.0,,996,858,1047,900,316,273,122,98,,
6384.2,0.0,,996,856,1048,898,319,276,134,108,,
6385.2,0.0,,996,856,1047,900,313,271,131,107,,
6386.2,0.0,,996,857,1049,899,311,269,128,103,,
6387.2,0.0,,997,855,1049,899,312,270,125,101,,
6388.2,0.0,,997,857,1049,899,313,271,122,99,,
6389.2,0.0,,997,857,1047,899,309,268,120,97,,
6390.2,0.0,,999,858,1048,900,305,264,117,94,,
6391.2,0.0,,996,858,1049,899,309,267,111,89,,
6392.2,0.0,,998,858,1047,899,305,264,110,89,,
6393.2,0.0,,1000,858,1049,901,306,265,107,86,,
6394.2,0.0,,997,858,1049,900,306,264,103,83,,
6395.2,0.0,,997,858,1049,900,302,261,101,81,,
6396.2,0.0,,999,857,1049,900,302,261,101,82,,
6397.2,0.0,,998,857,1049,900,303,261,100,81,,
6398.2,0.0,,998,859,1051,900,304,263,99,79,,
6399.2,0.0,,999,858,1050,900,302,260,99,78,,
6400.2,0.0,,1000,857,1050,900,302,260,100,80,,
6401.2,0.0,,996,858,1050,899,304,262,96,75,,
6402.2,0.0,,997,857,1050,900,307,264,100,79,,
6403.2,0.0,,998,856,1049,899,310,268,104,82,,
6404.2,0.0,,999,857,1049,900,312,269,104,82,,
6405.2,0.0,,997,858,1049,900,313,271,111,88,,
6406.2,0.0,,998,858,1049,900,314,271,112,89,,
6407.2,0.0,,998,858,1049,900,312,270,111,88,,
6408.2,0.0,,999,858,1049,900,311,269,115,92,,
6409.2,0.0,,997,858,1048,900,312,269,115,92,,
6410.2,0.0,,1000,859,1049,900,316,273,122,98,,
6411.2,0.0,,1002,861,1048,899,322,278,118,94,,
6412.2,0.0,,1001,862,1050,900,321,278,123,99,,
6413.2,0.0,,1003,861,1048,900,324,281,126,101,,
6414.2,0.0,,1004,861,1049,900,320,277,127,102,,
6415.2,0.0,,1004,861,1050,899,320,277,126,102,,
6416.2,0.0,,1003,862,1050,900,322,279,123,99,,
6417.2,0.0,,1004,863,1049,899,319,276,130,104,,
6418.2,0.0,,1005,862,1048,901,316,273,130,104,,
6419.2,0.0,,1003,863,1047,901,321,278,132,106,,
6420.2,0.0,,1003,864,1050,901,318,276,131,106,,
6421.2,0.0,,1004,862,1050,900,314,272,127,102,,
6422.2,0.0,,1005,862,1048,900,314,272,134,109,,
6423.2,0.0,,1004,863,1049,900,313,272,132,106,,
6424.2,0.0,,1005,863,1048,900,315,274,130,105,,
6425.2,0.0,,1005,864,1049,899,315,273,130,105,,
6426.2,0.0,,1005,862,1048,899,313,271,126,103,,
6427.2,0.0,,1006,864,1050,900,308,267,124,102,,
6428.2,0.0,,1005,864,1049,899,309,268,122,100,,
6429.2,0.0,,1007,865,1049,898,304,263,116,93,,
6430.2,0.0,,1006,865,1049,900,303,262,114,92,,
6431.2,0.0,,1007,864,1049,899,303,262,110,89,,
6432.2,0.0,,1008,864,1049,900,301,261,108,88,,
6433.2,0.0,,1006,865,1049,900,299,259,102,82,,
6434.2,0.0,,1006,865,1050,901,299,259,100,81,,
6435.2,0.0,,1007,864,1050,900,302,262,101,81,,
6436.2,0.0,,1007,864,1052,901,304,263,98,80,,
6437.2,0.0,,1007,866,1052,901,298,257,95,77,,
6438.2,0.0,,1008,865,1050,901,301,261,95,76,,
6439.2,0.0,,1008,865,1051,900,304,264,94,75,,
6440.2,0.0,,1008,867,1052,901,303,261,95,75,,
6441.2,0.0,,1007,866,1049,902,305,263,90,71,,
6442.2,0.0,,1007,865,1051,900,301,260,94,75,,
6443.2,0.0,,1009,865,1053,901,302,261,93,74,,
6444.2,0.0,,1008,866,1051,901,301,260,93,74,,
6445.2,0.0,,1008,866,1051,900,307,266,95,75,,
6446.2,0.0,,1007,866,1051,901,306,263,96,76,,
6447.2,0.0,,1007,864,1050,901,307,265,99,79,,
6448.2,0.0,,1007,865,1050,902,310,268,102,81,,
6449.2,0.0,,1006,866,1052,901,309,267,105,83,,
6450.2,0.0,,1008,865,1051,901,314,271,108,85,,
6451.2,0.0,,1008,865,1051,901,315,272,112,89,,
6452.2,0.0,,1006,866,1049,900,319,276,117,94,,
6453.2,0.0,,1007,866,1050,900,313,271,118,95,,
6454.2,0.0,,1008,866,1051,901,315,273,120,96,,
6455.2,0.0,,1008,867,1051,900,320,277,123,98,,
6456.2,0.0,,1008,866,1051,901,316,274,132,105,,
6457.2,0.0,,1007,866,1050,901,315,272,133,107,,
6458.2,0.0,,1009,867,1050,900,311,269,131,106,,
6459.2,0.0,,1010,867,1050,902,313,271,131,106,,
6460.2,0.0,,1010,868,1051,901,314,272,133,107,,
6461.2,0.0,,1010,867,1050,900,312,270,122,99,,
6462.2,0.0,,1010,869,1052,900,307,265,124,101,,
6463.2,0.0,,1011,867,1051,900,303,262,115,92,,
6464.2,0.0,,1010,868,1050,901,302,262,108,86,,
6465.2,0.0,,1009,868,1050,901,302,261,104,84,,
6466.2,0.0,,1009,869,1050,901,302,262,104,83,,
6467.2,0.0,,1010,870,1051,901,300,259,103,83,,
6468.2,0.0,,1011,869,1052,901,301,260,100,80,,
6469.2,0.0,,1010,869,1051,901,300,259,101,81,,
6470.2,0.0,,1011,867,1050,902,297,256,95,76,,
6471.2,0.0,,1011,869,1052,901,303,262,92,72,,
6472.2,0.0,,1010,869,1051,901,300,258,94,75,,
6473.2,0.0,,1010,868,1053,901,305,264,95,75,,
6474.2,0.0,,1011,867,1052,902,304,263,96,76,,
6475.2,0.0,,1010,868,1051,902,306,265,100,80,,
6476.2,0.0,,1011,868,1052,902,306,264,102,81,,
6477.2,0.0,,1011,869,1052,902,307,265,105,83,,
6478.2,0.0,,1011,869,1052,901,307,265,108,86,,
6479.2,0.0,,1009,870,1051,902,314,271,110,88,,
6480.2,0.0,,1012,869,1051,901,309,267,111,89,,
6481.2,0.0,,1012,869,1052,901,310,269,112,89,,
6482.2,0.0,,1013,870,1052,901,315,272,116,93,,
6483.2,0.0,,1013,871,1051,901,312,271,115,92,,
6484.2,0.0,,1013,871,1050,902,312,270,120,96,,
6485.2,0.0,,1012,870,1051,901,313,271,122,98,,
6486.2,0.0,,1012,871,1051,901,314,272,122,97,,
6487.2,0.0,,1013,870,1051,901,313,270,124,99,,
6488.2,0.0,,1013,870,1052,900,315,273,133,107,,
6489.2,0.0,,1013,870,1052,901,313,271,134,109,,
6490.2,0.0,,1014,870,1051,901,310,269,134,108,,
6491.2,0.0,,1014,871,1052,903,312,270,132,107,,
6492.2,0.0,,1013,871,1051,901,313,271,130,106,,
6493.2,0.0,,1015,870,1051,901,311,270,130,106,,
6494.2,0.0,,1013,870,1051,901,307,266,125,101,,
6495.2,0.0,,1015,871,1052,901,308,267,125,102,,
6496.2,0.0,,1013,871,1050,901,303,263,121,99,,
6497.2,0.0,,1014,871,1052,903,302,261,120,98,,
6498.2,0.0,,1014,872,1052,902,303,262,114,93,,
6499.2,0.0,,1014,871,1050,903,300,260,112,91,,
6500.2,0.0,,1014,871,1051,901,300,260,111,90,,
6501.2,0.0,,1015,872,1051,901,302,261,107,86,,
6502.2,0.0,,1015,872,1052,902,299,259,106,86,,
6503.2,0.0,,1017,871,1051,901,295,255,103,83,,
6504.2,0.0,,1014,872,1052,903,295,255,100,82,,
6505.2,0.0,,1015,872,1054,902,294,253,96,78,,
6506.2,0.0,,1015,872,1051,902,295,254,96,77,,
6507.2,0.0,,1015,871,1053,903,299,259,96,77,,
6508.2,0.0,,1015,873,1052,903,298,257,94,75,,
6509.2,0.0,,1015,872,1053,902,298,257,97,77,,
6510.2,0.0,,1016,871,1053,903,301,260,97,78,,
6511.2,0.0,,1017,872,1053,903,297,256,96,77,,
6512.2,0.0,,1017,872,1053,902,303,262,96,76,,
6513.2,0.0,,1015,872,1053,903,303,261,96,76,,
6514.2,0.0,,1015,873,1052,902,304,263,98,77,,
6515.2,0.0,,1016,872,1053,904,301,259,100,79,,
6516.2,0.0,,1015,872,1053,902,304,262,103,81,,
6517.2,0.0,,1015,873,1054,903,305,264,104,82,,
6518.2,0.0,,1015,872,1052,902,306,264,108,87,,
6519.2,0.0,,1016,874,1053,902,309,267,109,87,,
6520.2,0.0,,1014,872,1052,903,310,268,114,90,,
6521.2,0.0,,1015,872,1053,903,310,268,115,92,,
6522.2,0.0,,1017,874,1052,902,312,270,118,94,,
6523.2,0.0,,1014,874,1052,902,313,271,127,101,,
6524.2,0.0,,1016,873,1052,902,313,270,127,102,,
6525.2,0.0,,1017,874,1052,903,313,271,128,103,,
6526.2,0.0,,1018,873,1052,902,311,269,131,106,,
6527.2,0.0,,1017,874,1053,902,312,271,133,107,,
6528.2,0.0,,1018,875,1053,903,309,268,133,107,,
6529.2,0.0,,1018,875,1052,903,305,264,133,108,,
6530.2,0.0,,1018,874,1053,902,305,264,129,104,,
6531.2,0.0,,1018,875,1054,902,302,261,126,102,,
6532.2,0.0,,1019,875,1053,902,300,261,121,98,,
6533.2,0.0,,1019,874,1053,902,301,260,116,94,,
6534.2,0.0,,1021,875,1053,902,297,257,109,88,,
6535.2,0.0,,1019,876,1053,903,296,257,104,84,,
6536.2,0.0,,1020,875,1053,904,295,255,101,82,,
6537.2,0.0,,1020,874,1052,903,296,256,100,80,,
6538.2,0.0,,1019,876,1055,904,295,255,96,77,,
6539.2,0.0,,1018,876,1054,903,291,251,94,74,,
6540.2,0.0,,1020,876,1054,904,295,255,95,75,,
6541.2,0.0,,1020,874,1054,903,297,256,91,72,,
6542.2,0.0,,1018,872,1054,904,299,257,99,78,,
6543.2,0.0,,1018,874,1054,904,301,261,102,81,,
6544.2,0.0,,1020,875,1053,903,304,263,107,85,,
6545.2,0.0,,1019,875,1052,904,309,268,113,90,,
6546.2,0.0,,1019,874,1053,903,309,267,118,94,,
6547.2,0.0,,1018,875,1054,903,313,270,127,101,,
6548.2,0.0,,1020,875,1054,903,313,271,128,102,,
6549.2,0.0,,1020,875,1054,903,312,270,131,105,,
6550.2,0.0,,1019,874,1052,902,311,270,132,106,,
6551.2,0.0,,1019,874,1054,902,309,267,133,108,,
6552.2,0.0,,1020,876,1053,903,305,264,132,107,,
6553.2,0.0,,1018,875,1052,902,301,262,129,105,,
6554.2,0.0,,1019,876,1054,903,300,260,125,102,,
6555.2,0.0,,1021,877,1052,903,298,258,120,98,,
6556.2,0.0,,1020,876,1053,902,296,255,115,93,,
6557.2,0.0,,1020,877,1053,904,299,259,111,90,,
6558.2,0.0,,1019,876,1054,902,292,253,105,86,,
6559.2,0.0,,1022,876,1054,903,297,258,107,87,,
6560.2,0.0,,1021,877,1055,903,292,252,105,85,,
6561.2,0.0,,1021,876,1054,903,289,250,94,74,,
6562.2,0.0,,1021,876,1054,904,291,252,95,76,,
6563.2,0.0,,1020,875,1053,902,288,249,95,75,,
6564.2,0.0,,1020,875,1054,904,287,249,94,74,,
6565.2,0.0,,1022,875,1055,905,291,251,93,74,,
6566.2,0.0,,1021,877,1055,904,294,254,95,75,,
6567.2,0.0,,1021,875,1055,905,295,255,98,78,,
6568.2,0.0,,1019,874,1054,905,302,261,99,79,,
6569.2,0.0,,1020,875,1055,905,297,256,102,80,,
6570.2,0.0,,1021,876,1055,903,299,258,106,84,,
6571.2,0.0,,1021,875,1055,903,302,260,105,83,,
6572.2,0.0,,1020,876,1055,904,307,265,112,90,,
6573.2,0.0,,1020,876,1055,904,311,269,117,93,,
6574.2,0.0,,1019,876,1054,903,307,266,121,97,,
6575.2,0.0,,1021,875,1054,903,307,266,123,99,,
6576.2,0.0,,1020,874,1053,902,305,264,128,102,,
6577.2,0.0,,1018,875,1054,905,306,265,131,105,,
6578.2,0.0,,1020,874,1053,903,299,259,124,100,,
6579.2,0.0,,1019,877,1053,904,299,258,125,101,,
6580.2,0.0,,1020,877,1054,903,299,260,125,101,,
6581.2,0.0,,1019,877,1054,902,302,261,124,100,,
6582.2,0.0,,1020,877,1054,904,296,256,124,101,,
6583.2,0.0,,1020,875,1053,903,295,256,119,96,,
6584.2,0.0,,1021,876,1053,903,297,257,116,94,,
6585.2,0.0,,1020,876,1053,903,295,255,114,93,,
6586.2,0.0,,1020,876,1053,903,296,257,113,92,,
6587.2,0.0,,1020,877,1053,903,293,254,111,90,,
6588.2,0.0,,1021,877,1054,904,296,257,107,87,,
6589.2,0.0,,1020,877,1054,905,292,253,105,85,,
6590.2,0.0,,1021,878,1053,903,288,248,104,84,,
6591.2,0.0,,1021,878,1055,903,294,254,104,84,,
6592.2,0.0,,1019,877,1054,903,292,252,98,79,,
6593.2,0.0,,1022,878,1054,904,289,250,97,78,,
6594.2,0.0,,1022,878,1054,904,289,250,95,76,,
6595.2,0.0,,1023,877,1054,904,293,253,94,76,,
6596.2,0.0,,1021,877,1055,904,286,248,92,73,,
6597.2,0.0,,1022,878,1056,905,291,252,92,73,,
6598.2,0.0,,1022,879,1055,904,288,249,93,73,,
6599.2,0.0,,1022,878,1054,904,290,251,92,73,,
6600.2,0.0,,1022,877,1054,905,290,250,95,75,,
6601.2,0.0,,1021,876,1054,905,293,254,95,75,,
6602.2,0.0,,1021,878,1055,905,295,255,98,78,,
6603.2,0.0,,1021,877,1055,905,299,259,99,79,,
6604.2,0.0,,1022,878,1056,904,300,259,101,80,,
6605.2,0.0,,1020,878,1055,906,297,257,103,81,,
6606.2,0.0,,1022,876,1056,905,297,256,104,82,,
6607.2,0.0,,1023,877,1055,904,297,256,106,84,,
6608.2,0.0,,1021,876,1055,904,295,256,107,85,,
6609.2,0.0,,1022,877,1055,905,300,259,109,87,,
6610.2,0.0,,1021,877,1054,906,297,257,111,89,,
6611.2,0.0,,1020,878,1054,905,300,259,114,90,,
6612.2,0.0,,1022,878,1054,905,301,260,114,91,,
6613.2,0.0,,1021,876,1054,906,300,259,113,91,,
6614.2,0.0,,1022,878,1055,904,297,257,113,90,,
6615.2,0.0,,1022,878,1054,905,298,257,113,91,,
6616.2,0.0,,1021,877,1055,903,299,258,113,91,,
6617.2,0.0,,1020,877,1055,905,302,261,114,92,,
6618.2,0.0,,1021,876,1054,905,297,256,114,92,,
6619.2,0.0,,1021,877,1055,906,298,258,115,93,,
6620.2,0.0,,1025,877,1055,905,297,256,115,93,,
6621.2,0.0,,1020,878,1054,904,300,260,115,92,,
6622.2,0.0,,1023,877,1055,904,297,256,116,93,,
6623.2,0.0,,1023,876,1055,904,298,258,116,93,,
6624.2,0.0,,1023,877,1054,904,302,262,116,93,,
6625.2,0.0,,1022,878,1054,905,299,259,118,94,,
6626.2,0.0,,1022,877,1054,904,301,261,118,94,,
6627.2,0.0,,1023,875,1054,903,297,258,120,96,,
6628.2,0.0,,1022,878,1054,904,299,259,121,97,,
6629.2,0.0,,1024,878,1055,904,296,256,121,97,,
6630.2,0.0,,1022,878,1054,904,296,256,122,98,,
6631.2,0.0,,1024,877,1054,904,298,258,120,96,,
6632.2,0.0,,1024,878,1054,904,297,257,124,100,,
6633.2,0.0,,1022,878,1053,904,297,257,133,107,,
6634.2,0.0,,1023,879,1054,903,294,254,123,99,,
6635.2,0.0,,1023,879,1056,903,291,251,123,99,,
6636.2,0.0,,1023,878,1053,904,297,257,132,107,,
6637.2,0.0,,1023,880,1054,903,298,258,131,106,,
6638.2,0.0,,1024,879,1054,905,294,255,131,106,,
6639.2,0.0,,1024,879,1053,904,290,252,127,103,,
6640.2,0.0,,1024,880,1054,903,289,250,120,97,,
6641.2,0.0,,1024,879,1054,904,290,250,119,97,,
6642.2,0.0,,1026,881,1055,904,290,251,118,96,,
6643.2,0.0,,1025,881,1053,905,292,253,114,93,,
6644.2,0.0,,1023,878,1055,904,290,250,117,94,,
6645.2,0.0,,1027,881,1055,905,288,248,112,91,,
6646.2,0.0,,1027,882,1054,904,291,252,113,92,,
6647.2,0.0,,1026,880,1056,905,289,250,110,89,,
6648.2,0.0,,1026,882,1055,904,292,253,110,89,,
6649.2,0.0,,1028,881,1055,903,291,251,107,86,,
6650.2,0.0,,1026,881,1055,904,288,249,107,86,,
6651.2,0.0,,1026,881,1056,904,285,247,106,85,,
6652.2,0.0,,1027,883,1057,906,292,253,105,84,,
6653.2,0.0,,1027,881,1054,905,283,244,99,80,,
6654.2,0.0,,1030,881,1056,905,287,248,103,83,,
6655.2,0.0,,1028,882,1056,904,287,249,102,82,,
6656.2,0.0,,1026,880,1056,905,290,250,105,84,,
6657.2,0.0,,1024,882,1054,905,290,251,100,80,,
6658.2,0.0,,1025,881,1057,905,288,248,97,79,,
6659.2,0.0,,1027,880,1056,907,282,244,95,76,,
6660.2,0.0,,1026,880,1055,906,278,241,93,73,,
6661.2,0.0,,1028,882,1056,906,278,242,95,75,,
6662.2,0.0,,1026,881,1056,907,278,241,96,75,,
6663.2,0.0,,1025,880,1054,906,283,245,92,73,,
6664.2,0.0,,1027,880,1055,906,280,243,95,75,,
6665.2,0.0,,1027,882,1056,904,281,244,95,76,,
6666.2,0.0,,1027,882,1055,905,281,243,95,75,,
6667.2,0.0,,1027,881,1056,906,282,244,96,76,,
6668.2,0.0,,1028,881,1056,906,280,242,97,77,,
6669.2,0.0,,1026,881,1057,906,280,243,98,78,,
6670.2,0.0,,1027,882,1055,905,284,246,104,82,,
6671.2,0.0,,1026,881,1055,906,287,249,103,82,,
6672.2,0.0,,1027,882,1056,905,288,249,106,84,,
6673.2,0.0,,1026,881,1055,905,286,247,110,88,,
6674.2,0.0,,1027,878,1055,905,289,250,112,89,,
6675.2,0.0,,1026,879,1055,906,289,250,111,88,,
6676.2,0.0,,1026,881,1055,905,289,250,113,90,,
6677.2,0.0,,1027,883,1055,905,295,256,119,95,,
6678.2,0.0,,1028,881,1056,904,288,250,118,94,,
6679.2,0.0,,1030,883,1055,905,289,250,121,97,,
6680.2,0.0,,1028,882,1054,905,293,254,125,100,,
6681.2,0.0,,1027,883,1055,904,292,252,129,103,,
6682.2,0.0,,1027,882,1055,904,295,256,130,104,,
6683.2,0.0,,1027,882,1053,905,290,251,132,106,,
6684.2,0.0,,1027,880,1056,903,291,252,133,107,,
6685.2,0.0,,1028,882,1056,904,291,253,136,110,,
6686.2,0.0,,1026,882,1055,906,292,252,129,104,,
6687.2,0.0,,1028,882,1056,905,287,248,125,101,,
6688.2,0.0,,1028,881,1054,905,284,245,124,100,,
6689.2,0.0,,1028,883,1056,905,287,248,124,100,,
6690.2,0.0,,1029,883,1054,905,284,244,124,100,,
6691.2,0.0,,1029,882,1054,905,285,247,125,100,,
6692.2,0.0,,1030,884,1055,904,285,247,128,103,,
6693.2,0.0,,1030,882,1055,905,289,250,126,102,,
6694.2,0.0,,1028,881,1054,903,282,244,127,103,,
6695.2,0.0,,1030,882,1056,906,290,251,127,103,,
6696.2,0.0,,1029,884,1055,905,287,248,126,102,,
6697.2,0.0,,1028,882,1056,904,290,251,125,100,,
6698.2,0.0,,1028,883,1056,905,288,249,125,101,,
6699.2,0.0,,1028,883,1056,905,287,248,125,101,,
6700.2,0.0,,1029,882,1055,905,287,248,124,100,,
6701.2,0.0,,1028,884,1056,905,286,247,123,98,,
6702.2,0.0,,1029,884,1055,907,292,252,122,97,,
6703.2,0.0,,1028,883,1057,904,293,253,121,97,,
6704.2,0.0,,1030,884,1055,906,287,248,125,100,,
6705.2,0.0,,1029,883,1056,906,288,249,124,100,,
6706.2,0.0,,1029,882,1055,906,286,247,120,96,,
6707.2,0.0,,1030,883,1054,905,287,249,118,95,,
6708.2,0.0,,1030,884,1055,906,287,248,120,96,,
6709.2,0.0,,1030,885,1055,906,286,247,116,93,,
6710.2,0.0,,1028,885,1055,906,287,248,117,94,,
6711.2,0.0,,1030,885,1056,907,285,247,117,94,,
6712.2,0.0,,1030,883,1056,906,286,248,118,95,,
6713.2,0.0,,1028,883,1057,905,291,251,118,95,,
6714.2,0.0,,1028,883,1056,905,288,248,118,95,,
6715.2,0.0,,1029,884,1055,904,284,246,118,95,,
6716.2,0.0,,1029,881,1054,906,286,248,117,94,,
6717.2,0.0,,1029,885,1055,905,286,248,119,96,,
6718.2,0.0,,1029,884,1054,905,285,247,120,96,,
6719.2,0.0,,1028,884,1055,905,283,244,118,95,,
6720.2,0.0,,1029,884,1056,906,286,248,124,99,,
6721.2,0.0,,1029,882,1054,906,291,251,120,95,,
6722.2,0.0,,1030,884,1057,906,288,250,121,97,,
6723.2,0.0,,1032,884,1055,905,292,252,121,97,,
6724.2,0.0,,1030,884,1057,906,288,249,118,94,,
6725.2,0.0,,1031,884,1057,906,288,249,121,97,,
6726.2,0.0,,1030,884,1056,907,288,248,114,91,,
6727.2,0.0,,1029,884,1056,907,286,247,111,89,,
6728.2,0.0,,1029,882,1056,904,282,243,110,87,,
6729.2,0.0,,1030,885,1058,905,284,246,108,86,,
6730.2,0.0,,1029,883,1057,905,281,242,109,87,,
6731.2,0.0,,1032,884,1055,908,285,246,105,83,,
6732.2,0.0,,1030,884,1056,907,285,246,107,84,,
6733.2,0.0,,1031,885,1056,907,278,241,106,84,,
6734.2,0.0,,1031,884,1057,907,277,240,103,82,,
6735.2,0.0,,1029,884,1058,907,282,244,104,83,,
6736.2,0.0,,1030,885,1057,907,282,244,103,82,,
6737.2,0.0,,1031,885,1057,908,277,240,101,80,,
6738.2,0.0,,1031,886,1056,908,278,241,101,80,,
6739.2,0.0,,1031,884,1058,906,274,237,98,78,,
6740.2,0.0,,1030,887,1058,907,276,239,101,80,,
6741.2,0.0,,1032,886,1058,906,275,238,103,83,,
6742.2,0.0,,1030,886,1059,906,275,238,101,80,,
6743.2,0.0,,1032,886,1058,906,274,238,96,76,,
6744.2,0.0,,1032,885,1058,908,274,237,95,75,,
6745.2,0.0,,1030,885,1057,909,277,240,95,75,,
6746.2,0.0,,1033,885,1058,908,275,238,95,75,,
6747.2,0.0,,1031,885,1059,906,276,239,95,75,,
6748.2,0.0,,1031,885,1057,908,277,239,97,77,,
6749.2,0.0,,1031,886,1056,907,270,233,96,76,,
6750.2,0.0,,1032,885,1056,906,272,236,95,75,,
6751.2,0.0,,1032,886,1057,905,270,234,91,72,,
6752.2,0.0,,1032,886,1057,907,271,234,94,75,,
6753.2,0.0,,1030,886,1058,906,268,232,94,75,,
6754.2,0.0,,1033,886,1056,907,268,232,96,76,,
6755.2,0.0,,1032,886,1058,907,269,233,96,77,,
6756.2,0.0,,1031,887,1059,907,273,237,96,76,,
6757.2,0.0,,1033,885,1058,905,270,234,98,79,,
6758.2,0.0,,1033,886,1058,905,268,232,97,78,,
6759.2,0.0,,1033,887,1056,905,270,234,99,79,,
6760.2,0.0,,1033,887,1056,907,268,232,100,80,,
6761.2,0.0,,1032,886,1058,906,271,234,105,84,,
6762.2,0.0,,1035,886,1058,906,272,236,107,86,,
6763.2,0.0,,1032,887,1056,906,273,237,109,88,,
6764.2,0.0,,1032,885,1055,906,276,240,110,88,,
6765.2,0.0,,1032,887,1058,906,271,235,112,91,,
6766.2,0.0,,1033,885,1055,905,278,241,119,96,,
6767.2,0.0,,1032,887,1056,905,276,239,121,98,,
6768.2,0.0,,1032,886,1055,906,277,240,122,99,,
6769.2,0.0,,1032,887,1055,905,274,238,122,98,,
6770.2,0.0,,1032,886,1056,905,278,241,128,103,,
6771.2,0.0,,1032,886,1056,905,279,241,133,107,,
6772.2,0.0,,1031,886,1056,906,280,242,130,105,,
6773.2,0.0,,1033,885,1055,906,278,240,130,105,,
6774.2,0.0,,1032,887,1056,904,278,240,130,105,,
6775.2,0.0,,1032,886,1055,906,283,244,130,105,,
6776.2,0.0,,1033,885,1056,905,281,243,133,107,,
6777.2,0.0,,1033,886,1059,906,283,245,136,110,,
6778.2,0.0,,1031,885,1056,906,281,242,136,110,,
6779.2,0.0,,1032,887,1057,905,282,243,136,109,,
6780.2,0.0,,1032,885,1057,907,282,243,133,108,,
6781.2,0.0,,1032,884,1057,905,284,245,129,103,,
6782.2,0.0,,1033,886,1055,906,284,246,126,101,,
6783.2,0.0,,1033,886,1056,907,285,247,126,101,,
6784.2,0.0,,1030,887,1057,906,282,244,125,100,,
6785.2,0.0,,1033,885,1057,905,284,247,121,96,,
6786.2,0.0,,1031,886,1058,906,282,244,119,95,,
6787.2,0.0,,1032,887,1057,907,283,245,119,94,,
6788.2,0.0,,1032,887,1058,905,285,246,117,93,,
6789.2,0.0,,1032,887,1058,905,283,245,115,92,,
6790.2,0.0,,1033,886,1057,906,282,244,117,93,,
6791.2,0.0,,1033,886,1058,906,281,242,115,92,,
6792.2,0.0,,1031,885,1058,906,284,246,110,88,,
6793.2,0.0,,1032,887,1057,906,277,240,111,89,,
6794.2,0.0,,1032,885,1058,907,280,242,110,88,,
6795.2,0.0,,1033,886,1058,906,283,245,111,88,,
6796.2,0.0,,1033,886,1056,906,278,241,110,87,,
6797.2,0.0,,1033,887,1057,907,278,241,109,87,,
6798.2,0.0,,1032,887,1058,907,278,241,110,87,,
6799.2,0.0,,1033,885,1059,906,274,238,107,85,,
6800.2,0.0,,1031,886,1057,906,274,237,107,86,,
6801.2,0.0,,1034,887,1057,906,275,238,106,84,,
6802.2,0.0,,1031,886,1058,906,279,242,104,82,,
6803.2,0.0,,1032,885,1057,906,276,239,104,83,,
6804.2,0.0,,1032,885,1058,907,280,242,105,83,,
6805.2,0.0,,1034,886,1058,907,280,243,105,83,,
6806.2,0.0,,1033,887,1059,908,275,238,106,85,,
6807.2,0.0,,1033,887,1057,906,276,239,106,84,,
6808.2,0.0,,1032,886,1057,908,278,240,108,86,,
6809.2,0.0,,1033,884,1058,907,278,240,110,87,,
6810.2,0.0,,1032,886,1059,906,274,237,112,90,,
6811.2,0.0,,1034,885,1057,907,278,241,111,88,,
6812.2,0.0,,1033,886,1057,907,277,240,108,86,,
6813.2,0.0,,1032,887,1058,906,276,240,109,87,,
6814.2,0.0,,1032,886,1059,907,274,237,111,88,,
6815.2,0.0,,1031,885,1056,906,279,242,109,86,,
6816.2,0.0,,1032,886,1057,907,275,237,110,87,,
6817.2,0.0,,1033,886,1058,906,276,240,111,88,,
6818.2,0.0,,1033,887,1057,907,279,242,112,89,,
6819.2,0.0,,1032,886,1057,905,276,240,110,88,,
6820.2,0.0,,1033,887,1058,907,273,236,108,86,,
6821.2,0.0,,1033,888,1059,908,275,237,107,85,,
6822.2,0.0,,1034,887,1057,907,273,236,102,81,,
6823.2,0.0,,1034,887,1059,907,270,233,99,78,,
6824.2,0.0,,1033,885,1058,906,269,233,100,80,,
6825.2,0.0,,1033,887,1058,906,268,232,97,77,,
6826.2,0.0,,1033,887,1059,907,271,235,97,78,,
6827.2,0.0,,1033,885,1058,908,271,235,96,76,,
6828.2,0.0,,1035,888,1058,908,265,230,95,76,,
6829.2,0.0,,1034,887,1058,907,267,231,93,74,,
6830.2,0.0,,1034,888,1057,907,267,231,93,73,,
6831.2,0.0,,1035,888,1058,908,265,229,91,71,,
6832.2,0.0,,1032,886,1057,908,271,235,100,80,,
6833.2,0.0,,1033,888,1058,907,272,236,101,80,,
6834.2,0.0,,1034,888,1057,908,267,231,99,79,,
6835.2,0.0,,1033,887,1057,907,268,232,100,79,,
6836.2,0.0,,1035,888,1057,907,267,231,102,81,,
6837.2,0.0,,1033,886,1059,907,270,234,101,81,,
6838.2,0.0,,1034,887,1059,907,271,235,100,80,,
6839.2,0.0,,1033,888,1056,905,265,229,101,81,,
6840.2,0.0,,1033,888,1058,908,266,230,103,83,,
6841.2,0.0,,1035,888,1058,906,268,232,103,83,,
6842.2,0.0,,1035,888,1057,906,271,235,105,85,,
6843.2,0.0,,1035,887,1057,907,267,231,109,88,,
6844.2,0.0,,1034,889,1057,907,267,231,110,89,,
6845.2,0.0,,1035,888,1057,906,264,229,107,86,,
6846.2,0.0,,1035,887,1057,905,272,234,112,92,,
6847.2,0.0,,1034,888,1058,905,268,233,108,88,,
6848.2,0.0,,1036,887,1055,906,267,231,115,94,,
6849.2,0.0,,1034,888,1057,905,269,232,113,91,,
6850.2,0.0,,1034,887,1057,906,268,232,114,92,,
6851.2,0.0,,1035,888,1058,906,270,234,115,93,,
6852.2,0.0,,1034,889,1057,906,271,235,118,96,,
6853.2,0.0,,1033,888,1056,905,271,235,119,96,,
6854.2,0.0,,1033,888,1055,906,275,238,130,106,,
6855.2,0.0,,1034,887,1057,905,275,239,129,104,,
6856.2,0.0,,1032,887,1057,905,275,238,131,107,,
6857.2,0.0,,1033,889,1056,905,276,239,129,104,,
6858.2,0.0,,1034,887,1056,905,272,236,130,106,,
6859.2,0.0,,1034,888,1055,907,278,241,131,106,,
6860.2,0.0,,1033,888,1057,906,278,241,133,108,,
6861.2,0.0,,1033,888,1056,906,276,238,133,107,,
6862.2,0.0,,1034,887,1056,904,280,242,139,113,,
6863.2,0.0,,1035,888,1056,906,275,239,132,107,,
6864.2,0.0,,1032,888,1055,906,279,242,133,107,,
6865.2,0.0,,1036,888,1057,906,276,239,130,104,,
6866.2,0.0,,1035,887,1057,906,282,245,127,102,,
6867.2,0.0,,1034,888,1057,906,280,243,125,100,,
6868.2,0.0,,1033,888,1057,906,280,242,125,100,,
6869.2,0.0,,1033,886,1056,906,280,242,118,94,,
6870.2,0.0,,1032,886,1057,906,280,242,114,91,,
6871.2,0.0,,1035,888,1057,908,277,240,111,88,,
6872.2,0.0,,1034,887,1058,907,276,238,107,84,,
6873.2,0.0,,1035,888,1058,907,275,238,104,83,,
6874.2,0.0,,1034,889,1058,908,270,234,103,82,,
6875.2,0.0,,1035,890,1058,908,271,234,98,78,,
6876.2,0.0,,1034,889,1058,908,271,234,96,76,,
6877.2,0.0,,1034,888,1059,908,272,235,95,75,,
6878.2,0.0,,1034,889,1059,908,268,232,97,77,,
6879.2,0.0,,1034,888,1059,906,264,229,96,76,,
6880.2,0.0,,1034,888,1058,907,269,232,93,73,,
6881.2,0.0,,1037,889,1058,908,264,229,96,76,,
6882.2,0.0,,1034,889,1060,908,264,229,94,75,,
6883.2,0.0,,1036,888,1060,908,264,229,93,73,,
6884.2,0.0,,1034,888,1060,908,261,226,94,75,,
6885.2,0.0,,1032,889,1059,906,265,229,95,76,,
6886.2,0.0,,1036,889,1058,908,266,231,95,76,,
6887.2,0.0,,1035,889,1059,906,265,229,98,78,,
6888.2,0.0,,1036,889,1058,907,263,227,96,78,,
6889.2,0.0,,1035,888,1059,907,263,228,96,77,,
6890.2,0.0,,1035,889,1057,905,266,231,99,80,,
6891.2,0.0,,1036,887,1059,907,268,232,101,81,,
6892.2,0.0,,1036,888,1057,906,268,232,103,83,,
6893.2,0.0,,1035,886,1057,906,270,234,106,87,,
6894.2,0.0,,1035,889,1059,907,270,235,107,85,,
6895.2,0.0,,1036,889,1058,908,267,231,110,89,,
6896.2,0.0,,1036,889,1056,906,270,234,112,91,,
6897.2,0.0,,1036,887,1058,907,270,235,114,93,,
6898.2,0.0,,1034,889,1057,906,271,235,116,95,,
6899.2,0.0,,1036,888,1057,907,269,233,117,94,,
6900.2,0.0,,1033,889,1057,906,269,234,119,97,,
6901.2,0.0,,1036,888,1057,906,272,236,121,98,,
6902.2,0.0,,1034,888,1057,905,272,236,123,99,,
6903.2,0.0,,1035,889,1057,906,272,236,124,100,,
6904.2,0.0,,1035,888,1057,906,274,238,123,99,,
6905.2,0.0,,1035,889,1057,906,275,238,122,98,,
6906.2,0.0,,1036,889,1056,907,275,238,123,98,,
6907.2,0.0,,1036,888,1058,907,276,240,121,97,,
6908.2,0.0,,1033,887,1056,907,273,237,118,95,,
6909.2,0.0,,1033,888,1058,907,279,242,116,93,,
6910.2,0.0,,1034,887,1058,907,276,239,114,91,,
6911.2,0.0,,1034,890,1056,906,278,240,110,86,,
6912.2,0.0,,1036,889,1058,906,277,240,113,90,,
6913.2,0.0,,1035,890,1059,907,274,238,111,88,,
6914.2,0.0,,1034,888,1059,907,271,235,110,87,,
6915.2,0.0,,1034,889,1058,907,273,236,106,85,,
6916.2,0.0,,1035,889,1057,908,275,238,106,84,,
6917.2,0.0,,1035,888,1058,908,276,239,105,84,,
6918.2,0.0,,1035,889,1059,908,270,233,104,83,,
6919.2,0.0,,1035,889,1060,909,268,232,103,82,,
6920.2,0.0,,1035,887,1060,908,268,231,104,83,,
6921.2,0.0,,1035,890,1061,908,267,232,99,79,,
6922.2,0.0,,1034,888,1059,908,268,232,99,78,,
6923.2,0.0,,1036,890,1059,907,268,232,94,75,,
6924.2,0.0,,1036,889,1060,907,265,229,94,74,,
6925.2,0.0,,1036,889,1058,909,264,229,94,74,,
6926.2,0.0,,1037,889,1059,909,268,233,95,75,,
6927.2,0.0,,1037,890,1060,909,266,231,99,80,,
6928.2,0.0,,1036,890,1060,907,262,227,96,77,,
6929.2,0.0,,1035,890,1058,908,262,226,93,73,,
6930.2,0.0,,1036,889,1059,908,261,226,95,75,,
6931.2,0.0,,1036,888,1056,908,263,229,96,76,,
6932.2,0.0,,1037,890,1059,908,267,231,100,80,,
6933.2,0.0,,1036,889,1058,907,266,230,99,79,,
6934.2,0.0,,1037,888,1058,907,266,231,99,79,,
6935.2,0.0,,1035,889,1058,906,264,228,102,82,,
6936.2,0.0,,1036,889,1058,907,266,230,103,83,,
6937.2,0.0,,1036,888,1057,907,266,230,103,84,,
6938.2,0.0,,1038,890,1059,906,265,229,103,83,,
6939.2,0.0,,1036,890,1058,907,265,229,104,83,,
6940.2,0.0,,1036,889,1059,907,264,229,103,83,,
6941.2,0.0,,1035,890,1057,906,266,230,105,85,,
6942.2,0.0,,1036,889,1058,905,267,232,111,89,,
6943.2,0.0,,1038,890,1057,905,266,230,108,87,,
6944.2,0.0,,1036,890,1058,906,270,235,108,86,,
6945.2,0.0,,1037,888,1057,906,272,236,110,89,,
6946.2,0.0,,1035,890,1059,907,268,232,110,89,,
6947.2,0.0,,1037,889,1059,906,268,232,114,92,,
6948.2,0.0,,1036,889,1058,907,267,231,115,93,,
6949.2,0.0,,1036,888,1057,906,265,229,113,91,,
6950.2,0.0,,1036,889,1057,907,268,233,118,95,,
6951.2,0.0,,1036,890,1057,906,268,233,115,94,,
6952.2,0.0,,1036,889,1058,906,268,233,115,93,,
6953.2,0.0,,1037,890,1058,907,267,231,115,93,,
6954.2,0.0,,1037,889,1057,908,267,231,115,93,,
6955.2,0.0,,1036,888,1058,907,271,235,115,93,,
6956.2,0.0,,1037,890,1058,906,273,237,117,95,,
6957.2,0.0,,1037,891,1057,906,270,234,121,98,,
6958.2,0.0,,1038,889,1058,906,268,232,115,93,,
6959.2,0.0,,1036,889,1058,907,267,231,118,95,,
6960.2,0.0,,1036,889,1058,907,267,231,116,94,,
6961.2,0.0,,1038,889,1057,906,269,234,115,94,,
6962.2,0.0,,1037,890,1056,906,268,233,114,92,,
6963.2,0.0,,1037,890,1058,907,272,236,114,92,,
6964.2,0.0,,1036,889,1058,908,269,234,115,93,,
6965.2,0.0,,1035,890,1060,907,270,234,114,92,,
6966.2,0.0,,1037,891,1058,906,268,232,118,95,,
6967.2,0.0,,1037,889,1056,907,269,233,117,95,,
6968.2,0.0,,1035,891,1057,907,266,230,117,95,,
6969.2,0.0,,1037,892,1058,906,267,231,116,94,,
7182.2,0.0,,1047,897,1059,907,269,234,120,97,,
7183.2,0.0,,1046,899,1060,907,265,230,120,96,,
7184.2,0.0,,1046,898,1058,908,268,233,119,96,,
7185.2,0.0,,1047,898,1059,909,265,230,117,95,,
7186.2,0.0,,1047,897,1059,909,264,229,120,97,,
7187.2,0.0,,1046,897,1058,907,265,229,117,95,,
7188.2,0.0,,1046,899,1060,907,262,226,115,94,,
7189.2,0.0,,1046,898,1060,908,261,226,115,94,,
7190.2,0.0,,1046,897,1060,908,262,226,114,93,,
7191.2,0.0,,1045,899,1059,907,267,231,117,95,,
7192.2,0.0,,1047,898,1059,907,263,228,115,93,,
7193.2,0.0,,1046,899,1060,909,262,227,112,90,,
7194.2,0.0,,1046,898,1059,909,265,230,105,84,,
7195.2,0.0,,1047,899,1060,908,263,228,105,85,,
7196.2,0.0,,1047,898,1058,909,261,227,105,85,,
7197.2,0.0,,1047,899,1059,909,264,229,103,83,,
7198.2,0.0,,1046,897,1061,909,259,224,103,83,,
7199.2,0.0,,1046,898,1059,909,258,224,101,80,,
7200.2,0.0,,1047,898,1060,909,258,224,103,83,,
7201.2,0.0,,1046,898,1060,908,259,225,101,81,,
7202.2,0.0,,1046,898,1060,909,264,229,101,81,,
7203.2,0.0,,1047,898,1060,909,263,228,100,79,,
7204.2,0.0,,1045,898,1060,908,261,226,100,80,,
7205.2,0.0,,1045,899,1061,908,264,229,97,77,,
7206.2,0.0,,1047,897,1059,911,261,227,99,79,,
7207.2,0.0,,1047,899,1060,910,265,229,99,79,,
7208.2,0.0,,1047,899,1059,910,262,227,98,78,,
7209.2,0.0,,1045,898,1061,910,263,228,100,79,,
7210.2,0.0,,1046,898,1059,909,261,226,101,80,,
7211.2,0.0,,1047,898,1061,910,264,229,102,82,,
7212.2,0.0,,1046,898,1060,909,267,231,102,81,,
7213.2,0.0,,1047,898,1059,910,266,229,104,83,,
7214.2,0.0,,1047,898,1061,910,262,226,103,82,,
7215.2,0.0,,1047,898,1061,908,263,228,103,82,,
7216.2,0.0,,1046,898,1061,910,267,231,105,84,,
7217.2,0.0,,1045,899,1059,909,268,232,106,84,,
7218.2,0.0,,1045,897,1061,910,266,230,105,83,,
7219.2,0.0,,1046,897,1061,909,268,232,103,82,,
7220.2,0.0,,1045,896,1059,909,266,229,105,83,,
7221.2,0.0,,1044,897,1060,908,264,228,105,84,,
7222.2,0.0,,1047,898,1061,910,267,231,106,84,,
7223.2,0.0,,1046,898,1061,909,264,229,104,83,,
7224.2,0.0,,1046,898,1060,909,262,227,104,82,,
7225.2,0.0,,1046,898,1060,910,266,230,105,84,,
7226.2,0.0,,1047,899,1060,909,269,233,107,84,,
7227.2,0.0,,1045,898,1061,908,269,233,106,84,,
7228.2,0.0,,1048,898,1060,910,268,232,108,86,,
7229.2,0.0,,1046,899,1059,909,264,228,109,86,,
7230.2,0.0,,1046,898,1060,909,267,231,112,89,,
7231.2,0.0,,1047,898,1059,909,266,230,112,89,,
7232.2,0.0,,1045,899,1059,909,269,233,114,91,,
7233.2,0.0,,1047,898,1060,908,271,235,114,91,,
7234.2,0.0,,1046,897,1060,910,267,231,116,93,,
7235.2,0.0,,1046,897,1060,910,271,235,125,100,,
7236.2,0.0,,1046,898,1060,909,267,231,120,96,,
7237.2,0.0,,1046,898,1059,909,268,232,121,97,,
7238.2,0.0,,1047,898,1060,908,274,237,130,105,,
7239.2,0.0,,1047,899,1059,909,271,235,134,108,,
7240.2,0.0,,1046,899,1060,908,264,229,123,99,,
7241.2,0.0,,1046,898,1060,908,268,233,132,106,,
7242.2,0.0,,1045,898,1061,908,268,233,132,107,,
7243.2,0.0,,1047,898,1059,908,266,231,133,107,,
7244.2,0.0,,1046,898,1058,909,268,233,133,107,,
7245.2,0.0,,1046,899,1059,908,265,230,134,108,,
7246.2,0.0,,1046,898,1059,909,268,233,133,107,,
7247.2,0.0,,1046,899,1059,908,267,233,133,107,,
7248.2,0.0,,1047,898,1059,908,272,236,133,107,,
7249.2,0.0,,1048,899,1060,908,269,234,133,107,,
7250.2,0.0,,1047,897,1060,908,266,231,133,107,,
7251.2,0.0,,1046,899,1059,908,268,232,133,107,,
7252.2,0.0,,1047,897,1061,908,269,234,133,107,,
7253.2,0.0,,1047,899,1057,908,272,236,132,106,,
7254.2,0.0,,1046,899,1058,908,266,231,132,106,,
7255.2,0.0,,1047,899,1059,909,269,234,132,107,,
7256.2,0.0,,1046,898,1059,908,272,236,132,106,,
7257.2,0.0,,1047,898,1061,909,269,233,131,106,,
7258.2,0.0,,1048,899,1060,908,267,232,130,105,,
7259.2,0.0,,1046,897,1059,909,268,233,132,106,,
7260.2,0.0,,1047,899,1060,909,272,236,131,106,,
7261.2,0.0,,1046,898,1058,909,268,232,130,104,,
7262.2,0.0,,1047,898,1059,907,272,236,131,105,,
7263.2,0.0,,1046,898,1060,908,269,233,131,105,,
7264.2,0.0,,1046,898,1059,909,269,233,130,105,,
7265.2,0.0,,1047,897,1059,908,265,230,122,98,,
7266.2,0.0,,1046,898,1059,910,270,234,124,99,,
7267.2,0.0,,1046,899,1059,910,269,234,123,99,,
7268.2,0.0,,1046,899,1060,909,271,235,123,99,,
7269.2,0.0,,1046,898,1060,909,270,234,122,98,,
7270.2,0.0,,1047,899,1061,908,266,232,121,98,,
7271.2,0.0,,1047,899,1059,908,267,232,123,98,,
7272.2,0.0,,1046,899,1059,909,267,231,123,99,,
7273.2,0.0,,1048,899,1059,909,263,228,123,100,,
7274.2,0.0,,1047,899,1059,909,264,228,125,100,,
7275.2,0.0,,1045,898,1060,908,266,231,124,100,,
7276.2,0.0,,1047,898,1060,907,265,229,125,101,,
7277.2,0.0,,1047,900,1061,909,266,231,123,99,,
7278.2,0.0,,1046,898,1059,909,264,229,121,98,,
7279.2,0.0,,1047,898,1060,908,263,228,123,98,,
7280.2,0.0,,1046,898,1057,907,265,229,123,100,,
7281.2,0.0,,1047,898,1059,908,262,226,122,98,,
7282.2,0.0,,1047,898,1059,909,264,229,121,98,,
7283.2,0.0,,1047,899,1060,908,261,226,120,97,,
7284.2,0.0,,1048,900,1058,906,260,226,119,96,,
7285.2,0.0,,1047,901,1059,907,263,228,117,95,,
7286.2,0.0,,1047,898,1059,909,260,225,118,95,,
