timestamp,node_id,soil_raw,soil_moisture,soil_min,soil_max,soil_n,soil_at_ms,air_temperature,air_humidity,vbat,boot,rssi,snr
2026-09-01 08:00:00.920931,stage3-lowpower,1214,42.0,,,,10861,,,3.39,1100,-113,-1.0
2026-09-01 08:00:04.501779,stage3-lowpower,1215,42.0,,,,14467,,,3.39,1100,-113,-1.3
2026-09-01 08:00:08.086125,stage3-lowpower,1213,42.0,,,,18073,,,3.39,1100,-113,-2.0
2026-09-01 08:00:11.772297,stage3-lowpower,1221,41.0,,,,21679,,,3.39,1100,-114,-2.0
2026-09-01 08:00:15.024323,stage4-lowpower-v2,1241,39.0,,,,3050,24.0,61.5,3.82,2,-118,-6.2
2026-09-01 08:02:40.060329,stage3-lowpower,1203,43.0,,,,76,,,3.77,1,-118,-6.5
2026-09-01 08:02:43.517696,stage3-lowpower,1225,41.0,,,,3651,,,3.77,1,-116,-3.5
2026-09-01 08:02:47.101650,stage3-lowpower,1225,41.0,,,,7199,,,3.77,1,-122,-10.0
2026-09-01 08:02:54.166603,stage3-lowpower,1228,41.0,,,,14296,,,3.77,1,-114,-2.0
2026-09-01 08:02:57.722161,stage3-lowpower,1227,41.0,,,,17845,,,3.78,1,-114,-3.0
2026-09-01 08:03:01.217120,stage3-lowpower,1227,41.0,,,,21394,,,3.77,1,-113,-1.8
2026-09-01 08:06:02.571368,stage4-lowpower-v2,1240,40.0,,,,3050,23.4,72.5,3.81,2,-113,-1.0
2026-09-01 08:07:39.978122,stage3-lowpower,1212,42.0,,,,76,,,3.78,2,-113,-1.8
2026-09-01 08:07:43.447970,stage3-lowpower,1236,40.0,,,,3679,,,3.78,2,-114,-1.8
2026-09-01 08:07:47.031431,stage3-lowpower,1234,40.0,,,,7228,,,3.78,2,-117,-4.7
2026-09-01 08:07:50.615653,stage3-lowpower,1236,40.0,,,,10777,,,3.78,2,-118,-6.2
2026-09-01 08:07:54.097277,stage3-lowpower,1235,40.0,,,,14326,,,3.78,2,-114,-2.2
2026-09-01 08:07:57.652099,stage3-lowpower,1235,40.0,,,,17875,,,3.78,2,-115,-3.0
2026-09-01 08:08:01.265744,stage3-lowpower,1236,40.0,,,,21424,,,3.78,2,-115,-3.5
2026-09-01 08:11:02.911375,stage4-lowpower-v2,1242,39.0,,,,3050,24.0,77.2,3.81,3,-110,1.3
2026-09-01 08:12:40.540221,stage3-lowpower,1216,42.0,,,,76,,,3.78,3,-114,-3.0
2026-09-01 08:12:44.197305,stage3-lowpower,1240,40.0,,,,3679,,,3.77,3,-113,-1.5
2026-09-01 08:12:47.678293,stage3-lowpower,1237,40.0,,,,7228,,,3.78,3,-114,-2.5
2026-09-01 08:12:51.179490,stage3-lowpower,1239,40.0,,,,10777,,,3.78,3,-114,-2.0
2026-09-01 08:12:54.848143,stage3-lowpower,1241,39.0,,,,14326,,,3.78,3,-113,-1.3
2026-09-01 08:12:58.328564,stage3-lowpower,1239,40.0,,,,17875,,,3.78,3,-114,-2.0
2026-09-01 08:13:01.912640,stage3-lowpower,1240,40.0,,,,21424,,,3.78,3,-114,-2.0
2026-09-01 08:16:03.149066,stage4-lowpower-v2,1241,39.0,,,,3050,24.4,67.7,3.81,4,-111,0.3
2026-09-01 08:17:40.760775,stage3-lowpower,1223,41.0,,,,76,,,3.77,4,-113,-1.3
2026-09-01 08:17:44.230819,stage3-lowpower,1241,39.0,,,,3679,,,3.78,4,-113,-1.3
2026-09-01 08:17:47.814200,stage3-lowpower,1243,39.0,,,,7228,,,3.78,4,-115,-3.2
2026-09-01 08:17:51.400837,stage3-lowpower,1242,39.0,,,,10777,,,3.78,4,-114,-2.0
2026-09-01 08:17:54.879451,stage3-lowpower,1243,39.0,,,,14326,,,3.78,4,-114,-2.5
2026-09-01 08:17:58.463348,stage3-lowpower,1241,39.0,,,,17875,,,3.78,4,-113,-1.5
2026-09-01 08:18:01.973334,stage3-lowpower,1243,39.0,,,,21424,,,3.78,4,-111,0.3
2026-09-01 08:21:03.386947,stage4-lowpower-v2,1243,39.0,,,,3050,24.6,71.2,3.81,5,-114,-2.2
2026-09-01 08:22:40.895716,stage3-lowpower,1227,41.0,,,,76,,,3.78,5,-118,-6.5
2026-09-01 08:22:44.469625,stage3-lowpower,1243,39.0,,,,3679,,,3.77,5,-119,-7.0
2026-09-01 08:22:47.985811,stage3-lowpower,1247,39.0,,,,7228,,,3.78,5,-118,-6.7
2026-09-01 08:22:51.533598,stage3-lowpower,1245,39.0,,,,10777,,,3.78,5,-119,-7.0
2026-09-01 08:22:55.119376,stage3-lowpower,1247,39.0,,,,14326,,,3.78,5,-118,-6.2
2026-09-01 08:22:58.589887,stage3-lowpower,1245,39.0,,,,17875,,,3.78,5,-117,-4.7
2026-09-01 08:23:02.152482,stage3-lowpower,1249,39.0,,,,21424,,,3.78,5,-117,-5.5
2026-09-01 08:26:03.447294,stage4-lowpower-v2,1244,39.0,,,,3050,25.0,64.6,3.81,6,-110,1.0
2026-09-01 08:27:41.234195,stage3-lowpower,1239,40.0,,,,76,,,3.78,6,-119,-7.0
2026-09-01 08:27:44.704908,stage3-lowpower,1257,38.0,,,,3678,,,3.78,6,-118,-5.7
2026-09-01 08:27:48.246073,stage3-lowpower,1259,38.0,,,,7227,,,3.78,6,-118,-6.7
2026-09-01 08:27:51.772622,stage3-lowpower,1258,38.0,,,,10776,,,3.78,6,-120,-8.3
2026-09-01 08:27:55.354751,stage3-lowpower,1261,38.0,,,,14325,,,3.78,6,-119,-7.0
2026-09-01 08:27:58.938905,stage3-lowpower,1259,38.0,,,,17874,,,3.78,6,-119,-6.7
2026-09-01 08:28:02.410284,stage3-lowpower,1263,38.0,,,,21423,,,3.78,6,-118,-6.5
2026-09-01 08:31:04.157822,stage4-lowpower-v2,1260,38.0,,,,3050,27.5,75.1,3.82,7,-109,2.0
2026-09-01 08:32:42.086538,stage3-lowpower,1252,38.0,,,,76,,,3.77,7,-117,-5.7
2026-09-01 08:32:45.659287,stage3-lowpower,1271,37.0,,,,3678,,,3.78,7,-119,-6.7
2026-09-01 08:32:49.243283,stage3-lowpower,1270,37.0,,,,7227,,,3.78,7,-118,-6.2
2026-09-01 08:32:52.724732,stage3-lowpower,1273,37.0,,,,10776,,,3.78,7,-117,-5.0
2026-09-01 08:32:56.222970,stage3-lowpower,1273,37.0,,,,14325,,,3.78,7,-118,-6.0
2026-09-01 08:32:59.893321,stage3-lowpower,1272,37.0,,,,17874,,,3.78,7,-118,-6.2
2026-09-01 08:33:03.305579,stage3-lowpower,1275,37.0,,,,21423,,,3.78,7,-119,-8.0
2026-09-01 08:36:04.541816,stage4-lowpower-v2,1260,38.0,,,,3050,27.6,65.6,3.81,8,-110,1.5
2026-09-01 08:37:42.222353,stage3-lowpower,1249,39.0,,,,76,,,3.78,8,-115,-3.2
2026-09-01 08:37:45.794504,stage3-lowpower,1269,37.0,,,,3679,,,3.78,8,-115,-3.5
2026-09-01 08:37:49.276487,stage3-lowpower,1268,37.0,,,,7228,,,3.78,8,-115,-3.0
2026-09-01 08:37:52.783121,stage3-lowpower,1270,37.0,,,,10777,,,3.78,8,-113,-1.5
2026-09-01 08:37:56.445023,stage3-lowpower,1269,37.0,,,,14326,,,3.78,8,-114,-2.0
2026-09-01 08:37:59.925914,stage3-lowpower,1271,37.0,,,,17875,,,3.78,8,-114,-2.0
2026-09-01 08:38:03.510234,stage3-lowpower,1271,37.0,,,,21424,,,3.78,8,-113,-2.0
2026-09-01 08:41:04.670175,stage4-lowpower-v2,1260,38.0,,,,3050,28.1,69.6,3.81,9,-113,-1.0
2026-09-01 08:42:42.358009,stage3-lowpower,1255,38.0,,,,76,,,3.78,9,-115,-3.0
2026-09-01 08:42:45.930327,stage3-lowpower,1274,37.0,,,,3679,,,3.78,9,-114,-2.2
2026-09-01 08:42:49.616666,stage3-lowpower,1275,37.0,,,,7228,,,3.78,9,-113,-1.8
2026-09-01 08:42:52.995233,stage3-lowpower,1272,37.0,,,,10777,,,3.78,9,-114,-1.5
2026-09-01 08:42:56.489022,stage3-lowpower,1272,37.0,,,,14326,,,3.78,9,-114,-3.0
2026-09-01 08:43:00.061275,stage3-lowpower,1273,37.0,,,,17875,,,3.78,9,-116,-3.7
2026-09-01 08:43:03.646370,stage3-lowpower,1275,37.0,,,,21424,,,3.78,9,-114,-3.2
2026-09-01 08:46:04.882170,stage4-lowpower-v2,1259,38.0,,,,3050,28.1,74.8,3.82,10,-112,0.3
2026-09-01 08:47:42.381804,stage3-lowpower,1255,38.0,,,,76,,,3.78,10,-117,-5.5
2026-09-01 08:47:45.962769,stage3-lowpower,1273,37.0,,,,3678,,,3.78,10,-119,-7.0
2026-09-01 08:47:49.547231,stage3-lowpower,1274,37.0,,,,7227,,,3.78,10,-119,-7.2
2026-09-01 08:47:53.131157,stage3-lowpower,1273,37.0,,,,10776,,,3.78,10,-117,-5.5
2026-09-01 08:47:56.714207,stage3-lowpower,1274,37.0,,,,14353,,,3.78,10,-118,-6.2
2026-09-01 08:48:00.304994,stage3-lowpower,1275,37.0,,,,17930,,,3.78,10,-117,-5.0
2026-09-01 08:48:03.770679,stage3-lowpower,1273,37.0,,,,21507,,,3.78,10,-118,-6.0
2026-09-01 08:51:04.811361,stage4-lowpower-v2,1257,38.0,,,,3050,28.0,65.9,3.82,11,-115,-3.2
2026-09-01 08:52:42.365491,stage3-lowpower,1256,38.0,,,,76,,,3.78,11,-121,-9.5
2026-09-01 08:52:45.994878,stage3-lowpower,1276,37.0,,,,3679,,,3.78,11,-119,-7.0
2026-09-01 08:52:49.478855,stage3-lowpower,1275,37.0,,,,7228,,,3.78,11,-119,-7.2
2026-09-01 08:52:53.061006,stage3-lowpower,1277,36.0,,,,10777,,,3.78,11,-118,-6.2
2026-09-01 08:52:56.621818,stage3-lowpower,1274,37.0,,,,14354,,,3.78,11,-120,-8.5
2026-09-01 08:53:00.228215,stage3-lowpower,1276,37.0,,,,17931,,,3.78,11,-119,-7.5
2026-09-01 08:53:03.915017,stage3-lowpower,1277,36.0,,,,21508,,,3.78,11,-119,-7.5
2026-09-01 08:56:05.151350,stage4-lowpower-v2,1259,38.0,,,,3050,28.2,69.5,3.82,12,-110,1.3
2026-09-01 08:57:42.501144,stage3-lowpower,1253,38.0,,,,76,,,3.78,12,-117,-6.0
2026-09-01 08:57:46.129905,stage3-lowpower,1273,37.0,,,,3679,,,3.78,12,-116,-4.5
2026-09-01 08:57:49.614062,stage3-lowpower,1273,37.0,,,,7228,,,3.78,12,-117,-5.2
2026-09-01 08:57:53.298947,stage3-lowpower,1271,37.0,,,,10777,,,3.78,12,-115,-3.5
2026-09-01 08:57:56.779459,stage3-lowpower,1273,37.0,,,,14354,,,3.78,12,-114,-3.0
2026-09-01 08:58:00.364317,stage3-lowpower,1273,37.0,,,,17931,,,3.78,12,-114,-2.7
2026-09-01 08:58:03.893562,stage3-lowpower,1272,37.0,,,,21508,,,3.78,12,-113,-2.0
2026-09-01 09:01:05.082350,stage4-lowpower-v2,1257,38.0,,,,3050,27.6,75.6,3.82,13,-110,1.3
2026-09-01 09:02:42.491810,stage3-lowpower,1255,38.0,,,,76,,,3.77,13,-115,-3.5
2026-09-01 09:02:45.959025,stage3-lowpower,1271,37.0,,,,3678,,,3.78,13,-116,-4.5
2026-09-01 09:02:49.545449,stage3-lowpower,1273,37.0,,,,7255,,,3.78,13,-116,-3.2
2026-09-01 09:02:53.228811,stage3-lowpower,1273,37.0,,,,10832,,,3.78,13,-116,-3.7
2026-09-01 09:02:56.711056,stage3-lowpower,1273,37.0,,,,14409,,,3.78,13,-116,-4.2
2026-09-01 09:03:00.294833,stage3-lowpower,1275,37.0,,,,17986,,,3.78,13,-115,-2.7
2026-09-01 09:03:03.817071,stage3-lowpower,1273,37.0,,,,21563,,,3.78,13,-115,-3.0
2026-09-01 09:06:05.322912,stage4-lowpower-v2,1259,38.0,,,,3050,28.3,69.8,3.82,14,-110,1.5
2026-09-01 09:07:42.829726,stage3-lowpower,1251,39.0,,,,76,,,3.78,14,-115,-3.0
2026-09-01 09:07:46.401219,stage3-lowpower,1269,37.0,,,,3679,,,3.78,14,-114,-2.0
2026-09-01 09:07:49.983832,stage3-lowpower,1269,37.0,,,,7256,,,3.78,14,-115,-3.0
2026-09-01 09:07:53.569405,stage3-lowpower,1273,37.0,,,,10833,,,3.78,14,-116,-3.5
2026-09-01 09:07:57.153145,stage3-lowpower,1269,37.0,,,,14410,,,3.78,14,-114,-2.2
2026-09-01 09:08:00.737090,stage3-lowpower,1271,37.0,,,,17987,,,3.78,14,-116,-4.0
2026-09-01 09:08:04.201977,stage3-lowpower,1273,37.0,,,,21564,,,3.78,14,-117,-5.2
2026-09-01 09:11:05.352839,stage4-lowpower-v2,1255,38.0,,,,3050,27.3,72.7,3.81,15,-110,1.8
2026-09-01 09:12:42.759571,stage3-lowpower,1253,38.0,,,,76,,,3.77,15,-116,-4.2
2026-09-01 09:12:46.331952,stage3-lowpower,1263,38.0,,,,3679,,,3.78,15,-115,-2.7
2026-09-01 09:12:49.915618,stage3-lowpower,1269,37.0,,,,7256,,,3.77,15,-115,-3.2
2026-09-01 09:12:53.498755,stage3-lowpower,1269,37.0,,,,10833,,,3.77,15,-115,-2.5
2026-09-01 09:12:57.084582,stage3-lowpower,1269,37.0,,,,14410,,,3.78,15,-116,-3.2
2026-09-01 09:13:00.667206,stage3-lowpower,1272,37.0,,,,17987,,,3.78,15,-115,-2.7
2026-09-01 09:13:04.251682,stage3-lowpower,1269,37.0,,,,21564,,,3.77,15,-116,-3.7
2026-09-01 09:16:05.487396,stage4-lowpower-v2,1253,38.0,,,,3050,27.2,76.8,3.81,16,-111,1.0
2026-09-01 09:17:42.634757,stage3-lowpower,1246,39.0,,,,76,,,3.77,16,-117,-5.0
2026-09-01 09:17:46.185612,stage3-lowpower,1267,37.0,,,,3679,,,3.78,16,-116,-4.2
2026-09-01 09:17:49.845636,stage3-lowpower,1263,38.0,,,,7256,,,3.78,16,-117,-5.0
2026-09-01 09:17:53.327176,stage3-lowpower,1269,37.0,,,,10833,,,3.78,16,-116,-3.5
2026-09-01 09:17:56.912829,stage3-lowpower,1268,37.0,,,,14410,,,3.78,16,-116,-3.5
2026-09-01 09:18:00.598432,stage3-lowpower,1270,37.0,,,,17987,,,3.77,16,-115,-2.7
2026-09-01 09:18:04.086087,stage3-lowpower,1269,37.0,,,,21564,,,3.78,16,-117,-4.5
2026-09-01 09:21:05.519374,stage4-lowpower-v2,1251,39.0,,,,3050,26.8,71.9,3.82,17,-110,1.5
2026-09-01 09:22:42.266151,stage3-lowpower,1245,39.0,,,,76,,,3.77,17,-116,-4.2
2026-09-01 09:22:45.884873,stage3-lowpower,1263,38.0,,,,3679,,,3.78,17,-116,-3.5
2026-09-01 09:22:49.469017,stage3-lowpower,1263,38.0,,,,7256,,,3.78,17,-116,-3.5
2026-09-01 09:22:53.052480,stage3-lowpower,1261,38.0,,,,10833,,,3.77,17,-116,-4.2
2026-09-01 09:22:56.567504,stage3-lowpower,1263,38.0,,,,14410,,,3.77,17,-116,-4.2
2026-09-01 09:23:00.223251,stage3-lowpower,1268,37.0,,,,17987,,,3.78,17,-116,-4.2
2026-09-01 09:23:03.804664,stage3-lowpower,1267,37.0,,,,21564,,,3.77,17,-117,-5.2
2026-09-01 09:26:05.248130,stage4-lowpower-v2,1249,39.0,,,,3050,26.6,73.4,3.81,18,-110,1.3
2026-09-01 09:27:42.148566,stage3-lowpower,1245,39.0,,,,76,,,3.77,18,-117,-4.5
2026-09-01 09:27:45.612902,stage3-lowpower,1260,38.0,,,,3679,,,3.77,18,-116,-4.0
2026-09-01 09:27:49.299867,stage3-lowpower,1262,38.0,,,,7256,,,3.77,18,-116,-3.7
2026-09-01 09:27:52.885255,stage3-lowpower,1263,38.0,,,,10833,,,3.77,18,-117,-4.5
2026-09-01 09:27:56.374453,stage3-lowpower,1267,37.0,,,,14410,,,3.77,18,-117,-4.7
2026-09-01 09:27:59.948595,stage3-lowpower,1267,37.0,,,,17987,,,3.77,18,-117,-4.5
2026-09-01 09:28:03.533252,stage3-lowpower,1267,37.0,,,,21564,,,3.77,18,-117,-4.7
2026-09-01 09:31:04.873634,stage4-lowpower-v2,1245,39.0,,,,3050,25.9,73.3,3.81,19,-111,1.3
2026-09-01 09:32:41.873156,stage3-lowpower,1241,39.0,,,,76,,,3.76,19,-115,-2.7
2026-09-01 09:32:45.438801,stage3-lowpower,1258,38.0,,,,3679,,,3.77,19,-116,-3.7
2026-09-01 09:32:48.934442,stage3-lowpower,1259,38.0,,,,7256,,,3.77,19,-117,-5.0
2026-09-01 09:32:52.606742,stage3-lowpower,1259,38.0,,,,10833,,,3.76,19,-117,-4.7
2026-09-01 09:32:56.191446,stage3-lowpower,1261,38.0,,,,14410,,,3.77,19,-117,-5.0
2026-09-01 09:32:59.774275,stage3-lowpower,1261,38.0,,,,17987,,,3.77,19,-117,-4.7
2026-09-01 09:33:03.256272,stage3-lowpower,1259,38.0,,,,21564,,,3.77,19,-115,-3.5
2026-09-01 09:36:04.799342,stage4-lowpower-v2,1243,39.0,,,,3050,25.3,75.4,3.81,20,-111,1.5
2026-09-01 09:37:41.795724,stage3-lowpower,1239,40.0,,,,76,,,3.76,20,-117,-5.7
2026-09-01 09:37:45.306264,stage3-lowpower,1256,38.0,,,,3679,,,3.75,20,-115,-3.0
2026-09-01 09:37:48.868004,stage3-lowpower,1258,38.0,,,,7256,,,3.76,20,-115,-3.2
2026-09-01 09:37:52.536608,stage3-lowpower,1257,38.0,,,,10833,,,3.76,20,-116,-3.2
2026-09-01 09:37:56.018654,stage3-lowpower,1259,38.0,,,,14410,,,3.76,20,-116,-3.5
2026-09-01 09:37:59.564315,stage3-lowpower,1257,38.0,,,,17987,,,3.75,20,-115,-3.2
2026-09-01 09:38:03.288314,stage3-lowpower,1257,38.0,,,,21564,,,3.75,20,-115,-2.7
2026-09-01 09:41:04.833021,stage4-lowpower-v2,1241,39.0,,,,3050,24.7,73.6,3.81,21,-110,1.3
2026-09-01 09:42:41.522137,stage3-lowpower,1234,40.0,,,,76,,,3.75,21,-115,-2.7
2026-09-01 09:42:45.096164,stage3-lowpower,1252,38.0,,,,3679,,,3.75,21,-115,-3.2
2026-09-01 09:42:48.591125,stage3-lowpower,1253,38.0,,,,7256,,,3.75,21,-114,-2.7
2026-09-01 09:42:52.157679,stage3-lowpower,1255,38.0,,,,10833,,,3.75,21,-115,-3.0
2026-09-01 09:42:55.847248,stage3-lowpower,1254,38.0,,,,14410,,,3.75,21,-114,-2.5
2026-09-01 09:42:59.430333,stage3-lowpower,1257,38.0,,,,17987,,,3.75,21,-115,-2.5
2026-09-01 09:43:03.014476,stage3-lowpower,1256,38.0,,,,21564,,,3.75,21,-115,-3.2
2026-09-01 09:46:04.455377,stage4-lowpower-v2,1243,39.0,,,,3050,25.4,73.1,3.82,22,-110,1.3
2026-09-01 09:47:41.656780,stage3-lowpower,1240,40.0,,,,76,,,3.75,22,-116,-3.7
2026-09-01 09:47:45.229679,stage3-lowpower,1256,38.0,,,,3679,,,3.75,22,-116,-4.5
2026-09-01 09:47:48.813247,stage3-lowpower,1256,38.0,,,,7256,,,3.75,22,-116,-4.0
2026-09-01 09:47:52.305458,stage3-lowpower,1257,38.0,,,,10833,,,3.76,22,-117,-5.2
2026-09-01 09:47:55.981198,stage3-lowpower,1257,38.0,,,,14410,,,3.76,22,-115,-3.2
2026-09-01 09:47:59.565647,stage3-lowpower,1259,38.0,,,,17987,,,3.76,22,-115,-3.2
2026-09-01 09:48:03.149878,stage3-lowpower,1261,38.0,,,,21564,,,3.76,22,-117,-5.0
2026-09-01 09:51:04.490697,stage4-lowpower-v2,1246,39.0,,,,3050,25.7,74.2,3.81,23,-115,-2.7
2026-09-01 09:52:41.792105,stage3-lowpower,1241,39.0,,,,76,,,3.76,23,-116,-4.0
2026-09-01 09:52:45.466743,stage3-lowpower,1258,38.0,,,,3679,,,3.76,23,-116,-3.5
2026-09-01 09:52:48.916415,stage3-lowpower,1259,38.0,,,,7256,,,3.76,23,-116,-4.0
2026-09-01 09:52:52.532692,stage3-lowpower,1261,38.0,,,,10833,,,3.76,23,-116,-3.7
2026-09-01 09:52:56.118864,stage3-lowpower,1259,38.0,,,,14410,,,3.76,23,-116,-3.7
2026-09-01 09:52:59.700883,stage3-lowpower,1259,38.0,,,,17987,,,3.75,23,-115,-2.5
2026-09-01 09:53:03.230467,stage3-lowpower,1260,38.0,,,,21564,,,3.76,23,-115,-3.0
2026-09-01 09:56:04.623383,stage4-lowpower-v2,1245,39.0,,,,3050,25.8,72.7,3.82,24,-113,-2.0
2026-09-01 09:57:42.030679,stage3-lowpower,1239,40.0,,,,76,,,3.75,24,-115,-2.7
2026-09-01 09:57:45.602972,stage3-lowpower,1259,38.0,,,,3679,,,3.76,24,-116,-3.7
2026-09-01 09:57:49.109893,stage3-lowpower,1259,38.0,,,,7256,,,3.76,24,-117,-5.2
2026-09-01 09:57:52.770668,stage3-lowpower,1259,38.0,,,,10833,,,3.76,24,-115,-3.0
2026-09-01 09:57:56.354035,stage3-lowpower,1261,38.0,,,,14410,,,3.76,24,-115,-3.5
2026-09-01 09:57:59.938982,stage3-lowpower,1259,38.0,,,,17987,,,3.76,24,-115,-3.5
2026-09-01 09:58:03.427109,stage3-lowpower,1261,38.0,,,,21564,,,3.76,24,-115,-4.0
2026-09-01 10:01:04.656664,stage4-lowpower-v2,1245,39.0,,,,3050,26.1,75.2,3.81,25,-112,-0.5
2026-09-01 10:02:42.062689,stage3-lowpower,1243,39.0,,,,76,,,3.76,25,-116,-4.2
2026-09-01 10:02:45.634786,stage3-lowpower,1260,38.0,,,,3679,,,3.76,25,-116,-4.0
2026-09-01 10:02:49.152738,stage3-lowpower,1258,38.0,,,,7256,,,3.76,25,-116,-4.5
2026-09-01 10:02:52.803172,stage3-lowpower,1259,38.0,,,,10833,,,3.76,25,-117,-4.5
2026-09-01 10:02:56.302868,stage3-lowpower,1260,38.0,,,,14410,,,3.76,25,-118,-5.7
2026-09-01 10:02:59.868117,stage3-lowpower,1261,38.0,,,,17987,,,3.76,25,-117,-4.7
2026-09-01 10:03:03.455620,stage3-lowpower,1259,38.0,,,,21564,,,3.76,25,-116,-4.5
2026-09-01 10:06:04.483347,stage4-lowpower-v2,1247,39.0,,,,3050,26.3,77.0,3.81,26,-112,0.0
2026-09-01 10:07:42.007570,stage3-lowpower,1241,39.0,,,,76,,,3.76,26,-116,-4.0
2026-09-01 10:07:45.566051,stage3-lowpower,1262,38.0,,,,3679,,,3.75,26,-116,-3.7
2026-09-01 10:07:49.149616,stage3-lowpower,1262,38.0,,,,7256,,,3.76,26,-118,-6.2
2026-09-01 10:07:52.733518,stage3-lowpower,1261,38.0,,,,10833,,,3.76,26,-118,-6.2
2026-09-01 10:07:56.319725,stage3-lowpower,1261,38.0,,,,14410,,,3.76,26,-117,-4.7
2026-09-01 10:08:00.200264,stage3-lowpower,1264,37.0,,,,17987,,,3.76,26,-117,-4.7
2026-09-01 10:08:03.400849,stage3-lowpower,1263,38.0,,,,21564,,,3.76,26,-117,-5.0
2026-09-01 10:11:04.620781,stage4-lowpower-v2,1250,39.0,,,,3050,26.5,78.4,3.82,27,-113,-1.5
2026-09-01 10:12:42.231276,stage3-lowpower,1243,39.0,,,,76,,,3.76,27,-116,-4.2
2026-09-01 10:12:45.849246,stage3-lowpower,1260,38.0,,,,3679,,,3.76,27,-116,-4.2
2026-09-01 10:12:49.389261,stage3-lowpower,1263,38.0,,,,7256,,,3.76,27,-117,-5.0
2026-09-01 10:12:52.885133,stage3-lowpower,1263,38.0,,,,10833,,,3.76,27,-118,-6.7
2026-09-01 10:12:56.527489,stage3-lowpower,1263,38.0,,,,14410,,,3.76,27,-118,-6.0
2026-09-01 10:13:00.136947,stage3-lowpower,1261,38.0,,,,17987,,,3.75,27,-118,-6.0
2026-09-01 10:13:03.633371,stage3-lowpower,1262,38.0,,,,21564,,,3.76,27,-117,-5.5
2026-09-01 10:16:04.447352,stage4-lowpower-v2,1245,39.0,,,,3050,26.0,80.4,3.81,28,-111,1.0
2026-09-01 10:17:42.061149,stage3-lowpower,1243,39.0,,,,76,,,3.75,28,-118,-6.0
2026-09-01 10:17:45.630904,stage3-lowpower,1258,38.0,,,,3679,,,3.75,28,-117,-5.2
2026-09-01 10:17:49.199454,stage3-lowpower,1259,38.0,,,,7256,,,3.75,28,-118,-6.2
2026-09-01 10:17:52.730817,stage3-lowpower,1257,38.0,,,,10833,,,3.75,28,-117,-5.7
2026-09-01 10:17:56.382357,stage3-lowpower,1261,38.0,,,,14410,,,3.76,28,-117,-5.2
2026-09-01 10:17:59.966696,stage3-lowpower,1260,38.0,,,,17987,,,3.75,28,-116,-4.2
2026-09-01 10:18:03.448694,stage3-lowpower,1261,38.0,,,,21564,,,3.75,28,-116,-4.2
2026-09-01 10:21:04.070576,stage4-lowpower-v2,1244,39.0,,,,3050,25.5,75.9,3.81,29,-111,0.8
2026-09-01 10:22:41.988112,stage3-lowpower,1236,40.0,,,,76,,,3.75,29,-115,-3.5
2026-09-01 10:22:45.561659,stage3-lowpower,1255,38.0,,,,3679,,,3.75,29,-117,-5.2
2026-09-01 10:22:49.043028,stage3-lowpower,1255,38.0,,,,7256,,,3.75,29,-115,-3.0
2026-09-01 10:22:52.601784,stage3-lowpower,1257,38.0,,,,10833,,,3.75,29,-117,-4.7
2026-09-01 10:22:56.313786,stage3-lowpower,1257,38.0,,,,14410,,,3.75,29,-118,-5.7
2026-09-01 10:22:59.783587,stage3-lowpower,1257,38.0,,,,17987,,,3.75,29,-117,-4.5
2026-09-01 10:23:03.379071,stage3-lowpower,1257,38.0,,,,21564,,,3.75,29,-116,-4.7
2026-09-01 10:26:04.205773,stage4-lowpower-v2,1243,39.0,,,,3050,25.3,80.5,3.81,30,-112,0.3
2026-09-01 10:27:41.919818,stage3-lowpower,1235,40.0,,,,76,,,3.75,30,-114,-2.0
2026-09-01 10:27:45.491587,stage3-lowpower,1253,38.0,,,,3679,,,3.75,30,-113,-1.5
2026-09-01 10:27:49.075084,stage3-lowpower,1255,38.0,,,,7256,,,3.75,30,-114,-2.0
2026-09-01 10:27:52.659609,stage3-lowpower,1254,38.0,,,,10833,,,3.75,30,-113,-1.5
2026-09-01 10:27:56.247445,stage3-lowpower,1256,38.0,,,,14410,,,3.75,30,-114,-2.2
2026-09-01 10:27:59.766127,stage3-lowpower,1254,38.0,,,,17987,,,3.75,30,-115,-3.0
2026-09-01 10:28:03.411232,stage3-lowpower,1255,38.0,,,,21564,,,3.75,30,-113,-1.3
2026-09-01 10:31:04.238499,stage4-lowpower-v2,1241,39.0,,,,3050,25.2,78.4,3.81,31,-111,0.8
2026-09-01 10:32:42.159737,stage3-lowpower,1236,40.0,,,,76,,,3.75,31,-113,-1.3
2026-09-01 10:32:45.729220,stage3-lowpower,1255,38.0,,,,3679,,,3.76,31,-114,-2.5
2026-09-01 10:32:49.241476,stage3-lowpower,1257,38.0,,,,7256,,,3.75,31,-112,-0.5
2026-09-01 10:32:52.898999,stage3-lowpower,1255,38.0,,,,10833,,,3.76,31,-112,0.3
2026-09-01 10:32:56.420953,stage3-lowpower,1256,38.0,,,,14410,,,3.76,31,-113,-1.8
2026-09-01 10:33:00.108306,stage3-lowpower,1256,38.0,,,,17987,,,3.75,31,-113,-1.5
2026-09-01 10:33:03.650315,stage3-lowpower,1256,38.0,,,,21564,,,3.75,31,-113,-0.8
2026-09-01 10:36:04.373682,stage4-lowpower-v2,1243,39.0,,,,3050,25.9,82.9,3.81,32,-112,-0.8
2026-09-01 10:37:42.502797,stage3-lowpower,1240,40.0,,,,76,,,3.75,32,-117,-5.0
2026-09-01 10:37:46.073854,stage3-lowpower,1257,38.0,,,,3679,,,3.75,32,-118,-6.0
2026-09-01 10:37:49.604575,stage3-lowpower,1259,38.0,,,,7256,,,3.76,32,-118,-6.5
2026-09-01 10:37:53.237075,stage3-lowpower,1259,38.0,,,,10833,,,3.75,32,-118,-5.7
2026-09-01 10:37:56.786757,stage3-lowpower,1257,38.0,,,,14410,,,3.76,32,-119,-7.2
2026-09-01 10:38:00.404889,stage3-lowpower,1257,38.0,,,,17987,,,3.76,32,-117,-4.5
2026-09-01 10:38:03.982310,stage3-lowpower,1259,38.0,,,,21564,,,3.76,32,-115,-3.2
2026-09-01 10:41:04.918517,stage4-lowpower-v2,1245,39.0,,,,3050,26.4,78.7,3.81,33,-113,-1.3
2026-09-01 10:42:42.733645,stage3-lowpower,1241,39.0,,,,76,,,3.75,33,-115,-3.0
2026-09-01 10:42:46.307543,stage3-lowpower,1261,38.0,,,,3679,,,3.76,33,-116,-3.5
2026-09-01 10:42:49.798079,stage3-lowpower,1259,38.0,,,,7256,,,3.75,33,-116,-4.2
2026-09-01 10:42:53.474455,stage3-lowpower,1260,38.0,,,,10833,,,3.76,33,-117,-4.5
2026-09-01 10:42:57.058448,stage3-lowpower,1259,38.0,,,,14410,,,3.76,33,-115,-3.0
2026-09-01 10:43:00.642593,stage3-lowpower,1261,38.0,,,,17987,,,3.75,33,-116,-4.2
2026-09-01 10:43:04.113628,stage3-lowpower,1259,38.0,,,,21564,,,3.76,33,-116,-4.7
2026-09-01 10:46:04.910568,stage4-lowpower-v2,1245,39.0,,,,3050,26.1,75.8,3.81,34,-110,1.3
2026-09-01 10:47:42.770477,stage3-lowpower,1239,40.0,,,,76,,,3.76,34,-114,-2.0
2026-09-01 10:47:46.339120,stage3-lowpower,1256,38.0,,,,3679,,,3.76,34,-115,-3.0
2026-09-01 10:47:49.851266,stage3-lowpower,1259,38.0,,,,7256,,,3.75,34,-113,-1.8
2026-09-01 10:47:53.506916,stage3-lowpower,1257,38.0,,,,10833,,,3.75,34,-115,-2.7
2026-09-01 10:47:56.988940,stage3-lowpower,1260,38.0,,,,14410,,,3.75,34,-115,-3.0
2026-09-01 10:48:00.573421,stage3-lowpower,1259,38.0,,,,17987,,,3.75,34,-116,-4.2
2026-09-01 10:48:04.165572,stage3-lowpower,1259,38.0,,,,21564,,,3.75,34,-115,-3.2
2026-09-01 10:51:05.017992,stage4-lowpower-v2,1245,39.0,,,,3050,26.3,77.8,3.81,35,-111,0.5
2026-09-01 10:52:42.798374,stage3-lowpower,1243,39.0,,,,76,,,3.75,35,-118,-5.5
2026-09-01 10:52:46.370980,stage3-lowpower,1261,38.0,,,,3679,,,3.75,35,-119,-6.5
2026-09-01 10:52:49.955064,stage3-lowpower,1261,38.0,,,,7256,,,3.76,35,-119,-7.0
2026-09-01 10:52:53.477678,stage3-lowpower,1262,38.0,,,,10833,,,3.75,35,-118,-6.5
2026-09-01 10:52:57.122921,stage3-lowpower,1261,38.0,,,,14410,,,3.75,35,-118,-5.5
2026-09-01 10:53:00.615321,stage3-lowpower,1261,38.0,,,,17987,,,3.76,35,-117,-5.5
2026-09-01 10:53:04.189804,stage3-lowpower,1261,38.0,,,,21564,,,3.76,35,-118,-6.0
2026-09-01 10:56:05.476408,stage4-lowpower-v2,1249,39.0,,,,3050,26.6,74.0,3.81,36,-113,-1.0
2026-09-01 10:57:42.729964,stage3-lowpower,1243,39.0,,,,76,,,3.75,36,-115,-3.0
2026-09-01 10:57:46.303137,stage3-lowpower,1259,38.0,,,,3679,,,3.75,36,-116,-4.0
2026-09-01 10:57:49.807675,stage3-lowpower,1260,38.0,,,,7256,,,3.75,36,-117,-5.0
2026-09-01 10:57:53.470790,stage3-lowpower,1263,38.0,,,,10833,,,3.76,36,-117,-4.5
2026-09-01 10:57:57.054427,stage3-lowpower,1263,38.0,,,,14410,,,3.76,36,-115,-3.2
2026-09-01 10:58:00.556138,stage3-lowpower,1263,38.0,,,,17987,,,3.76,36,-115,-2.5
2026-09-01 10:58:04.222546,stage3-lowpower,1261,38.0,,,,21564,,,3.75,36,-116,-4.5
2026-09-01 11:01:05.770111,stage4-lowpower-v2,1250,39.0,,,,3050,26.7,76.3,3.81,37,-113,-0.8
2026-09-01 11:02:42.865892,stage3-lowpower,1244,39.0,,,,76,,,3.75,37,-117,-5.2
2026-09-01 11:02:46.438736,stage3-lowpower,1261,38.0,,,,3679,,,3.75,37,-118,-5.7
2026-09-01 11:02:49.908771,stage3-lowpower,1261,38.0,,,,7256,,,3.76,37,-118,-6.2
2026-09-01 11:02:53.502849,stage3-lowpower,1261,38.0,,,,10833,,,3.76,37,-118,-6.0
2026-09-01 11:02:57.189296,stage3-lowpower,1261,38.0,,,,14410,,,3.75,37,-117,-4.7
2026-09-01 11:03:00.670957,stage3-lowpower,1260,38.0,,,,17987,,,3.75,37,-116,-4.7
2026-09-01 11:03:04.255437,stage3-lowpower,1263,38.0,,,,21564,,,3.75,37,-117,-4.5
2026-09-01 11:06:06.105984,stage4-lowpower-v2,1251,39.0,,,,3050,26.8,72.8,3.81,38,-111,0.5
2026-09-01 11:07:42.897957,stage3-lowpower,1241,39.0,,,,76,,,3.75,38,-119,-6.7
2026-09-01 11:07:46.469610,stage3-lowpower,1259,38.0,,,,3679,,,3.75,38,-118,-6.2
2026-09-01 11:07:50.053931,stage3-lowpower,1262,38.0,,,,7256,,,3.75,38,-118,-6.2
2026-09-01 11:07:53.637844,stage3-lowpower,1261,38.0,,,,10833,,,3.76,38,-119,-7.0
2026-09-01 11:07:57.163419,stage3-lowpower,1262,38.0,,,,14410,,,3.76,38,-118,-6.5
2026-09-01 11:08:00.805950,stage3-lowpower,1262,38.0,,,,17987,,,3.75,38,-118,-6.0
2026-09-01 11:08:04.296549,stage3-lowpower,1263,38.0,,,,21564,,,3.75,38,-119,-7.5
2026-09-01 11:11:06.035322,stage4-lowpower-v2,1250,39.0,,,,3050,26.8,80.6,3.81,39,-111,1.0
2026-09-01 11:12:42.826955,stage3-lowpower,1240,40.0,,,,76,,,3.75,39,-123,-11.5
2026-09-01 11:12:46.502242,stage3-lowpower,1256,38.0,,,,3679,,,3.75,39,-120,-8.0
2026-09-01 11:12:49.986700,stage3-lowpower,1260,38.0,,,,7256,,,3.76,39,-122,-10.3
2026-09-01 11:12:53.567035,stage3-lowpower,1261,38.0,,,,10833,,,3.76,39,-123,-10.8
2026-09-01 11:12:57.151823,stage3-lowpower,1259,38.0,,,,14410,,,3.76,39,-121,-9.5
2026-09-01 11:13:00.735130,stage3-lowpower,1257,38.0,,,,17987,,,3.76,39,-125,-13.3
2026-09-01 11:13:04.267318,stage3-lowpower,1261,38.0,,,,21564,,,3.75,39,-121,-9.8
2026-09-01 11:16:05.707329,stage4-lowpower-v2,1247,39.0,,,,3050,26.3,77.1,3.81,40,-112,0.0
2026-09-01 11:17:42.655495,stage3-lowpower,1239,40.0,,,,76,,,3.75,40,-120,-7.7
2026-09-01 11:17:46.331613,stage3-lowpower,1255,38.0,,,,3679,,,3.75,40,-122,-10.3
2026-09-01 11:17:49.811521,stage3-lowpower,1255,38.0,,,,7256,,,3.75,40,-118,-6.0
2026-09-01 11:17:53.395501,stage3-lowpower,1255,38.0,,,,10833,,,3.75,40,-121,-9.3
2026-09-01 11:17:56.982665,stage3-lowpower,1259,38.0,,,,14410,,,3.75,40,-122,-10.5
2026-09-01 11:18:00.563430,stage3-lowpower,1257,38.0,,,,17987,,,3.75,40,-122,-9.8
2026-09-01 11:18:04.148600,stage3-lowpower,1260,38.0,,,,21564,,,3.75,40,-122,-10.0
2026-09-01 11:21:05.653429,stage4-lowpower-v2,1244,39.0,,,,3050,25.8,79.1,3.81,41,-111,1.0
2026-09-01 11:22:42.568458,stage3-lowpower,1237,40.0,,,,76,,,3.75,41,-120,-8.0
2026-09-01 11:22:46.158629,stage3-lowpower,1256,38.0,,,,3679,,,3.75,41,-121,-9.3
2026-09-01 11:22:49.695422,stage3-lowpower,1254,38.0,,,,7256,,,3.75,41,-120,-8.8
2026-09-01 11:22:53.325568,stage3-lowpower,1255,38.0,,,,10833,,,3.75,41,-120,-8.3
2026-09-01 11:22:56.915469,stage3-lowpower,1257,38.0,,,,14410,,,3.75,41,-118,-6.2
2026-09-01 11:23:00.494035,stage3-lowpower,1257,38.0,,,,17987,,,3.75,41,-119,-7.5
2026-09-01 11:23:04.078291,stage3-lowpower,1257,38.0,,,,21564,,,3.75,41,-119,-7.0
2026-09-01 11:26:05.826701,stage4-lowpower-v2,1243,39.0,,,,3050,25.6,80.3,3.81,42,-110,1.3
2026-09-01 11:27:42.619502,stage3-lowpower,1231,40.0,,,,76,,,3.75,42,-119,-6.5
2026-09-01 11:27:46.190790,stage3-lowpower,1251,39.0,,,,3679,,,3.75,42,-118,-6.5
2026-09-01 11:27:49.775306,stage3-lowpower,1253,38.0,,,,7256,,,3.75,42,-121,-8.8
2026-09-01 11:27:53.256480,stage3-lowpower,1253,38.0,,,,10833,,,3.75,42,-118,-6.0
2026-09-01 11:27:56.943457,stage3-lowpower,1251,39.0,,,,14410,,,3.75,42,-117,-4.5
2026-09-01 11:28:00.529302,stage3-lowpower,1251,39.0,,,,17987,,,3.75,42,-120,-8.0
2026-09-01 11:28:03.987430,stage3-lowpower,1251,39.0,,,,21564,,,3.75,42,-119,-7.7
2026-09-01 11:31:05.859362,stage4-lowpower-v2,1243,39.0,,,,3050,25.6,79.3,3.81,43,-110,1.3
2026-09-01 11:32:42.471805,stage3-lowpower,1231,40.0,,,,76,,,3.75,43,-119,-7.5
2026-09-01 11:32:46.122051,stage3-lowpower,1252,38.0,,,,3679,,,3.75,43,-120,-8.0
2026-09-01 11:32:49.705501,stage3-lowpower,1252,38.0,,,,7256,,,3.75,43,-120,-8.3
2026-09-01 11:32:53.289269,stage3-lowpower,1253,38.0,,,,10833,,,3.75,43,-119,-7.2
2026-09-01 11:32:56.874774,stage3-lowpower,1253,38.0,,,,14410,,,3.76,43,-119,-7.0
2026-09-01 11:33:00.354963,stage3-lowpower,1252,38.0,,,,17987,,,3.75,43,-119,-7.2
2026-09-01 11:33:04.041279,stage3-lowpower,1250,39.0,,,,21564,,,3.75,43,-119,-6.5
2026-09-01 11:36:05.997719,stage4-lowpower-v2,1242,39.0,,,,3050,25.2,82.0,3.81,44,-110,1.3
2026-09-01 11:37:42.582003,stage3-lowpower,1229,41.0,,,,76,,,3.76,44,-120,-7.7
2026-09-01 11:37:46.156502,stage3-lowpower,1251,39.0,,,,3679,,,3.75,44,-118,-6.5
2026-09-01 11:37:49.717474,stage3-lowpower,1250,39.0,,,,7256,,,3.75,44,-119,-7.5
2026-09-01 11:37:53.283948,stage3-lowpower,1251,39.0,,,,10833,,,3.75,44,-120,-7.5
2026-09-01 11:37:56.906207,stage3-lowpower,1252,38.0,,,,14410,,,3.76,44,-120,-8.5
2026-09-01 11:38:00.489983,stage3-lowpower,1253,38.0,,,,17987,,,3.75,44,-118,-6.0
2026-09-01 11:38:04.075424,stage3-lowpower,1253,38.0,,,,21564,,,3.76,44,-119,-7.7
2026-09-01 11:41:05.719364,stage4-lowpower-v2,1241,39.0,,,,3050,25.4,82.5,3.81,45,-110,1.5
2026-09-01 11:42:42.720529,stage3-lowpower,1229,41.0,,,,76,,,3.76,45,-119,-6.7
2026-09-01 11:42:46.289732,stage3-lowpower,1251,39.0,,,,3679,,,3.76,45,-119,-7.0
2026-09-01 11:42:49.813297,stage3-lowpower,1250,39.0,,,,7256,,,3.75,45,-118,-6.7
2026-09-01 11:42:53.462211,stage3-lowpower,1250,39.0,,,,10833,,,3.75,45,-119,-7.2
2026-09-01 11:42:57.041564,stage3-lowpower,1247,39.0,,,,14410,,,3.76,45,-119,-6.7
2026-09-01 11:43:00.522864,stage3-lowpower,1247,39.0,,,,17987,,,3.75,45,-118,-6.2
2026-09-01 11:43:04.209629,stage3-lowpower,1247,39.0,,,,21564,,,3.75,45,-118,-6.5
2026-09-01 11:46:05.855345,stage4-lowpower-v2,1241,39.0,,,,3050,25.1,83.9,3.81,46,-111,1.0
2026-09-01 11:47:42.446594,stage3-lowpower,1228,41.0,,,,76,,,3.75,46,-120,-7.7
2026-09-01 11:47:45.942817,stage3-lowpower,1245,39.0,,,,3679,,,3.76,46,-120,-8.0
2026-09-01 11:47:49.556438,stage3-lowpower,1245,39.0,,,,7256,,,3.75,46,-119,-7.7
2026-09-01 11:47:53.182829,stage3-lowpower,1245,39.0,,,,10833,,,3.76,46,-120,-8.0
2026-09-01 11:47:56.766819,stage3-lowpower,1246,39.0,,,,14410,,,3.76,46,-119,-6.7
2026-09-01 11:48:00.350827,stage3-lowpower,1251,39.0,,,,17987,,,3.76,46,-121,-9.3
2026-09-01 11:48:03.934989,stage3-lowpower,1246,39.0,,,,21564,,,3.76,46,-119,-7.2
2026-09-01 11:51:05.478729,stage4-lowpower-v2,1239,40.0,,,,3050,24.7,83.7,3.81,47,-111,1.3
2026-09-01 11:52:42.217622,stage3-lowpower,1225,41.0,,,,76,,,3.75,47,-119,-7.0
2026-09-01 11:52:45.823130,stage3-lowpower,1243,39.0,,,,3679,,,3.75,47,-121,-9.8
2026-09-01 11:52:49.391483,stage3-lowpower,1245,39.0,,,,7256,,,3.75,47,-120,-8.3
2026-09-01 11:52:53.014308,stage3-lowpower,1244,39.0,,,,10833,,,3.75,47,-119,-7.2
2026-09-01 11:52:56.594815,stage3-lowpower,1245,39.0,,,,14410,,,3.75,47,-122,-10.0
2026-09-01 11:53:00.178572,stage3-lowpower,1244,39.0,,,,17987,,,3.76,47,-119,-7.2
2026-09-01 11:53:03.762714,stage3-lowpower,1245,39.0,,,,21564,,,3.75,47,-119,-7.0
2026-09-01 11:56:05.511373,stage4-lowpower-v2,1237,40.0,,,,3050,24.4,84.7,3.81,48,-111,0.8
2026-09-01 11:57:42.046679,stage3-lowpower,1226,41.0,,,,76,,,3.75,48,-118,-6.5
2026-09-01 11:57:45.670583,stage3-lowpower,1243,39.0,,,,3679,,,3.75,48,-118,-6.2
2026-09-01 11:57:49.258632,stage3-lowpower,1241,39.0,,,,7256,,,3.75,48,-118,-6.2
2026-09-01 11:57:52.838159,stage3-lowpower,1241,39.0,,,,10833,,,3.75,48,-119,-6.7
2026-09-01 11:57:56.422782,stage3-lowpower,1243,39.0,,,,14410,,,3.75,48,-119,-7.0
2026-09-01 11:57:59.914203,stage3-lowpower,1243,39.0,,,,17987,,,3.76,48,-119,-7.7
2026-09-01 11:58:03.591132,stage3-lowpower,1245,39.0,,,,21564,,,3.76,48,-118,-6.5
2026-09-01 12:01:05.646714,stage4-lowpower-v2,1237,40.0,,,,3050,24.3,84.6,3.81,49,-111,0.8
2026-09-01 12:02:42.225111,stage3-lowpower,1222,41.0,,,,76,,,3.76,49,-119,-7.2
2026-09-01 12:02:45.807269,stage3-lowpower,1241,39.0,,,,3679,,,3.76,49,-118,-6.7
2026-09-01 12:02:49.389759,stage3-lowpower,1242,39.0,,,,7256,,,3.76,49,-118,-6.5
2026-09-01 12:02:52.973601,stage3-lowpower,1239,40.0,,,,10833,,,3.76,49,-118,-6.0
2026-09-01 12:02:56.558128,stage3-lowpower,1240,40.0,,,,14410,,,3.75,49,-118,-6.0
2026-09-01 12:03:00.094361,stage3-lowpower,1241,39.0,,,,17987,,,3.76,49,-119,-7.0
2026-09-01 12:03:03.726069,stage3-lowpower,1241,39.0,,,,21564,,,3.76,49,-119,-7.0
2026-09-01 12:06:05.679365,stage4-lowpower-v2,1235,40.0,,,,3050,24.0,82.2,3.81,50,-110,1.8
2026-09-01 12:07:42.163679,stage3-lowpower,1221,41.0,,,,76,,,3.76,50,-118,-5.7
2026-09-01 12:07:45.736800,stage3-lowpower,1240,40.0,,,,3679,,,3.75,50,-119,-7.0
2026-09-01 12:07:49.308488,stage3-lowpower,1241,39.0,,,,7256,,,3.76,50,-120,-8.3
2026-09-01 12:07:52.903882,stage3-lowpower,1240,40.0,,,,10833,,,3.75,50,-120,-7.7
2026-09-01 12:07:56.488978,stage3-lowpower,1241,39.0,,,,14410,,,3.76,50,-119,-7.0
2026-09-01 12:08:00.071059,stage3-lowpower,1240,40.0,,,,17987,,,3.75,50,-118,-6.2
2026-09-01 12:08:03.656511,stage3-lowpower,1241,39.0,,,,21564,,,3.76,50,-120,-7.5
2026-09-01 12:11:05.302666,stage4-lowpower-v2,1234,40.0,,,,3050,24.0,84.3,3.81,51,-111,1.0
2026-09-01 12:12:42.195878,stage3-lowpower,1221,41.0,,,,76,,,3.75,51,-118,-6.5
2026-09-01 12:12:45.675252,stage3-lowpower,1239,40.0,,,,3679,,,3.76,51,-118,-6.7
2026-09-01 12:12:49.242612,stage3-lowpower,1237,40.0,,,,7256,,,3.76,51,-119,-7.2
2026-09-01 12:12:52.834240,stage3-lowpower,1239,40.0,,,,10833,,,3.76,51,-118,-6.5
2026-09-01 12:12:56.418513,stage3-lowpower,1239,40.0,,,,14410,,,3.76,51,-118,-6.7
2026-09-01 12:13:00.002670,stage3-lowpower,1240,40.0,,,,17987,,,3.76,51,-119,-7.0
2026-09-01 12:13:03.586844,stage3-lowpower,1237,40.0,,,,21564,,,3.76,51,-120,-7.7
2026-09-01 12:16:05.335367,stage4-lowpower-v2,1231,40.0,,,,3050,23.7,83.3,3.81,52,-111,1.0
2026-09-01 12:17:42.229505,stage3-lowpower,1220,41.0,,,,76,,,3.75,52,-119,-7.0
2026-09-01 12:17:45.697068,stage3-lowpower,1237,40.0,,,,3679,,,3.75,52,-118,-6.5
2026-09-01 12:17:49.263199,stage3-lowpower,1236,40.0,,,,7256,,,3.75,52,-118,-7.0
2026-09-01 12:17:52.969467,stage3-lowpower,1237,40.0,,,,10833,,,3.75,52,-119,-7.2
2026-09-01 12:17:56.451324,stage3-lowpower,1238,40.0,,,,14410,,,3.76,52,-119,-6.5
2026-09-01 12:18:00.035047,stage3-lowpower,1237,40.0,,,,17987,,,3.75,52,-119,-7.0
2026-09-01 12:18:03.622598,stage3-lowpower,1237,40.0,,,,21564,,,3.76,52,-118,-6.0
2026-09-01 12:21:05.470641,stage4-lowpower-v2,1229,41.0,,,,3050,23.6,83.5,3.8,53,-111,1.3
2026-09-01 12:22:42.061631,stage3-lowpower,1214,42.0,,,,76,,,3.75,53,-118,-6.0
2026-09-01 12:22:45.531060,stage3-lowpower,1234,40.0,,,,3679,,,3.76,53,-118,-6.0
2026-09-01 12:22:49.214382,stage3-lowpower,1237,40.0,,,,7256,,,3.75,53,-118,-6.0
2026-09-01 12:22:52.797644,stage3-lowpower,1234,40.0,,,,10833,,,3.76,53,-118,-5.7
2026-09-01 12:22:56.279358,stage3-lowpower,1235,40.0,,,,14410,,,3.75,53,-118,-6.0
2026-09-01 12:22:59.825204,stage3-lowpower,1236,40.0,,,,17987,,,3.75,53,-118,-6.2
2026-09-01 12:23:03.447478,stage3-lowpower,1237,40.0,,,,21564,,,3.76,53,-118,-5.7
2026-09-01 12:26:05.707361,stage4-lowpower-v2,1229,41.0,,,,3051,23.5,86.5,3.81,54,-110,1.5
2026-09-01 12:27:42.296070,stage3-lowpower,1213,42.0,,,,76,,,3.75,54,-119,-6.5
2026-09-01 12:27:45.867633,stage3-lowpower,1235,40.0,,,,3679,,,3.75,54,-118,-5.7
2026-09-01 12:27:49.451917,stage3-lowpower,1235,40.0,,,,7256,,,3.75,54,-119,-6.7
2026-09-01 12:27:53.037780,stage3-lowpower,1235,40.0,,,,10833,,,3.75,54,-118,-6.2
2026-09-01 12:27:56.722253,stage3-lowpower,1237,40.0,,,,14410,,,3.76,54,-118,-5.2
2026-09-01 12:28:00.203542,stage3-lowpower,1237,40.0,,,,17987,,,3.75,54,-118,-6.5
2026-09-01 12:28:03.787792,stage3-lowpower,1237,40.0,,,,21564,,,3.76,54,-118,-6.0
2026-09-01 12:31:05.843188,stage4-lowpower-v2,1229,41.0,,,,3050,23.6,85.2,3.8,55,-111,1.5
2026-09-01 12:32:42.225338,stage3-lowpower,1211,42.0,,,,76,,,3.75,55,-118,-5.5
2026-09-01 12:32:45.798450,stage3-lowpower,1235,40.0,,,,3679,,,3.76,55,-118,-6.0
2026-09-01 12:32:49.301867,stage3-lowpower,1231,40.0,,,,7256,,,3.75,55,-118,-6.0
2026-09-01 12:32:52.871432,stage3-lowpower,1231,40.0,,,,10833,,,3.75,55,-118,-6.5
2026-09-01 12:32:56.447612,stage3-lowpower,1235,40.0,,,,14410,,,3.75,55,-118,-6.2
2026-09-01 12:33:00.134218,stage3-lowpower,1235,40.0,,,,17987,,,3.75,55,-118,-6.2
2026-09-01 12:33:03.608755,stage3-lowpower,1235,40.0,,,,21564,,,3.75,55,-118,-6.2
2026-09-01 12:36:06.182742,stage4-lowpower-v2,1228,41.0,,,,3051,23.7,85.2,3.8,56,-111,1.3
2026-09-01 12:37:42.363863,stage3-lowpower,1213,42.0,,,,76,,,3.75,56,-118,-5.7
2026-09-01 12:37:45.933023,stage3-lowpower,1235,40.0,,,,3679,,,3.76,56,-118,-6.0
2026-09-01 12:37:49.454001,stage3-lowpower,1237,40.0,,,,7256,,,3.75,56,-118,-5.7
2026-09-01 12:37:53.103225,stage3-lowpower,1234,40.0,,,,10833,,,3.75,56,-118,-6.2
2026-09-01 12:37:56.684930,stage3-lowpower,1235,40.0,,,,14410,,,3.75,56,-117,-5.0
2026-09-01 12:38:00.269436,stage3-lowpower,1236,40.0,,,,17987,,,3.75,56,-118,-5.7
2026-09-01 12:38:03.767501,stage3-lowpower,1238,40.0,,,,21564,,,3.76,56,-118,-6.2
2026-09-01 12:41:06.419345,stage4-lowpower-v2,1230,40.0,,,,3050,23.7,85.2,3.8,57,-110,1.8
2026-09-01 12:42:42.394082,stage3-lowpower,1212,42.0,,,,76,,,3.75,57,-120,-8.0
2026-09-01 12:42:45.966335,stage3-lowpower,1235,40.0,,,,3679,,,3.75,57,-119,-7.0
2026-09-01 12:42:49.476711,stage3-lowpower,1233,40.0,,,,7256,,,3.75,57,-118,-6.2
2026-09-01 12:42:53.136359,stage3-lowpower,1235,40.0,,,,10833,,,3.75,57,-120,-8.3
2026-09-01 12:42:56.610125,stage3-lowpower,1236,40.0,,,,14410,,,3.76,57,-119,-8.0
2026-09-01 12:43:00.301960,stage3-lowpower,1236,40.0,,,,17987,,,3.76,57,-119,-7.5
2026-09-01 12:43:03.886498,stage3-lowpower,1237,40.0,,,,21564,,,3.76,57,-118,-6.5
2026-09-01 12:46:06.863184,stage4-lowpower-v2,1231,40.0,,,,3050,24.0,85.9,3.81,58,-112,0.3
2026-09-01 12:47:42.631188,stage3-lowpower,1211,42.0,,,,76,,,3.75,58,-117,-4.7
2026-09-01 12:47:46.205547,stage3-lowpower,1237,40.0,,,,3679,,,3.75,58,-113,-1.8
2026-09-01 12:47:49.890204,stage3-lowpower,1237,40.0,,,,7256,,,3.76,58,-116,-4.5
2026-09-01 12:47:53.371620,stage3-lowpower,1237,40.0,,,,10833,,,3.75,58,-116,-3.7
2026-09-01 12:47:56.927954,stage3-lowpower,1237,40.0,,,,14410,,,3.76,58,-116,-4.5
2026-09-01 12:48:00.544237,stage3-lowpower,1237,40.0,,,,17987,,,3.76,58,-116,-3.7
2026-09-01 12:48:04.123625,stage3-lowpower,1237,40.0,,,,21564,,,3.76,58,-116,-3.7
2026-09-01 12:51:07.097628,stage4-lowpower-v2,1235,40.0,,,,3050,24.7,81.6,3.8,59,-110,1.5
2026-09-01 12:52:42.867657,stage3-lowpower,1216,42.0,,,,76,,,3.75,59,-116,-3.7
2026-09-01 12:52:46.440931,stage3-lowpower,1240,40.0,,,,3679,,,3.76,59,-116,-3.5
2026-09-01 12:52:49.931454,stage3-lowpower,1239,40.0,,,,7256,,,3.76,59,-116,-4.0
2026-09-01 12:52:53.544840,stage3-lowpower,1238,40.0,,,,10833,,,3.75,59,-115,-3.7
2026-09-01 12:52:57.113785,stage3-lowpower,1240,40.0,,,,14410,,,3.75,59,-115,-3.7
2026-09-01 12:53:00.776394,stage3-lowpower,1241,39.0,,,,17987,,,3.76,59,-116,-3.5
2026-09-01 12:53:04.258933,stage3-lowpower,1241,39.0,,,,21564,,,3.75,59,-116,-3.7
2026-09-01 12:56:07.338138,stage4-lowpower-v2,1237,40.0,,,,3050,25.2,83.2,3.8,60,-110,1.3
2026-09-01 12:57:42.901444,stage3-lowpower,1215,42.0,,,,76,,,3.75,60,-116,-3.5
2026-09-01 12:57:46.477755,stage3-lowpower,1239,40.0,,,,3679,,,3.76,60,-116,-3.7
2026-09-01 12:57:50.057814,stage3-lowpower,1240,40.0,,,,7256,,,3.75,60,-115,-4.0
2026-09-01 12:57:53.531542,stage3-lowpower,1240,40.0,,,,10833,,,3.76,60,-116,-4.5
2026-09-01 12:57:57.123378,stage3-lowpower,1241,39.0,,,,14410,,,3.75,60,-115,-3.0
2026-09-01 12:58:00.809616,stage3-lowpower,1239,40.0,,,,17987,,,3.75,60,-116,-3.7
2026-09-01 12:58:04.281284,stage3-lowpower,1239,40.0,,,,21564,,,3.75,60,-116,-4.2
2026-09-01 13:01:07.063367,stage4-lowpower-v2,1237,40.0,,,,3050,25.3,81.8,3.8,61,-110,1.3
2026-09-01 13:02:42.935042,stage3-lowpower,1223,41.0,,,,76,,,3.75,61,-117,-4.5
2026-09-01 13:02:46.506521,stage3-lowpower,1239,40.0,,,,3679,,,3.76,61,-116,-4.5
2026-09-01 13:02:50.016952,stage3-lowpower,1241,39.0,,,,7256,,,3.76,61,-116,-4.7
2026-09-01 13:02:53.602551,stage3-lowpower,1243,39.0,,,,10833,,,3.75,61,-115,-2.5
2026-09-01 13:02:57.258739,stage3-lowpower,1241,39.0,,,,14410,,,3.76,61,-115,-3.2
2026-09-01 13:03:00.736909,stage3-lowpower,1243,39.0,,,,17987,,,3.76,61,-113,-1.5
2026-09-01 13:03:04.324597,stage3-lowpower,1241,39.0,,,,21564,,,3.76,61,-117,-4.7
2026-09-01 13:06:07.199122,stage4-lowpower-v2,1237,40.0,,,,3050,25.8,84.6,3.8,62,-114,-2.0
2026-09-01 13:07:43.171724,stage3-lowpower,1223,41.0,,,,76,,,3.75,62,-114,-1.8
2026-09-01 13:07:46.743768,stage3-lowpower,1243,39.0,,,,3679,,,3.75,62,-112,-0.8
2026-09-01 13:07:50.225473,stage3-lowpower,1243,39.0,,,,7256,,,3.75,62,-113,-1.3
2026-09-01 13:07:53.809419,stage3-lowpower,1245,39.0,,,,10833,,,3.76,62,-113,-1.0
2026-09-01 13:07:57.393095,stage3-lowpower,1243,39.0,,,,14410,,,3.76,62,-113,-1.0
2026-09-01 13:08:00.978364,stage3-lowpower,1243,39.0,,,,17987,,,3.76,62,-113,-1.0
2026-09-01 13:08:04.560981,stage3-lowpower,1245,39.0,,,,21564,,,3.76,62,-113,-1.3
2026-09-01 13:11:07.436363,stage4-lowpower-v2,1240,40.0,,,,3050,26.1,81.6,3.8,63,-113,-1.5
2026-09-01 13:12:43.410185,stage3-lowpower,1225,41.0,,,,76,,,3.75,63,-115,-2.5
2026-09-01 13:12:46.879158,stage3-lowpower,1243,39.0,,,,3679,,,3.76,63,-115,-3.0
2026-09-01 13:12:50.565916,stage3-lowpower,1242,39.0,,,,7256,,,3.76,63,-113,-1.5
2026-09-01 13:12:54.150062,stage3-lowpower,1245,39.0,,,,10833,,,3.76,63,-115,-3.2
2026-09-01 13:12:57.614811,stage3-lowpower,1244,39.0,,,,14410,,,3.76,63,-114,-2.7
2026-09-01 13:13:01.627045,stage3-lowpower,1245,39.0,,,,17987,,,3.76,63,-115,-3.5
2026-09-01 13:13:04.798295,stage3-lowpower,1246,39.0,,,,21564,,,3.76,63,-114,-2.0
2026-09-01 13:16:07.264612,stage4-lowpower-v2,1241,39.0,,,,3050,26.3,82.2,3.8,64,-114,-2.0
2026-09-01 13:17:43.544677,stage3-lowpower,1229,41.0,,,,76,,,3.76,64,-115,-3.5
2026-09-01 13:17:47.117241,stage3-lowpower,1243,39.0,,,,3679,,,3.75,64,-115,-3.0
2026-09-01 13:17:50.670555,stage3-lowpower,1246,39.0,,,,7256,,,3.76,64,-115,-3.0
2026-09-01 13:17:54.284441,stage3-lowpower,1249,39.0,,,,10833,,,3.76,64,-114,-2.5
2026-09-01 13:17:57.789496,stage3-lowpower,1247,39.0,,,,14410,,,3.76,64,-115,-4.2
2026-09-01 13:18:01.452774,stage3-lowpower,1251,39.0,,,,17987,,,3.76,64,-115,-2.5
2026-09-01 13:18:04.933552,stage3-lowpower,1250,39.0,,,,21564,,,3.76,64,-115,-3.5
2026-09-01 13:21:07.606100,stage4-lowpower-v2,1243,39.0,,,,3050,26.4,75.6,3.8,65,-110,1.3
2026-09-01 13:22:43.782326,stage3-lowpower,1230,40.0,,,,76,,,3.76,65,-115,-3.2
2026-09-01 13:22:47.251482,stage3-lowpower,1250,39.0,,,,3679,,,3.75,65,-115,-2.7
2026-09-01 13:22:50.835166,stage3-lowpower,1250,39.0,,,,7256,,,3.75,65,-115,-3.0
2026-09-01 13:22:54.420223,stage3-lowpower,1247,39.0,,,,10833,,,3.76,65,-114,-2.5
2026-09-01 13:22:57.906926,stage3-lowpower,1250,39.0,,,,14410,,,3.76,65,-115,-3.2
2026-09-01 13:23:01.587901,stage3-lowpower,1247,39.0,,,,17987,,,3.76,65,-115,-3.5
2026-09-01 13:23:05.171124,stage3-lowpower,1251,39.0,,,,21564,,,3.76,65,-114,-2.7
2026-09-01 13:26:07.841134,stage4-lowpower-v2,1243,39.0,,,,3050,26.6,78.8,3.8,66,-110,1.5
2026-09-01 13:27:43.610713,stage3-lowpower,1229,41.0,,,,76,,,3.75,66,-116,-3.7
2026-09-01 13:27:47.181782,stage3-lowpower,1246,39.0,,,,3679,,,3.75,66,-115,-3.0
2026-09-01 13:27:50.770018,stage3-lowpower,1251,39.0,,,,7256,,,3.76,66,-115,-3.0
2026-09-01 13:27:54.350374,stage3-lowpower,1245,39.0,,,,10833,,,3.75,66,-115,-3.2
2026-09-01 13:27:57.933931,stage3-lowpower,1246,39.0,,,,14410,,,3.76,66,-116,-3.5
2026-09-01 13:28:01.461875,stage3-lowpower,1247,39.0,,,,17987,,,3.76,66,-115,-3.2
2026-09-01 13:28:05.102092,stage3-lowpower,1250,39.0,,,,21564,,,3.76,66,-115,-3.2
2026-09-01 13:31:07.873839,stage4-lowpower-v2,1244,39.0,,,,3050,26.5,81.9,3.8,67,-111,0.8
2026-09-01 13:32:43.641810,stage3-lowpower,1230,40.0,,,,76,,,3.75,67,-115,-3.7
2026-09-01 13:32:47.214349,stage3-lowpower,1244,39.0,,,,3679,,,3.76,67,-115,-3.2
2026-09-01 13:32:50.799016,stage3-lowpower,1247,39.0,,,,7256,,,3.76,67,-116,-3.7
2026-09-01 13:32:54.382838,stage3-lowpower,1247,39.0,,,,10833,,,3.76,67,-115,-3.5
2026-09-01 13:32:57.967866,stage3-lowpower,1247,39.0,,,,14410,,,3.76,67,-116,-3.7
2026-09-01 13:33:01.483257,stage3-lowpower,1251,39.0,,,,17987,,,3.76,67,-116,-4.5
2026-09-01 13:33:05.134844,stage3-lowpower,1251,39.0,,,,21564,,,3.76,67,-116,-4.2
2026-09-01 13:36:07.907070,stage4-lowpower-v2,1240,40.0,,,,3050,26.1,79.0,3.8,68,-110,1.5
2026-09-01 13:37:43.470170,stage3-lowpower,1226,41.0,,,,76,,,3.75,68,-116,-4.2
2026-09-01 13:37:47.042477,stage3-lowpower,1242,39.0,,,,3679,,,3.75,68,-116,-4.0
2026-09-01 13:37:50.626945,stage3-lowpower,1244,39.0,,,,7256,,,3.75,68,-115,-3.2
2026-09-01 13:37:54.210834,stage3-lowpower,1246,39.0,,,,10833,,,3.75,68,-116,-3.5
2026-09-01 13:37:57.749442,stage3-lowpower,1245,39.0,,,,14410,,,3.75,68,-116,-3.5
2026-09-01 13:38:01.315493,stage3-lowpower,1245,39.0,,,,17987,,,3.75,68,-115,-3.7
2026-09-01 13:38:04.962212,stage3-lowpower,1245,39.0,,,,21564,,,3.75,68,-115,-3.2
2026-09-01 13:41:08.060860,stage4-lowpower-v2,1241,39.0,,,,3050,25.8,81.0,3.8,69,-110,1.3
2026-09-01 13:42:43.400380,stage3-lowpower,1225,41.0,,,,76,,,3.75,69,-115,-3.0
2026-09-01 13:42:46.975870,stage3-lowpower,1243,39.0,,,,3679,,,3.75,69,-115,-3.2
2026-09-01 13:42:50.531928,stage3-lowpower,1243,39.0,,,,7256,,,3.75,69,-116,-4.2
2026-09-01 13:42:54.140634,stage3-lowpower,1245,39.0,,,,10833,,,3.76,69,-116,-4.0
2026-09-01 13:42:57.724524,stage3-lowpower,1243,39.0,,,,14410,,,3.75,69,-116,-3.5
2026-09-01 13:43:01.308876,stage3-lowpower,1244,39.0,,,,17987,,,3.75,69,-116,-3.5
2026-09-01 13:43:04.893323,stage3-lowpower,1244,39.0,,,,21564,,,3.75,69,-116,-3.2
2026-09-01 13:46:08.169090,stage4-lowpower-v2,1241,39.0,,,,3050,25.5,82.4,3.8,70,-110,1.3
2026-09-01 13:47:43.433664,stage3-lowpower,1223,41.0,,,,76,,,3.75,70,-116,-4.0
2026-09-01 13:47:47.005626,stage3-lowpower,1243,39.0,,,,3679,,,3.75,70,-115,-3.2
2026-09-01 13:47:50.539356,stage3-lowpower,1241,39.0,,,,7256,,,3.75,70,-116,-4.0
2026-09-01 13:47:54.173304,stage3-lowpower,1243,39.0,,,,10833,,,3.75,70,-116,-3.7
2026-09-01 13:47:57.757826,stage3-lowpower,1241,39.0,,,,14410,,,3.75,70,-116,-3.7
2026-09-01 13:48:01.344754,stage3-lowpower,1245,39.0,,,,17987,,,3.76,70,-116,-3.5
2026-09-01 13:48:04.849744,stage3-lowpower,1243,39.0,,,,21564,,,3.75,70,-115,-3.5
2026-09-01 13:51:08.312333,stage4-lowpower-v2,1239,40.0,,,,3050,25.5,79.6,3.8,71,-110,1.3
2026-09-01 13:52:43.466205,stage3-lowpower,1225,41.0,,,,76,,,3.75,71,-114,-2.7
2026-09-01 13:52:47.038007,stage3-lowpower,1243,39.0,,,,3679,,,3.75,71,-115,-2.7
2026-09-01 13:52:50.515372,stage3-lowpower,1242,39.0,,,,7256,,,3.75,71,-116,-3.7
2026-09-01 13:52:54.105946,stage3-lowpower,1241,39.0,,,,10833,,,3.75,71,-117,-4.7
2026-09-01 13:52:57.686903,stage3-lowpower,1243,39.0,,,,14410,,,3.75,71,-115,-3.0
2026-09-01 13:53:01.382608,stage3-lowpower,1245,39.0,,,,17987,,,3.75,71,-114,-2.7
2026-09-01 13:53:04.836166,stage3-lowpower,1244,39.0,,,,21564,,,3.75,71,-115,-3.2
2026-09-01 13:56:07.917965,stage4-lowpower-v2,1237,40.0,,,,3050,25.1,80.0,3.8,72,-110,1.0
2026-09-01 13:57:43.504237,stage3-lowpower,1221,41.0,,,,76,,,3.75,72,-115,-2.2
2026-09-01 13:57:47.071996,stage3-lowpower,1238,40.0,,,,3679,,,3.75,72,-114,-2.2
2026-09-01 13:57:50.656126,stage3-lowpower,1239,40.0,,,,7256,,,3.75,72,-113,-2.2
2026-09-01 13:57:54.238563,stage3-lowpower,1241,39.0,,,,10833,,,3.75,72,-114,-2.5
2026-09-01 13:57:57.823051,stage3-lowpower,1241,39.0,,,,14410,,,3.75,72,-114,-2.0
2026-09-01 13:58:01.406718,stage3-lowpower,1239,40.0,,,,17987,,,3.75,72,-114,-2.0
2026-09-01 13:58:04.958113,stage3-lowpower,1239,40.0,,,,21564,,,3.75,72,-114,-2.7
2026-09-01 14:01:07.967341,stage4-lowpower-v2,1237,40.0,,,,3050,24.6,79.4,3.8,73,-110,1.3
2026-09-01 14:02:43.194062,stage3-lowpower,1215,42.0,,,,76,,,3.75,73,-114,-2.7
2026-09-01 14:02:46.795948,stage3-lowpower,1235,40.0,,,,3679,,,3.75,73,-114,-2.7
2026-09-01 14:02:50.379549,stage3-lowpower,1236,40.0,,,,7256,,,3.75,73,-114,-3.0
2026-09-01 14:02:53.964483,stage3-lowpower,1238,40.0,,,,10833,,,3.75,73,-115,-2.2
2026-09-01 14:02:57.548067,stage3-lowpower,1237,40.0,,,,14410,,,3.75,73,-114,-2.2
2026-09-01 14:03:01.129057,stage3-lowpower,1236,40.0,,,,17987,,,3.75,73,-114,-2.0
2026-09-01 14:03:04.716332,stage3-lowpower,1238,40.0,,,,21564,,,3.75,73,-116,-4.0
2026-09-01 14:06:07.420458,stage4-lowpower-v2,1235,40.0,,,,3050,24.3,83.4,3.8,74,-111,1.0
2026-09-01 14:07:43.069948,stage3-lowpower,1215,42.0,,,,76,,,3.75,74,-114,-2.7
2026-09-01 14:07:46.726781,stage3-lowpower,1239,40.0,,,,3679,,,3.75,74,-114,-3.0
2026-09-01 14:07:50.208366,stage3-lowpower,1239,40.0,,,,7256,,,3.75,74,-115,-2.5
2026-09-01 14:07:53.894067,stage3-lowpower,1239,40.0,,,,10833,,,3.75,74,-114,-2.7
2026-09-01 14:07:57.478159,stage3-lowpower,1239,40.0,,,,14410,,,3.75,74,-114,-2.5
2026-09-01 14:08:00.942273,stage3-lowpower,1240,40.0,,,,17987,,,3.75,74,-115,-2.7
2026-09-01 14:08:04.543004,stage3-lowpower,1239,40.0,,,,21564,,,3.75,74,-115,-3.0
2026-09-01 14:11:07.301801,stage4-lowpower-v2,1237,40.0,,,,3050,24.5,83.3,3.8,75,-110,0.8
2026-09-01 14:12:43.116839,stage3-lowpower,1215,42.0,,,,76,,,3.75,75,-115,-3.2
2026-09-01 14:12:46.758704,stage3-lowpower,1239,40.0,,,,3679,,,3.75,75,-115,-3.2
2026-09-01 14:12:50.343084,stage3-lowpower,1241,39.0,,,,7256,,,3.75,75,-114,-3.0
2026-09-01 14:12:53.927257,stage3-lowpower,1239,40.0,,,,10833,,,3.75,75,-114,-2.5
2026-09-01 14:12:57.513518,stage3-lowpower,1241,39.0,,,,14410,,,3.75,75,-114,-2.5
2026-09-01 14:13:01.095611,stage3-lowpower,1240,40.0,,,,17987,,,3.75,75,-114,-2.5
2026-09-01 14:13:04.576841,stage3-lowpower,1239,40.0,,,,21564,,,3.75,75,-114,-2.5
2026-09-01 14:16:07.451406,stage4-lowpower-v2,1237,40.0,,,,3050,24.3,80.6,3.8,76,-110,1.5
2026-09-01 14:17:43.015372,stage3-lowpower,1216,42.0,,,,76,,,3.75,76,-114,-2.2
2026-09-01 14:17:46.689572,stage3-lowpower,1238,40.0,,,,3679,,,3.75,76,-114,-2.5
2026-09-01 14:17:50.273105,stage3-lowpower,1239,40.0,,,,7256,,,3.75,76,-113,-2.0
2026-09-01 14:17:53.736370,stage3-lowpower,1237,40.0,,,,10833,,,3.75,76,-114,-2.5
2026-09-01 14:17:57.443066,stage3-lowpower,1235,40.0,,,,14410,,,3.75,76,-114,-2.0
2026-09-01 14:18:01.024973,stage3-lowpower,1237,40.0,,,,17987,,,3.75,76,-114,-2.2
2026-09-01 14:18:04.507533,stage3-lowpower,1240,40.0,,,,21564,,,3.75,76,-114,-2.2
2026-09-01 14:21:07.177726,stage4-lowpower-v2,1236,40.0,,,,3051,24.3,86.1,3.8,77,-109,1.3
2026-09-01 14:22:43.150797,stage3-lowpower,1213,42.0,,,,76,,,3.75,77,-115,-2.7
2026-09-01 14:22:46.722630,stage3-lowpower,1237,40.0,,,,3679,,,3.75,77,-115,-3.0
2026-09-01 14:22:50.306166,stage3-lowpower,1237,40.0,,,,7256,,,3.75,77,-114,-2.5
2026-09-01 14:22:53.890436,stage3-lowpower,1237,40.0,,,,10833,,,3.75,77,-115,-3.2
2026-09-01 14:22:57.358178,stage3-lowpower,1237,40.0,,,,14410,,,3.75,77,-115,-3.2
2026-09-01 14:23:01.057762,stage3-lowpower,1236,40.0,,,,17987,,,3.75,77,-114,-3.0
2026-09-01 14:23:04.641598,stage3-lowpower,1239,40.0,,,,21564,,,3.75,77,-115,-3.0
2026-09-01 14:26:07.927051,stage4-lowpower-v2,1236,40.0,,,,3050,24.1,79.5,3.8,78,-111,0.8
2026-09-01 14:27:43.285933,stage3-lowpower,1213,42.0,,,,76,,,3.75,78,-114,-2.7
2026-09-01 14:27:46.782676,stage3-lowpower,1236,40.0,,,,3679,,,3.75,78,-115,-2.7
2026-09-01 14:27:50.441776,stage3-lowpower,1236,40.0,,,,7256,,,3.75,78,-114,-2.2
2026-09-01 14:27:53.917832,stage3-lowpower,1235,40.0,,,,10833,,,3.75,78,-115,-2.5
2026-09-01 14:27:57.507271,stage3-lowpower,1235,40.0,,,,14410,,,3.75,78,-114,-2.5
2026-09-01 14:28:01.194758,stage3-lowpower,1236,40.0,,,,17987,,,3.75,78,-114,-2.5
2026-09-01 14:28:04.778537,stage3-lowpower,1237,40.0,,,,21564,,,3.75,78,-114,-2.7
2026-09-01 14:31:07.550272,stage4-lowpower-v2,1237,40.0,,,,3051,24.4,83.6,3.8,79,-111,1.3
2026-09-01 14:32:43.318427,stage3-lowpower,1215,42.0,,,,76,,,3.75,79,-114,-2.5
2026-09-01 14:32:46.825299,stage3-lowpower,1238,40.0,,,,3679,,,3.75,79,-114,-2.7
2026-09-01 14:32:50.388430,stage3-lowpower,1237,40.0,,,,7256,,,3.75,79,-114,-3.2
2026-09-01 14:32:54.058352,stage3-lowpower,1239,40.0,,,,10833,,,3.75,79,-114,-2.2
2026-09-01 14:32:57.645068,stage3-lowpower,1240,40.0,,,,14410,,,3.75,79,-114,-2.7
2026-09-01 14:33:01.226954,stage3-lowpower,1238,40.0,,,,17987,,,3.75,79,-114,-2.2
2026-09-01 14:33:04.813324,stage3-lowpower,1238,40.0,,,,21564,,,3.75,79,-115,-2.5
2026-09-01 14:36:07.787401,stage4-lowpower-v2,1239,40.0,,,,3050,24.5,80.0,3.8,80,-110,1.0
2026-09-01 14:37:43.405619,stage3-lowpower,1215,42.0,,,,76,,,3.75,80,-115,-3.5
2026-09-01 14:37:46.967512,stage3-lowpower,1239,40.0,,,,3679,,,3.75,80,-115,-3.7
2026-09-01 14:37:50.610434,stage3-lowpower,1237,40.0,,,,7256,,,3.75,80,-115,-3.0
2026-09-01 14:37:54.194067,stage3-lowpower,1239,40.0,,,,10833,,,3.75,80,-114,-2.2
2026-09-01 14:37:57.783622,stage3-lowpower,1241,39.0,,,,14410,,,3.75,80,-114,-2.0
2026-09-01 14:38:01.269392,stage3-lowpower,1240,40.0,,,,17987,,,3.75,80,-114,-2.7
2026-09-01 14:38:04.843484,stage3-lowpower,1241,39.0,,,,21564,,,3.75,80,-114,-2.5
2026-09-01 14:41:07.923379,stage4-lowpower-v2,1239,40.0,,,,3050,24.7,82.4,3.8,81,-110,1.0
2026-09-01 14:42:43.315977,stage3-lowpower,1223,41.0,,,,76,,,3.75,81,-114,-2.7
2026-09-01 14:42:46.956655,stage3-lowpower,1241,39.0,,,,3679,,,3.75,81,-114,-2.2
2026-09-01 14:42:50.540555,stage3-lowpower,1240,40.0,,,,7256,,,3.75,81,-114,-2.0
2026-09-01 14:42:54.051429,stage3-lowpower,1242,39.0,,,,10833,,,3.75,81,-114,-2.5
2026-09-01 14:42:57.707652,stage3-lowpower,1241,39.0,,,,14410,,,3.75,81,-114,-2.0
2026-09-01 14:43:01.292618,stage3-lowpower,1241,39.0,,,,17987,,,3.75,81,-114,-2.2
2026-09-01 14:43:04.875485,stage3-lowpower,1243,39.0,,,,21564,,,3.75,81,-114,-2.0
2026-09-01 14:46:08.139081,stage4-lowpower-v2,1239,40.0,,,,3050,24.9,80.4,3.81,82,-111,1.3
2026-09-01 14:47:43.595841,stage3-lowpower,1223,41.0,,,,76,,,3.75,82,-115,-3.2
2026-09-01 14:47:47.194185,stage3-lowpower,1240,40.0,,,,3679,,,3.75,82,-115,-3.0
2026-09-01 14:47:50.717930,stage3-lowpower,1242,39.0,,,,7256,,,3.75,82,-115,-3.5
2026-09-01 14:47:54.364524,stage3-lowpower,1243,39.0,,,,10833,,,3.75,82,-115,-2.7
2026-09-01 14:47:57.946288,stage3-lowpower,1239,40.0,,,,14410,,,3.75,82,-115,-2.7
2026-09-01 14:48:01.530331,stage3-lowpower,1241,39.0,,,,17987,,,3.75,82,-115,-2.5
2026-09-01 14:48:05.114179,stage3-lowpower,1241,39.0,,,,21564,,,3.75,82,-114,-2.2
2026-09-01 14:51:08.302795,stage4-lowpower-v2,1241,39.0,,,,3050,25.1,84.3,3.8,83,-111,0.8
2026-09-01 14:52:43.722827,stage3-lowpower,1226,41.0,,,,76,,,3.75,83,-114,-2.2
2026-09-01 14:52:47.329567,stage3-lowpower,1243,39.0,,,,3679,,,3.75,83,-114,-2.7
2026-09-01 14:52:50.881871,stage3-lowpower,1241,39.0,,,,7256,,,3.75,83,-114,-3.0
2026-09-01 14:52:54.496727,stage3-lowpower,1241,39.0,,,,10833,,,3.75,83,-115,-2.7
2026-09-01 14:52:58.081469,stage3-lowpower,1241,39.0,,,,14410,,,3.75,83,-115,-2.5
2026-09-01 14:53:01.665981,stage3-lowpower,1242,39.0,,,,17987,,,3.75,83,-115,-2.7
2026-09-01 14:53:05.249134,stage3-lowpower,1243,39.0,,,,21564,,,3.75,83,-115,-2.2
2026-09-01 14:56:08.022246,stage4-lowpower-v2,1239,40.0,,,,3050,24.8,78.8,3.8,84,-111,1.3
2026-09-01 14:57:43.689852,stage3-lowpower,1223,41.0,,,,76,,,3.75,84,-114,-2.2
2026-09-01 14:57:47.259378,stage3-lowpower,1239,40.0,,,,3679,,,3.75,84,-114,-2.2
2026-09-01 14:57:50.843787,stage3-lowpower,1240,40.0,,,,7256,,,3.75,84,-113,-2.0
2026-09-01 14:57:54.427445,stage3-lowpower,1240,40.0,,,,10833,,,3.75,84,-114,-2.2
2026-09-01 14:57:58.012268,stage3-lowpower,1241,39.0,,,,14410,,,3.75,84,-114,-2.2
2026-09-01 14:58:01.518012,stage3-lowpower,1240,40.0,,,,17987,,,3.75,84,-115,-3.0
2026-09-01 14:58:05.179278,stage3-lowpower,1242,39.0,,,,21564,,,3.75,84,-115,-2.2
2026-09-01 15:01:07.849712,stage4-lowpower-v2,1239,40.0,,,,3051,24.7,79.4,3.81,85,-111,1.0
2026-09-01 15:02:43.789716,stage3-lowpower,1222,41.0,,,,76,,,3.75,85,-114,-2.7
2026-09-01 15:02:47.352800,stage3-lowpower,1242,39.0,,,,3679,,,3.75,85,-115,-3.0
2026-09-01 15:02:50.911850,stage3-lowpower,1239,40.0,,,,7256,,,3.75,85,-114,-2.7
2026-09-01 15:02:54.562241,stage3-lowpower,1241,39.0,,,,10833,,,3.75,85,-114,-2.5
2026-09-01 15:02:58.042106,stage3-lowpower,1241,39.0,,,,14410,,,3.75,85,-114,-2.5
2026-09-01 15:03:01.730902,stage3-lowpower,1240,40.0,,,,17987,,,3.75,85,-115,-2.7
2026-09-01 15:03:05.315341,stage3-lowpower,1241,39.0,,,,21564,,,3.75,85,-114,-2.2
2026-09-01 15:06:07.984539,stage4-lowpower-v2,1241,39.0,,,,3050,25.3,77.9,3.8,86,-110,1.3
2026-09-01 15:07:43.958458,stage3-lowpower,1227,41.0,,,,76,,,3.75,86,-115,-2.5
2026-09-01 15:07:47.493027,stage3-lowpower,1245,39.0,,,,3679,,,3.75,86,-115,-3.0
2026-09-01 15:07:51.114321,stage3-lowpower,1249,39.0,,,,7256,,,3.75,86,-114,-2.7
2026-09-01 15:07:54.697578,stage3-lowpower,1247,39.0,,,,10833,,,3.75,86,-114,-2.7
2026-09-01 15:07:58.283745,stage3-lowpower,1245,39.0,,,,14410,,,3.75,86,-114,-2.5
2026-09-01 15:08:01.865972,stage3-lowpower,1247,39.0,,,,17987,,,3.75,86,-114,-2.5
2026-09-01 15:08:05.449789,stage3-lowpower,1251,39.0,,,,21564,,,3.75,86,-114,-2.5
2026-09-01 15:11:08.939149,stage4-lowpower-v2,1255,38.0,,,,3050,28.5,67.9,3.8,87,-111,1.0
2026-09-01 15:12:45.219335,stage3-lowpower,1241,39.0,,,,76,,,3.75,87,-114,-2.5
2026-09-01 15:12:48.679064,stage3-lowpower,1257,38.0,,,,3679,,,3.76,87,-115,-3.0
2026-09-01 15:12:52.375339,stage3-lowpower,1259,38.0,,,,7256,,,3.76,87,-114,-2.2
2026-09-01 15:12:55.959165,stage3-lowpower,1259,38.0,,,,10833,,,3.76,87,-114,-2.2
2026-09-01 15:12:59.428391,stage3-lowpower,1257,38.0,,,,14410,,,3.76,87,-114,-3.0
2026-09-01 15:13:03.025006,stage3-lowpower,1260,38.0,,,,17987,,,3.75,87,-114,-2.2
2026-09-01 15:13:06.711033,stage3-lowpower,1260,38.0,,,,21564,,,3.76,87,-114,-2.2
2026-09-01 15:16:09.176658,stage4-lowpower-v2,1251,39.0,,,,3050,26.7,76.9,3.81,88,-111,1.0
2026-09-01 15:17:44.842024,stage3-lowpower,1235,40.0,,,,76,,,3.75,88,-115,-3.2
2026-09-01 15:17:48.414536,stage3-lowpower,1253,38.0,,,,3679,,,3.75,88,-115,-2.7
2026-09-01 15:17:52.013853,stage3-lowpower,1254,38.0,,,,7310,,,3.75,88,-115,-3.5
2026-09-01 15:17:55.678819,stage3-lowpower,1256,38.0,,,,10941,,,3.76,88,-116,-3.7
2026-09-01 15:17:59.370760,stage3-lowpower,1255,38.0,,,,14572,,,3.75,88,-116,-3.7
2026-09-01 15:18:02.954144,stage3-lowpower,1256,38.0,,,,18203,,,3.75,88,-115,-3.0
2026-09-01 15:18:06.538737,stage3-lowpower,1255,38.0,,,,21834,,,3.75,88,-115,-3.5
2026-09-01 15:21:09.516513,stage4-lowpower-v2,1251,39.0,,,,3050,25.3,72.3,3.81,89,-111,1.0
2026-09-01 15:22:44.339214,stage3-lowpower,1235,40.0,,,,87,27.1,55.3,3.75,89,-114,-2.2
2026-09-01 15:22:47.512473,stage3-lowpower,1251,39.0,,,,3233,27.1,55.5,3.75,89,-115,-2.7
2026-09-01 15:22:50.593933,stage3-lowpower,1252,38.0,,,,6379,27.1,56.3,3.75,89,-115,-2.7
2026-09-01 15:22:53.758959,stage3-lowpower,1252,38.0,,,,9525,27.2,56.6,3.75,89,-115,-2.5
2026-09-01 15:22:56.924367,stage3-lowpower,1253,38.0,,,,12671,27.2,56.2,3.75,89,-115,-2.7
2026-09-01 15:23:00.106975,stage3-lowpower,1253,38.0,,,,15846,27.2,55.6,3.76,89,-115,-2.7
2026-09-01 15:23:03.283231,stage3-lowpower,1255,38.0,,,,19021,27.3,55.5,3.76,89,-115,-3.0
2026-09-01 15:26:09.037271,stage4-lowpower-v2,1253,38.0,,,,3050,26.9,73.1,3.81,90,-111,0.5
2026-09-01 15:27:44.884567,stage3-lowpower,1240,40.0,,,,87,29.1,51.7,3.76,90,-116,-3.5
2026-09-01 15:27:48.057984,stage3-lowpower,1258,38.0,,,,3233,29.2,51.7,3.76,90,-115,-3.2
2026-09-01 15:27:51.116797,stage3-lowpower,1256,38.0,,,,6379,29.2,51.5,3.75,90,-116,-3.5
2026-09-01 15:27:54.304257,stage3-lowpower,1256,38.0,,,,9525,29.2,51.4,3.76,90,-115,-3.2
2026-09-01 15:27:57.449611,stage3-lowpower,1258,38.0,,,,12671,29.2,51.5,3.76,90,-115,-3.2
2026-09-01 15:28:00.653184,stage3-lowpower,1261,38.0,,,,15846,29.3,51.8,3.75,90,-116,-4.0
2026-09-01 15:28:03.826977,stage3-lowpower,1258,38.0,,,,19021,29.4,51.9,3.76,90,-116,-3.7
2026-09-01 15:31:09.156966,stage4-lowpower-v2,1256,38.0,,,,3050,27.5,81.4,3.81,91,-112,0.0
2026-09-01 15:32:45.747132,stage3-lowpower,1241,39.0,,,,87,,,3.75,91,-116,-4.5
2026-09-01 15:32:49.331174,stage3-lowpower,1260,38.0,,,,3690,,,3.76,91,-117,-4.7
2026-09-01 15:32:52.854331,stage3-lowpower,1260,38.0,,,,7267,,,3.76,91,-116,-4.2
2026-09-01 15:32:56.499175,stage3-lowpower,1262,38.0,,,,10898,,,3.75,91,-116,-3.5
2026-09-01 15:33:00.192404,stage3-lowpower,1261,38.0,,,,14529,,,3.76,91,-117,-4.2
2026-09-01 15:33:03.872636,stage3-lowpower,1261,38.0,,,,18160,,,3.76,91,-116,-4.2
2026-09-01 15:33:07.456542,stage3-lowpower,1263,38.0,,,,21791,,,3.76,91,-116,-4.5
2026-09-01 15:36:09.204502,stage4-lowpower-v2,1254,38.0,,,,3050,27.2,70.2,3.81,92,-111,0.8
2026-09-01 15:37:45.574649,stage3-lowpower,1241,39.0,,,,87,,,3.75,92,-117,-4.7
2026-09-01 15:37:49.160081,stage3-lowpower,1262,38.0,,,,3654,,,3.76,92,-116,-4.5
2026-09-01 15:37:52.742741,stage3-lowpower,1261,38.0,,,,7249,,,3.75,92,-117,-5.2
2026-09-01 15:37:56.327075,stage3-lowpower,1261,38.0,,,,10844,,,3.75,92,-116,-4.2
2026-09-01 15:37:59.920317,stage3-lowpower,1263,38.0,,,,14439,,,3.75,92,-118,-6.7
2026-09-01 15:38:03.495377,stage3-lowpower,1261,38.0,,,,18034,,,3.76,92,-117,-5.0
2026-09-01 15:38:07.181835,stage3-lowpower,1267,37.0,,,,21629,,,3.76,92,-117,-5.2
2026-09-01 15:41:09.339381,stage4-lowpower-v2,1251,39.0,,,,3050,26.1,81.6,3.81,93,-111,0.8
2026-09-01 15:42:45.402844,stage3-lowpower,1241,39.0,,,,87,,,3.75,93,-116,-4.2
2026-09-01 15:42:48.987404,stage3-lowpower,1259,38.0,,,,3654,,,3.75,93,-116,-4.0
2026-09-01 15:42:52.557872,stage3-lowpower,1259,38.0,,,,7249,,,3.75,93,-116,-4.0
2026-09-01 15:42:56.122894,stage3-lowpower,1259,38.0,,,,10844,,,3.76,93,-116,-4.7
2026-09-01 15:42:59.736937,stage3-lowpower,1258,38.0,,,,14439,,,3.75,93,-116,-4.5
2026-09-01 15:43:03.425811,stage3-lowpower,1259,38.0,,,,18034,,,3.75,93,-116,-4.0
2026-09-01 15:43:07.010006,stage3-lowpower,1261,38.0,,,,21629,,,3.76,93,-116,-4.2
2026-09-01 15:46:09.475163,stage4-lowpower-v2,1250,39.0,,,,3050,26.1,83.1,3.8,94,-111,0.8
2026-09-01 15:47:45.332803,stage3-lowpower,1237,40.0,,,,87,,,3.75,94,-118,-5.7
2026-09-01 15:47:48.917585,stage3-lowpower,1255,38.0,,,,3654,,,3.75,94,-118,-6.5
2026-09-01 15:47:52.502259,stage3-lowpower,1256,38.0,,,,7249,,,3.75,94,-117,-5.5
2026-09-01 15:47:55.585099,stage3-lowpower,1257,38.0,,,,10844,27.3,53.3,3.75,94,-119,-7.2
2026-09-01 15:47:58.838549,stage3-lowpower,1256,38.0,,,,14019,27.3,53.0,3.75,94,-119,-7.5
2026-09-01 15:48:01.969778,stage3-lowpower,1255,38.0,,,,17194,27.2,53.4,3.75,94,-119,-7.5
2026-09-01 15:48:05.186854,stage3-lowpower,1256,38.0,,,,20369,27.2,54.4,3.76,94,-120,-7.7
2026-09-01 15:51:09.507358,stage4-lowpower-v2,1245,39.0,,,,3050,24.3,78.8,3.81,95,-109,2.5
2026-09-01 15:52:44.432641,stage3-lowpower,1229,41.0,,,,87,25.7,55.3,3.75,95,-118,-6.5
2026-09-01 15:52:47.606582,stage3-lowpower,1250,39.0,,,,3233,25.6,55.3,3.75,95,-118,-6.7
2026-09-01 15:52:50.883058,stage3-lowpower,1247,39.0,,,,6379,25.6,55.5,3.75,95,-118,-6.5
2026-09-01 15:52:53.853100,stage3-lowpower,1251,39.0,,,,9525,25.6,56.1,3.75,95,-119,-6.5
2026-09-01 15:52:56.999048,stage3-lowpower,1251,39.0,,,,12671,25.6,56.8,3.75,95,-119,-7.0
2026-09-01 15:53:00.304279,stage3-lowpower,1247,39.0,,,,15846,25.6,57.1,3.75,95,-118,-6.5
2026-09-01 15:53:03.385256,stage3-lowpower,1250,39.0,,,,19021,25.6,57.1,3.75,95,-118,-6.7
2026-09-01 15:56:09.335346,stage4-lowpower-v2,1239,40.0,,,,3050,24.1,73.5,3.8,96,-108,2.7
2026-09-01 15:57:44.055057,stage3-lowpower,1223,41.0,,,,87,24.5,65.0,3.75,96,-119,-6.7
2026-09-01 15:57:47.229656,stage3-lowpower,1241,39.0,,,,3233,24.5,64.6,3.75,96,-119,-7.2
2026-09-01 15:57:50.404262,stage3-lowpower,1243,39.0,,,,6379,24.5,63.1,3.75,96,-119,-7.0
2026-09-01 15:57:53.464578,stage3-lowpower,1241,39.0,,,,9525,24.6,61.9,3.75,96,-119,-7.5
2026-09-01 15:57:56.651080,stage3-lowpower,1241,39.0,,,,12671,24.6,61.2,3.75,96,-119,-6.7
2026-09-01 15:57:59.824915,stage3-lowpower,1245,39.0,,,,15846,24.6,60.8,3.75,96,-119,-6.7
2026-09-01 15:58:03.007021,stage3-lowpower,1241,39.0,,,,19021,24.7,60.4,3.75,96,-118,-6.7
2026-09-01 16:01:08.925290,stage4-lowpower-v2,1240,40.0,,,,3050,24.6,84.9,3.8,97,-108,3.0
2026-09-01 16:02:43.986489,stage3-lowpower,1216,42.0,,,,87,24.1,60.4,3.75,97,-118,-6.5
2026-09-01 16:02:47.160173,stage3-lowpower,1240,40.0,,,,3233,24.2,60.4,3.75,97,-118,-7.0
2026-09-01 16:02:50.334612,stage3-lowpower,1241,39.0,,,,6379,24.2,60.6,3.75,97,-118,-6.2
2026-09-01 16:02:53.508909,stage3-lowpower,1241,39.0,,,,9525,24.1,60.2,3.75,97,-118,-6.2
2026-09-01 16:02:56.580859,stage3-lowpower,1242,39.0,,,,12671,24.1,59.8,3.75,97,-118,-6.0
2026-09-01 16:02:59.736826,stage3-lowpower,1242,39.0,,,,15846,24.1,59.6,3.75,97,-117,-5.0
2026-09-01 16:03:03.032112,stage3-lowpower,1241,39.0,,,,19021,24.1,59.7,3.75,97,-119,-6.5
2026-09-01 16:06:08.991355,stage4-lowpower-v2,1238,40.0,,,,3050,23.8,81.5,3.8,98,-108,2.7
2026-09-01 16:07:43.915376,stage3-lowpower,1222,41.0,,,,87,23.6,64.8,3.75,98,-119,-6.5
2026-09-01 16:07:46.986998,stage3-lowpower,1239,40.0,,,,3233,23.6,65.3,3.75,98,-118,-6.0
2026-09-01 16:07:50.162328,stage3-lowpower,1239,40.0,,,,6379,23.5,65.3,3.75,98,-117,-5.7
2026-09-01 16:07:53.336637,stage3-lowpower,1239,40.0,,,,9525,23.5,66.2,3.75,98,-118,-6.2
2026-09-01 16:07:56.511044,stage3-lowpower,1238,40.0,,,,12671,23.5,65.7,3.75,98,-118,-6.0
2026-09-01 16:07:59.686232,stage3-lowpower,1239,40.0,,,,15846,23.6,64.8,3.75,98,-118,-6.2
2026-09-01 16:08:02.860654,stage3-lowpower,1241,39.0,,,,19021,23.6,64.5,3.75,98,-118,-6.2
2026-09-01 16:11:09.190095,stage4-lowpower-v2,1239,40.0,,,,3051,23.4,82.6,3.8,99,-109,2.5
2026-09-01 16:12:43.948484,stage3-lowpower,1213,42.0,,,,87,23.4,63.3,3.75,99,-118,-6.0
2026-09-01 16:12:47.020589,stage3-lowpower,1236,40.0,,,,3233,23.4,64.3,3.75,99,-118,-6.0
2026-09-01 16:12:50.195110,stage3-lowpower,1235,40.0,,,,6379,23.4,63.3,3.75,99,-119,-7.0
2026-09-01 16:12:53.369731,stage3-lowpower,1235,40.0,,,,9525,23.4,63.8,3.75,99,-119,-6.7
2026-09-01 16:12:56.543054,stage3-lowpower,1237,40.0,,,,12671,23.3,64.9,3.75,99,-119,-7.0
2026-09-01 16:12:59.718246,stage3-lowpower,1239,40.0,,,,15846,23.3,66.2,3.75,99,-119,-7.0
2026-09-01 16:13:02.810215,stage3-lowpower,1236,40.0,,,,19021,23.3,66.4,3.75,99,-119,-7.5
2026-09-01 16:16:09.159105,stage4-lowpower-v2,1237,40.0,,,,3050,23.3,86.9,3.8,100,-108,3.0
2026-09-01 16:17:43.982196,stage3-lowpower,1213,42.0,,,,87,23.0,63.4,3.75,100,-118,-6.2
2026-09-01 16:17:47.053590,stage3-lowpower,1235,40.0,,,,3233,23.0,63.4,3.74,100,-118,-6.2
2026-09-01 16:17:50.227113,stage3-lowpower,1237,40.0,,,,6408,23.0,63.5,3.75,100,-118,-6.0
2026-09-01 16:17:53.402359,stage3-lowpower,1235,40.0,,,,9583,23.0,63.6,3.75,100,-118,-5.7
2026-09-01 16:17:56.576663,stage3-lowpower,1237,40.0,,,,12758,23.0,64.2,3.75,100,-118,-6.0
2026-09-01 16:17:59.750940,stage3-lowpower,1236,40.0,,,,15933,22.9,65.2,3.75,100,-118,-6.2
2026-09-01 16:18:02.833012,stage3-lowpower,1237,40.0,,,,19108,23.0,67.0,3.75,100,-118,-6.7
2026-09-01 16:21:09.097795,stage4-lowpower-v2,1235,40.0,,,,3051,23.3,83.6,3.8,101,-110,1.8
2026-09-01 16:46:07.877667,stage4-lowpower-v2,1225,41.0,,,,3051,21.1,88.2,3.8,106,-108,2.7
2026-09-01 16:47:43.413937,stage3-lowpower,1198,44.0,,,,87,19.0,75.5,3.74,106,-116,-4.2
2026-09-01 16:51:07.954561,stage4-lowpower-v2,1224,41.0,,,,3050,21.5,87.0,3.79,107,-109,2.7
2026-09-01 16:52:43.496793,stage3-lowpower,1193,44.0,,,,87,19.0,72.5,3.74,107,-116,-4.5
2026-09-01 16:52:46.670165,stage3-lowpower,1213,42.0,,,,3233,19.0,72.6,3.74,107,-117,-5.0
2026-09-01 16:52:49.844384,stage3-lowpower,1213,42.0,,,,6408,19.0,72.4,3.74,107,-117,-4.7
2026-09-01 16:52:52.937134,stage3-lowpower,1211,42.0,,,,9583,19.0,72.3,3.74,107,-116,-4.7
2026-09-01 16:52:56.103874,stage3-lowpower,1215,42.0,,,,12758,19.0,72.1,3.74,107,-116,-4.0
2026-09-01 16:52:59.366137,stage3-lowpower,1215,42.0,,,,15933,19.0,72.1,3.74,107,-116,-3.7
2026-09-01 16:53:02.540505,stage3-lowpower,1214,42.0,,,,19108,19.0,72.6,3.74,107,-116,-4.2
2026-09-01 16:56:07.950210,stage4-lowpower-v2,1223,41.0,,,,3051,21.4,88.2,3.79,108,-109,2.5
2026-09-01 16:57:43.231919,stage3-lowpower,1194,44.0,,,,87,19.0,72.8,3.74,108,-116,-4.5
2026-09-01 16:57:46.416961,stage3-lowpower,1211,42.0,,,,3233,19.0,72.5,3.74,108,-116,-4.2
2026-09-01 16:57:49.580360,stage3-lowpower,1212,42.0,,,,6408,19.0,72.1,3.73,108,-117,-4.7
2026-09-01 16:57:52.652908,stage3-lowpower,1213,42.0,,,,9583,19.0,72.2,3.74,108,-117,-5.5
2026-09-01 16:57:55.803900,stage3-lowpower,1211,42.0,,,,12758,19.0,72.2,3.74,108,-116,-4.7
2026-09-01 16:57:59.017812,stage3-lowpower,1213,42.0,,,,15933,19.0,72.3,3.74,108,-116,-4.7
2026-09-01 16:58:02.277460,stage3-lowpower,1211,42.0,,,,19108,19.0,72.5,3.74,108,-117,-5.0
2026-09-01 17:01:08.247798,stage4-lowpower-v2,1225,41.0,,,,3051,21.2,88.6,3.79,109,-108,2.5
2026-09-01 17:02:43.262547,stage3-lowpower,1193,44.0,,,,87,18.8,72.7,3.74,109,-118,-6.5
2026-09-01 17:02:46.437020,stage3-lowpower,1211,42.0,,,,3233,18.8,72.6,3.74,109,-118,-6.2
2026-09-01 17:02:49.610200,stage3-lowpower,1211,42.0,,,,6408,18.8,72.5,3.74,109,-118,-6.7
2026-09-01 17:02:52.709841,stage3-lowpower,1211,42.0,,,,9583,18.8,72.4,3.74,109,-118,-6.5
2026-09-01 17:02:55.959985,stage3-lowpower,1211,42.0,,,,12758,18.8,72.4,3.73,109,-118,-6.5
2026-09-01 17:02:59.088849,stage3-lowpower,1214,42.0,,,,15933,18.8,72.2,3.73,109,-118,-6.7
2026-09-01 17:03:02.309431,stage3-lowpower,1211,42.0,,,,19108,18.8,73.0,3.74,109,-118,-6.2
2026-09-01 17:06:08.245725,stage4-lowpower-v2,1223,41.0,,,,3051,21.0,87.3,3.79,110,-109,2.5
2026-09-01 17:07:43.070545,stage3-lowpower,1195,44.0,,,,87,18.3,73.8,3.73,110,-117,-5.5
2026-09-01 17:07:46.244296,stage3-lowpower,1211,42.0,,,,3233,18.3,73.9,3.73,110,-117,-5.2
2026-09-01 17:07:49.410099,stage3-lowpower,1209,43.0,,,,6408,18.2,74.6,3.74,110,-117,-5.5
2026-09-01 17:07:52.592590,stage3-lowpower,1210,43.0,,,,9583,18.3,74.7,3.73,110,-117,-5.2
2026-09-01 17:07:55.738283,stage3-lowpower,1211,42.0,,,,12758,18.3,74.5,3.74,110,-117,-5.2
2026-09-01 17:07:58.941424,stage3-lowpower,1211,42.0,,,,15933,18.3,74.0,3.73,110,-117,-5.5
2026-09-01 17:08:02.116214,stage3-lowpower,1212,42.0,,,,19108,18.3,73.9,3.74,110,-118,-5.7
2026-09-01 17:11:07.984634,stage4-lowpower-v2,1223,41.0,,,,3051,20.7,88.7,3.79,111,-109,2.2
2026-09-01 17:12:43.217623,stage3-lowpower,1195,44.0,,,,87,17.9,76.8,3.73,111,-117,-5.5
2026-09-01 17:12:46.393727,stage3-lowpower,1209,43.0,,,,3233,17.9,76.7,3.74,111,-117,-5.5
2026-09-01 17:12:49.552659,stage3-lowpower,1213,42.0,,,,6408,17.9,76.7,3.73,111,-117,-5.7
2026-09-01 17:12:52.740399,stage3-lowpower,1210,43.0,,,,9583,17.9,77.2,3.74,111,-118,-5.7
2026-09-01 17:12:55.884699,stage3-lowpower,1209,43.0,,,,12758,17.9,78.0,3.74,111,-118,-6.0
2026-09-01 17:12:59.089352,stage3-lowpower,1213,42.0,,,,15933,17.9,78.0,3.73,111,-117,-5.7
2026-09-01 17:13:02.265538,stage3-lowpower,1211,42.0,,,,19108,17.9,77.7,3.74,111,-117,-5.5
2026-09-01 17:16:07.719860,stage4-lowpower-v2,1216,42.0,,,,3051,20.5,89.2,3.79,112,-108,2.2
2026-09-01 17:17:43.140761,stage3-lowpower,1191,45.0,,,,87,17.9,79.3,3.73,112,-118,-6.0
2026-09-01 17:17:46.270156,stage3-lowpower,1208,43.0,,,,3233,17.8,79.2,3.73,112,-118,-6.0
2026-09-01 17:17:49.488840,stage3-lowpower,1210,43.0,,,,6408,17.8,79.2,3.73,112,-118,-6.2
2026-09-01 17:17:52.661877,stage3-lowpower,1211,42.0,,,,9583,17.8,79.1,3.73,112,-117,-5.7
2026-09-01 17:17:55.836803,stage3-lowpower,1211,42.0,,,,12758,17.8,79.4,3.73,112,-118,-6.0
2026-09-01 17:17:58.983919,stage3-lowpower,1209,43.0,,,,15933,17.8,79.4,3.73,112,-118,-6.2
2026-09-01 17:18:02.150154,stage3-lowpower,1210,43.0,,,,19108,17.8,79.6,3.74,112,-117,-5.7
2026-09-01 17:21:07.826497,stage4-lowpower-v2,1222,41.0,,,,3051,20.4,89.8,3.79,113,-109,2.2
2026-09-01 17:22:43.258497,stage3-lowpower,1194,44.0,,,,87,17.5,80.8,3.74,113,-118,-5.7
2026-09-01 17:22:46.433176,stage3-lowpower,1211,42.0,,,,3233,17.5,81.3,3.73,113,-118,-6.0
2026-09-01 17:22:49.606211,stage3-lowpower,1211,42.0,,,,6408,17.4,81.3,3.74,113,-118,-5.7
2026-09-01 17:22:52.715612,stage3-lowpower,1210,43.0,,,,9583,17.5,81.5,3.73,113,-118,-5.7
2026-09-01 17:22:55.956222,stage3-lowpower,1208,43.0,,,,12758,17.5,81.4,3.73,113,-118,-6.0
2026-09-01 17:22:59.129511,stage3-lowpower,1208,43.0,,,,15933,17.5,81.5,3.74,113,-118,-6.0
2026-09-01 17:23:02.212778,stage3-lowpower,1211,42.0,,,,19108,17.5,81.3,3.73,113,-118,-6.5
2026-09-01 17:26:07.620121,stage4-lowpower-v2,1222,41.0,,,,3050,20.3,89.3,3.79,114,-109,2.0
2026-09-01 17:27:43.206552,stage3-lowpower,1193,44.0,,,,87,17.3,80.9,3.73,114,-117,-5.2
2026-09-01 17:27:46.381331,stage3-lowpower,1209,43.0,,,,3233,17.4,80.9,3.73,114,-117,-5.7
2026-09-01 17:27:49.556155,stage3-lowpower,1211,42.0,,,,6408,17.4,80.9,3.74,114,-117,-5.5
2026-09-01 17:27:52.730145,stage3-lowpower,1211,42.0,,,,9583,17.3,80.8,3.74,114,-117,-5.7
2026-09-01 17:27:55.877349,stage3-lowpower,1209,43.0,,,,12758,17.4,80.5,3.73,114,-117,-6.0
2026-09-01 17:27:59.042213,stage3-lowpower,1210,43.0,,,,15933,17.4,80.3,3.74,114,-118,-5.7
2026-09-01 17:28:02.255506,stage3-lowpower,1211,42.0,,,,19108,17.4,80.3,3.74,114,-118,-6.0
2026-09-01 17:31:07.630524,stage4-lowpower-v2,1222,41.0,,,,3051,19.5,89.0,3.8,115,-109,2.0
2026-09-01 17:32:43.356476,stage3-lowpower,1192,45.0,,,,87,17.5,78.3,3.73,115,-117,-5.2
2026-09-01 17:32:46.530114,stage3-lowpower,1208,43.0,,,,3233,17.5,78.6,3.73,115,-117,-5.5
2026-09-01 17:32:49.705594,stage3-lowpower,1209,43.0,,,,6408,17.4,78.2,3.74,115,-117,-5.0
2026-09-01 17:32:52.776998,stage3-lowpower,1209,43.0,,,,9583,17.4,78.4,3.73,115,-117,-5.0
2026-09-01 17:32:55.925691,stage3-lowpower,1209,43.0,,,,12758,17.4,78.4,3.74,115,-117,-5.0
2026-09-01 17:32:59.225248,stage3-lowpower,1210,43.0,,,,15933,17.4,78.6,3.74,115,-116,-5.0
2026-09-01 17:33:02.402256,stage3-lowpower,1211,42.0,,,,19108,17.4,78.6,3.74,115,-117,-5.5
2026-09-01 17:36:07.715856,stage4-lowpower-v2,1221,41.0,,,,3051,20.0,88.8,3.79,116,-109,1.8
2026-09-01 17:37:43.389187,stage3-lowpower,1189,45.0,,,,87,17.6,77.1,3.73,116,-117,-5.0
2026-09-01 17:37:46.559998,stage3-lowpower,1207,43.0,,,,3233,17.6,76.8,3.73,116,-118,-5.7
2026-09-01 17:37:49.839846,stage3-lowpower,1208,43.0,,,,6408,17.6,76.8,3.73,116,-117,-5.7
2026-09-01 17:37:53.014018,stage3-lowpower,1209,43.0,,,,9583,17.5,76.6,3.73,116,-117,-5.7
2026-09-01 17:37:56.086142,stage3-lowpower,1209,43.0,,,,12758,17.5,76.5,3.73,116,-118,-6.0
2026-09-01 17:37:59.262135,stage3-lowpower,1208,43.0,,,,15933,17.5,76.5,3.73,116,-117,-5.5
2026-09-01 17:38:02.399625,stage3-lowpower,1209,43.0,,,,19108,17.5,76.3,3.73,116,-117,-5.2
2026-09-01 17:41:07.693208,stage4-lowpower-v2,1215,42.0,,,,3051,20.1,89.8,3.79,117,-110,1.8
2026-09-01 17:42:43.622267,stage3-lowpower,1191,45.0,,,,87,17.5,75.5,3.73,117,-117,-5.0
2026-09-01 17:42:46.796155,stage3-lowpower,1207,43.0,,,,3233,17.5,75.6,3.73,117,-117,-5.2
2026-09-01 17:42:49.851860,stage3-lowpower,1210,43.0,,,,6408,17.5,75.9,3.73,117,-117,-5.5
2026-09-01 17:42:53.146072,stage3-lowpower,1209,43.0,,,,9583,17.5,76.4,3.73,117,-117,-5.5
2026-09-01 17:42:56.320457,stage3-lowpower,1207,43.0,,,,12758,17.5,76.6,3.73,117,-116,-4.5
2026-09-01 17:42:59.494122,stage3-lowpower,1208,43.0,,,,15933,17.5,76.4,3.73,117,-117,-5.2
2026-09-01 17:43:02.566206,stage3-lowpower,1209,43.0,,,,19108,17.5,76.7,3.73,117,-117,-6.0
2026-09-01 17:46:07.472237,stage4-lowpower-v2,1215,42.0,,,,3051,20.0,89.1,3.79,118,-110,1.8
2026-09-01 17:47:43.558530,stage3-lowpower,1191,45.0,,,,87,17.5,75.2,3.73,118,-117,-4.7
2026-09-01 17:47:46.731797,stage3-lowpower,1209,43.0,,,,3233,17.5,75.2,3.73,118,-117,-4.7
2026-09-01 17:47:49.886219,stage3-lowpower,1207,43.0,,,,6408,17.5,75.0,3.73,118,-117,-5.0
2026-09-01 17:47:53.081421,stage3-lowpower,1207,43.0,,,,9583,17.5,75.2,3.73,118,-116,-4.5
2026-09-01 17:47:56.254227,stage3-lowpower,1208,43.0,,,,12758,17.5,76.0,3.73,118,-116,-4.7
2026-09-01 17:47:59.430140,stage3-lowpower,1207,43.0,,,,15933,17.5,76.2,3.73,118,-116,-4.2
2026-09-01 17:48:02.549237,stage3-lowpower,1209,43.0,,,,19108,17.5,75.9,3.73,118,-116,-4.7
2026-09-01 17:51:07.506499,stage4-lowpower-v2,1214,42.0,,,,3051,20.0,88.8,3.79,119,-109,2.0
2026-09-01 17:52:43.591979,stage3-lowpower,1188,45.0,,,,87,16.7,80.0,3.72,119,-118,-5.7
2026-09-01 17:52:46.765459,stage3-lowpower,1207,43.0,,,,3233,16.7,79.5,3.73,119,-117,-5.5
2026-09-01 17:52:49.823649,stage3-lowpower,1205,43.0,,,,6408,16.8,79.1,3.73,119,-117,-5.7
2026-09-01 17:52:53.011674,stage3-lowpower,1206,43.0,,,,9583,16.8,78.8,3.73,119,-117,-5.2
2026-09-01 17:52:56.289322,stage3-lowpower,1207,43.0,,,,12758,16.8,78.8,3.73,119,-117,-5.7
2026-09-01 17:52:59.459693,stage3-lowpower,1206,43.0,,,,15933,16.8,78.8,3.73,119,-117,-5.7
2026-09-01 17:53:02.637817,stage3-lowpower,1206,43.0,,,,19108,16.8,79.2,3.73,119,-118,-6.5
2026-09-01 17:56:07.538521,stage4-lowpower-v2,1215,42.0,,,,3050,19.9,89.6,3.79,120,-109,2.5
2026-09-01 17:57:43.518499,stage3-lowpower,1189,45.0,,,,87,17.0,77.9,3.72,120,-117,-5.7
2026-09-01 17:57:46.693708,stage3-lowpower,1208,43.0,,,,3233,17.0,78.3,3.72,120,-118,-5.7
2026-09-01 17:57:49.765990,stage3-lowpower,1209,43.0,,,,6408,17.0,78.4,3.73,120,-118,-5.5
2026-09-01 17:57:52.939476,stage3-lowpower,1207,43.0,,,,9583,17.0,79.2,3.73,120,-117,-5.5
2026-09-01 17:57:56.113752,stage3-lowpower,1207,43.0,,,,12758,17.0,79.5,3.73,120,-118,-6.0
2026-09-01 17:57:59.288074,stage3-lowpower,1207,43.0,,,,15933,17.0,79.2,3.73,120,-118,-5.5
2026-09-01 17:58:02.466258,stage3-lowpower,1209,43.0,,,,19108,17.0,78.8,3.73,120,-117,-5.5
2026-09-01 18:01:07.566471,stage4-lowpower-v2,1215,42.0,,,,3051,20.0,89.9,3.79,121,-109,2.0
2026-09-01 18:02:43.650474,stage3-lowpower,1191,45.0,,,,87,17.1,78.3,3.73,121,-117,-5.5
2026-09-01 18:02:46.823754,stage3-lowpower,1206,43.0,,,,3233,17.1,78.4,3.73,121,-119,-6.7
2026-09-01 18:02:49.884069,stage3-lowpower,1207,43.0,,,,6408,17.1,78.4,3.74,121,-118,-6.7
2026-09-01 18:02:53.070137,stage3-lowpower,1206,43.0,,,,9583,17.1,78.9,3.73,121,-118,-6.0
2026-09-01 18:02:56.244448,stage3-lowpower,1206,43.0,,,,12758,17.1,79.2,3.73,121,-117,-5.0
2026-09-01 18:02:59.521164,stage3-lowpower,1208,43.0,,,,15933,17.1,79.0,3.73,121,-117,-5.2
2026-09-01 18:03:02.695503,stage3-lowpower,1207,43.0,,,,19108,17.1,78.7,3.72,121,-118,-5.7
2026-09-01 18:06:07.642533,stage4-lowpower-v2,1214,42.0,,,,3051,20.2,90.2,3.79,122,-109,2.2
2026-09-01 18:07:43.518197,stage3-lowpower,1191,45.0,,,,87,17.2,77.1,3.72,122,-117,-5.2
2026-09-01 18:07:46.749274,stage3-lowpower,1207,43.0,,,,3233,17.2,76.9,3.73,122,-117,-5.2
2026-09-01 18:07:49.901945,stage3-lowpower,1208,43.0,,,,6408,17.2,76.8,3.73,122,-118,-6.0
2026-09-01 18:07:53.097204,stage3-lowpower,1207,43.0,,,,9583,17.2,76.7,3.73,122,-117,-5.7
2026-09-01 18:07:56.271529,stage3-lowpower,1207,43.0,,,,12758,17.2,76.6,3.73,122,-117,-5.5
2026-09-01 18:07:59.443125,stage3-lowpower,1207,43.0,,,,15933,17.2,77.1,3.72,122,-118,-6.0
2026-09-01 18:08:02.620480,stage3-lowpower,1206,43.0,,,,19108,17.1,77.4,3.73,122,-117,-5.7
2026-09-01 18:11:07.530060,stage4-lowpower-v2,1215,42.0,,,,3051,20.1,90.1,3.79,123,-109,2.0
2026-09-01 18:12:43.805887,stage3-lowpower,1187,45.0,,,,87,17.1,77.4,3.73,123,-117,-5.7
2026-09-01 18:12:46.980581,stage3-lowpower,1207,43.0,,,,3233,17.1,77.4,3.73,123,-118,-6.0
2026-09-01 18:12:50.053040,stage3-lowpower,1207,43.0,,,,6408,17.1,77.8,3.73,123,-118,-5.7
2026-09-01 18:12:53.226059,stage3-lowpower,1205,43.0,,,,9583,17.1,78.0,3.72,123,-118,-5.7
2026-09-01 18:12:56.401305,stage3-lowpower,1208,43.0,,,,12758,17.0,78.1,3.73,123,-117,-5.5
2026-09-01 18:12:59.535549,stage3-lowpower,1208,43.0,,,,15933,17.1,78.1,3.73,123,-118,-6.2
2026-09-01 18:13:02.851699,stage3-lowpower,1208,43.0,,,,19108,17.1,78.2,3.73,123,-118,-5.7
2026-09-01 18:16:07.648521,stage4-lowpower-v2,1215,42.0,,,,3050,20.0,89.9,3.79,124,-109,1.8
2026-09-01 18:17:43.738189,stage3-lowpower,1189,45.0,,,,87,16.5,80.4,3.73,124,-117,-5.7
2026-09-01 18:17:46.912964,stage3-lowpower,1206,43.0,,,,3233,16.5,80.6,3.73,124,-118,-5.7
2026-09-01 18:17:50.087608,stage3-lowpower,1205,43.0,,,,6408,16.5,80.5,3.73,124,-118,-6.0
2026-09-01 18:17:53.261559,stage3-lowpower,1206,43.0,,,,9583,16.5,80.2,3.73,124,-117,-5.7
2026-09-01 18:17:56.351478,stage3-lowpower,1207,43.0,,,,12758,16.5,80.1,3.73,124,-118,-6.2
2026-09-01 18:17:59.611176,stage3-lowpower,1209,43.0,,,,15933,16.5,80.2,3.73,124,-117,-6.0
2026-09-01 18:18:02.785368,stage3-lowpower,1208,43.0,,,,19108,16.5,80.2,3.73,124,-118,-6.2
2026-09-01 18:21:07.441607,stage4-lowpower-v2,1215,42.0,,,,3051,19.8,89.0,3.79,125,-109,1.8
2026-09-01 18:22:43.681702,stage3-lowpower,1189,45.0,,,,87,16.7,80.5,3.72,125,-117,-5.7
2026-09-01 18:22:46.855793,stage3-lowpower,1205,43.0,,,,3233,16.7,80.6,3.73,125,-117,-5.5
2026-09-01 18:22:50.035865,stage3-lowpower,1205,43.0,,,,6408,16.7,80.9,3.73,125,-117,-6.0
2026-09-01 18:22:53.207253,stage3-lowpower,1206,43.0,,,,9583,16.7,81.1,3.73,125,-117,-6.0
2026-09-01 18:22:56.379961,stage3-lowpower,1207,43.0,,,,12758,16.7,81.4,3.73,125,-117,-5.5
2026-09-01 18:22:59.555303,stage3-lowpower,1205,43.0,,,,15933,16.7,81.5,3.73,125,-118,-6.2
2026-09-01 18:23:02.729573,stage3-lowpower,1209,43.0,,,,19108,16.7,81.3,3.73,125,-117,-6.0
2026-09-01 18:26:07.574526,stage4-lowpower-v2,1215,42.0,,,,3051,19.9,90.0,3.79,126,-109,2.0
2026-09-01 18:31:07.706557,stage4-lowpower-v2,1215,42.0,,,,3051,20.0,89.3,3.79,127,-109,1.5
2026-09-01 18:33:31.403480,stage3-lowpower,1189,45.0,,,,87,16.8,79.8,3.71,127,-117,-5.7
2026-09-01 18:33:31.452499,stage3-lowpower,1205,43.0,,,,3233,16.7,79.8,3.72,127,-117,-6.0
2026-09-01 18:33:31.463741,stage3-lowpower,1206,43.0,,,,6408,16.7,80.0,3.73,127,-117,-5.5
2026-09-01 18:33:31.474113,stage3-lowpower,1205,43.0,,,,9583,16.7,80.4,3.72,127,-117,-5.5
2026-09-01 18:33:31.484782,stage3-lowpower,1207,43.0,,,,12758,16.7,80.6,3.72,127,-117,-5.7
2026-09-01 18:33:31.497698,stage3-lowpower,1207,43.0,,,,15933,16.7,80.6,3.73,127,-117,-6.0
2026-09-01 18:33:31.508140,stage3-lowpower,1209,43.0,,,,19108,16.8,80.4,3.72,127,-118,-6.0
2026-09-01 18:36:07.838424,stage4-lowpower-v2,1215,42.0,,,,3051,19.9,89.9,3.79,128,-109,2.0
2026-09-01 18:37:44.198494,stage3-lowpower,1189,45.0,,,,87,16.3,80.6,3.73,128,-117,-5.2
2026-09-01 18:37:47.370177,stage3-lowpower,1207,43.0,,,,3233,16.3,80.8,3.73,128,-117,-5.5
2026-09-01 18:37:50.546181,stage3-lowpower,1205,43.0,,,,6408,16.4,81.2,3.73,128,-117,-5.5
2026-09-01 18:37:53.719597,stage3-lowpower,1207,43.0,,,,9583,16.4,81.1,3.71,128,-117,-5.2
2026-09-01 18:37:56.893673,stage3-lowpower,1209,43.0,,,,12758,16.4,81.4,3.72,128,-117,-5.5
2026-09-01 18:38:00.067928,stage3-lowpower,1210,43.0,,,,15933,16.4,81.6,3.73,128,-117,-5.5
2026-09-01 18:38:03.189892,stage3-lowpower,1211,42.0,,,,19108,16.4,81.7,3.73,128,-117,-5.5
2026-09-01 18:41:07.974510,stage4-lowpower-v2,1215,42.0,,,,3051,19.9,88.8,3.79,129,-109,2.2
2026-09-01 18:43:00.098540,stage3-lowpower,1191,45.0,,,,87,16.3,81.1,3.71,129,-117,-5.5
2026-09-01 18:43:00.361878,stage3-lowpower,1207,43.0,,,,3233,16.3,80.9,3.72,129,-117,-5.2
2026-09-01 18:43:00.373165,stage3-lowpower,1205,43.0,,,,6408,16.3,81.0,3.73,129,-118,-6.0
2026-09-01 18:43:00.383704,stage3-lowpower,1208,43.0,,,,9583,16.3,81.1,3.73,129,-117,-5.7
2026-09-01 18:43:00.394459,stage3-lowpower,1208,43.0,,,,12758,16.3,81.0,3.73,129,-117,-5.5
2026-09-01 18:43:00.405282,stage3-lowpower,1207,43.0,,,,15933,16.3,80.9,3.73,129,-117,-6.0
2026-09-01 18:43:03.376399,stage3-lowpower,1207,43.0,,,,19108,16.3,80.9,3.72,129,-118,-6.2
2026-09-01 18:46:08.168506,stage4-lowpower-v2,1213,42.0,,,,3051,19.9,89.8,3.79,130,-109,1.5
2026-09-01 18:47:44.209778,stage3-lowpower,1190,45.0,,,,87,16.2,80.7,3.72,130,-118,-6.5
2026-09-01 18:47:47.431488,stage3-lowpower,1208,43.0,,,,3233,16.2,80.9,3.72,130,-117,-5.7
2026-09-01 18:47:50.606188,stage3-lowpower,1209,43.0,,,,6408,16.2,80.9,3.72,130,-117,-5.7
2026-09-01 18:47:53.780157,stage3-lowpower,1205,43.0,,,,9583,16.2,81.0,3.71,130,-117,-5.7
2026-09-01 18:47:56.955254,stage3-lowpower,1207,43.0,,,,12758,16.3,80.8,3.73,130,-117,-5.5
2026-09-01 18:48:00.083360,stage3-lowpower,1207,43.0,,,,15933,16.3,80.6,3.72,130,-117,-5.7
2026-09-01 18:48:03.303214,stage3-lowpower,1208,43.0,,,,19108,16.3,80.6,3.72,130,-117,-6.0
2026-09-01 18:51:08.210489,stage4-lowpower-v2,1215,42.0,,,,3051,19.7,89.8,3.79,131,-109,1.8
2026-09-01 18:52:44.334511,stage3-lowpower,1191,45.0,,,,87,16.2,80.8,3.72,131,-117,-5.7
2026-09-01 18:52:47.370229,stage3-lowpower,1206,43.0,,,,3233,16.2,80.9,3.72,131,-117,-5.5
2026-09-01 18:52:50.582230,stage3-lowpower,1205,43.0,,,,6408,16.2,81.2,3.71,131,-118,-6.5
2026-09-01 18:52:53.749624,stage3-lowpower,1207,43.0,,,,9583,16.2,81.4,3.72,131,-118,-6.0
2026-09-01 18:52:56.992773,stage3-lowpower,1205,43.0,,,,12758,16.2,81.7,3.72,131,-118,-5.5
2026-09-01 18:53:00.166055,stage3-lowpower,1204,43.0,,,,15933,16.2,81.9,3.72,131,-118,-5.7
2026-09-01 18:53:03.342085,stage3-lowpower,1209,43.0,,,,19108,16.2,81.9,3.72,131,-117,-5.7
2026-09-01 18:56:08.362533,stage4-lowpower-v2,1215,42.0,,,,3051,19.5,89.5,3.79,132,-109,1.5
2026-09-01 18:57:44.538515,stage3-lowpower,1187,45.0,,,,87,16.3,80.5,3.71,132,-118,-6.0
2026-09-01 18:57:47.619827,stage3-lowpower,1204,43.0,,,,3233,16.3,80.7,3.73,132,-118,-6.0
2026-09-01 18:57:50.786223,stage3-lowpower,1203,43.0,,,,6408,16.3,80.2,3.71,132,-118,-6.2
2026-09-01 18:57:54.062183,stage3-lowpower,1207,43.0,,,,9583,16.3,80.2,3.72,132,-118,-6.0
2026-09-01 18:57:57.236817,stage3-lowpower,1208,43.0,,,,12758,16.3,80.5,3.72,132,-118,-6.0
2026-09-01 18:58:00.410171,stage3-lowpower,1209,43.0,,,,15933,16.3,80.8,3.73,132,-118,-6.2
2026-09-01 18:58:03.585588,stage3-lowpower,1208,43.0,,,,19108,16.3,81.3,3.72,132,-118,-6.0
2026-09-01 19:01:08.606518,stage4-lowpower-v2,1215,42.0,,,,3051,19.6,89.9,3.79,133,-109,2.0
2026-09-01 19:02:44.473296,stage3-lowpower,1187,45.0,,,,87,16.8,78.1,3.72,133,-118,-5.7
2026-09-01 19:02:47.659774,stage3-lowpower,1205,43.0,,,,3233,16.8,77.9,3.71,133,-118,-6.0
2026-09-01 19:02:50.925037,stage3-lowpower,1206,43.0,,,,6408,16.8,77.7,3.71,133,-117,-5.5
2026-09-01 19:02:54.098153,stage3-lowpower,1209,43.0,,,,9583,16.8,77.6,3.72,133,-118,-6.0
2026-09-01 19:02:57.158174,stage3-lowpower,1208,43.0,,,,12758,16.8,77.5,3.72,133,-118,-5.7
2026-09-01 19:03:00.344830,stage3-lowpower,1208,43.0,,,,15933,16.8,77.6,3.72,133,-118,-6.0
2026-09-01 19:03:03.622205,stage3-lowpower,1205,43.0,,,,19108,16.8,78.0,3.73,133,-118,-5.7
2026-09-01 19:06:08.842535,stage4-lowpower-v2,1215,42.0,,,,3051,19.8,89.5,3.79,134,-110,1.8
2026-09-01 19:07:44.624438,stage3-lowpower,1187,45.0,,,,87,16.4,81.4,3.72,134,-117,-5.2
2026-09-01 19:07:47.768502,stage3-lowpower,1207,43.0,,,,3233,16.4,81.6,3.72,134,-117,-5.5
2026-09-01 19:07:50.870233,stage3-lowpower,1207,43.0,,,,6408,16.4,81.5,3.72,134,-117,-5.2
2026-09-01 19:07:54.060811,stage3-lowpower,1207,43.0,,,,9583,16.4,81.3,3.72,134,-117,-5.5
2026-09-01 19:07:57.308049,stage3-lowpower,1207,43.0,,,,12758,16.4,81.5,3.73,134,-117,-5.5
2026-09-01 19:08:00.483804,stage3-lowpower,1208,43.0,,,,15933,16.4,81.3,3.72,134,-117,-5.5
2026-09-01 19:08:03.658190,stage3-lowpower,1208,43.0,,,,19108,16.4,81.6,3.72,134,-117,-5.0
2026-09-01 19:11:08.872951,stage4-lowpower-v2,1215,42.0,,,,3051,19.4,89.2,3.79,135,-110,1.8
2026-09-01 19:12:44.466205,stage3-lowpower,1190,45.0,,,,87,16.1,82.2,3.71,135,-117,-5.7
2026-09-01 19:12:47.617428,stage3-lowpower,1207,43.0,,,,3233,16.1,82.2,3.72,135,-117,-5.0
2026-09-01 19:12:50.789883,stage3-lowpower,1204,43.0,,,,6408,16.1,82.1,3.72,135,-117,-5.5
2026-09-01 19:12:53.967237,stage3-lowpower,1207,43.0,,,,9583,16.1,81.9,3.72,135,-117,-5.0
2026-09-01 19:12:57.240640,stage3-lowpower,1209,43.0,,,,12758,16.1,82.1,3.73,135,-117,-5.2
2026-09-01 19:13:00.414183,stage3-lowpower,1208,43.0,,,,15933,16.1,82.3,3.72,135,-117,-5.2
2026-09-01 19:13:03.589477,stage3-lowpower,1206,43.0,,,,19108,16.1,82.4,3.72,135,-117,-5.0
2026-09-01 19:16:09.045451,stage4-lowpower-v2,1215,42.0,,,,3051,19.7,89.7,3.79,136,-110,1.8
2026-09-01 19:17:44.782423,stage3-lowpower,1189,45.0,,,,87,16.2,82.8,3.71,136,-117,-5.0
2026-09-01 19:17:47.944000,stage3-lowpower,1206,43.0,,,,3233,16.2,82.9,3.72,136,-117,-5.5
2026-09-01 19:17:51.011327,stage3-lowpower,1207,43.0,,,,6408,16.1,82.8,3.72,136,-117,-5.2
2026-09-01 19:17:54.198150,stage3-lowpower,1207,43.0,,,,9583,16.2,82.8,3.72,136,-117,-5.0
2026-09-01 19:17:57.373624,stage3-lowpower,1206,43.0,,,,12758,16.1,82.8,3.72,136,-117,-5.2
2026-09-01 19:18:00.650228,stage3-lowpower,1207,43.0,,,,15933,16.1,82.7,3.73,136,-117,-5.0
2026-09-01 19:18:03.824574,stage3-lowpower,1207,43.0,,,,19108,16.1,82.5,3.73,136,-117,-5.0
2026-09-01 19:21:09.077744,stage4-lowpower-v2,1215,42.0,,,,3051,19.7,89.7,3.79,137,-110,2.2
2026-09-01 19:22:44.708412,stage3-lowpower,1189,45.0,,,,87,16.1,83.4,3.72,137,-117,-5.7
2026-09-01 19:22:47.985683,stage3-lowpower,1205,43.0,,,,3233,16.1,83.3,3.72,137,-118,-6.0
2026-09-01 19:22:51.089683,stage3-lowpower,1207,43.0,,,,6408,16.1,83.3,3.72,137,-118,-6.0
2026-09-01 19:22:54.202349,stage3-lowpower,1206,43.0,,,,9583,16.1,83.3,3.72,137,-117,-5.2
2026-09-01 19:22:57.371583,stage3-lowpower,1207,43.0,,,,12758,16.1,83.4,3.72,137,-117,-5.7
2026-09-01 19:23:00.580362,stage3-lowpower,1207,43.0,,,,15933,16.1,83.4,3.72,137,-117,-5.5
2026-09-01 19:23:03.699750,stage3-lowpower,1208,43.0,,,,19108,16.1,83.3,3.72,137,-118,-6.2
2026-09-01 19:26:09.104866,stage4-lowpower-v2,1215,42.0,,,,3051,19.4,89.2,3.79,138,-109,1.8
2026-09-01 19:27:44.846522,stage3-lowpower,1187,45.0,,,,87,16.0,82.8,3.71,138,-118,-5.2
2026-09-01 19:27:48.021511,stage3-lowpower,1204,43.0,,,,3233,16.0,83.0,3.72,138,-117,-5.2
2026-09-01 19:27:51.119806,stage3-lowpower,1207,43.0,,,,6408,16.0,82.9,3.72,138,-117,-5.7
2026-09-01 19:27:54.334033,stage3-lowpower,1205,43.0,,,,9583,16.0,83.1,3.72,138,-117,-5.7
2026-09-01 19:27:57.562238,stage3-lowpower,1206,43.0,,,,12758,16.0,82.9,3.72,138,-118,-6.0
2026-09-01 19:28:00.717630,stage3-lowpower,1207,43.0,,,,15933,16.1,83.3,3.73,138,-117,-5.5
2026-09-01 19:28:03.892043,stage3-lowpower,1205,43.0,,,,19108,16.0,83.2,3.72,138,-117,-5.5
2026-09-01 19:31:09.183649,stage4-lowpower-v2,1215,42.0,,,,3051,19.5,89.8,3.79,139,-109,2.0
2026-09-01 19:32:44.880307,stage3-lowpower,1187,45.0,,,,87,16.0,83.6,3.72,139,-117,-5.5
2026-09-01 19:32:48.054147,stage3-lowpower,1204,43.0,,,,3233,16.0,83.5,3.72,139,-117,-5.5
2026-09-01 19:32:51.199640,stage3-lowpower,1199,44.0,,,,6408,16.0,83.7,3.72,139,-117,-5.5
2026-09-01 19:32:54.412932,stage3-lowpower,1203,43.0,,,,9583,16.0,83.7,3.72,139,-117,-5.5
2026-09-01 19:32:57.663135,stage3-lowpower,1205,43.0,,,,12758,16.1,83.3,3.72,139,-117,-5.5
2026-09-01 19:33:00.833863,stage3-lowpower,1205,43.0,,,,15933,16.0,83.3,3.72,139,-117,-5.5
2026-09-01 19:33:03.926160,stage3-lowpower,1204,43.0,,,,19108,16.1,83.3,3.72,139,-117,-5.2
2026-09-01 19:36:09.216268,stage4-lowpower-v2,1213,42.0,,,,3051,19.5,89.8,3.79,140,-110,2.0
2026-09-01 19:37:44.913581,stage3-lowpower,1187,45.0,,,,87,15.9,84.4,3.71,140,-117,-6.0
2026-09-01 19:37:48.088360,stage3-lowpower,1205,43.0,,,,3233,15.9,84.2,3.72,140,-118,-6.0
2026-09-01 19:37:51.179280,stage3-lowpower,1204,43.0,,,,6408,15.9,84.1,3.72,140,-118,-6.2
2026-09-01 19:37:54.393093,stage3-lowpower,1205,43.0,,,,9583,15.9,84.0,3.71,140,-117,-5.7
2026-09-01 19:37:57.610243,stage3-lowpower,1207,43.0,,,,12758,15.9,83.9,3.73,140,-118,-6.0
2026-09-01 19:38:00.726172,stage3-lowpower,1204,43.0,,,,15933,15.9,84.0,3.71,140,-118,-6.0
2026-09-01 19:38:03.971355,stage3-lowpower,1204,43.0,,,,19108,15.9,84.0,3.72,140,-118,-5.7
2026-09-01 19:41:09.304524,stage4-lowpower-v2,1214,42.0,,,,3051,19.2,90.0,3.79,141,-109,2.0
2026-09-01 19:42:44.844261,stage3-lowpower,1187,45.0,,,,87,15.9,83.7,3.71,141,-118,-5.7
2026-09-01 19:42:48.018094,stage3-lowpower,1207,43.0,,,,3233,15.9,83.8,3.72,141,-117,-5.7
2026-09-01 19:42:51.192936,stage3-lowpower,1205,43.0,,,,6408,15.9,83.9,3.72,141,-118,-6.0
2026-09-01 19:42:54.366075,stage3-lowpower,1203,43.0,,,,9583,15.9,84.1,3.72,141,-118,-6.2
2026-09-01 19:42:57.541564,stage3-lowpower,1203,43.0,,,,12758,15.9,84.0,3.72,141,-118,-6.0
2026-09-01 19:43:00.657555,stage3-lowpower,1203,43.0,,,,15933,15.9,83.9,3.71,141,-117,-6.0
2026-09-01 19:43:03.873398,stage3-lowpower,1203,43.0,,,,19108,15.9,84.1,3.72,141,-118,-6.0
2026-09-01 19:46:09.424620,stage4-lowpower-v2,1213,42.0,,,,3051,19.2,90.3,3.79,142,-109,2.0
2026-09-01 19:47:44.949924,stage3-lowpower,1183,46.0,,,,87,16.0,83.2,3.71,142,-118,-6.2
2026-09-01 19:47:48.155372,stage3-lowpower,1203,43.0,,,,3233,16.0,83.2,3.72,142,-117,-5.5
2026-09-01 19:47:51.330018,stage3-lowpower,1203,43.0,,,,6408,15.9,83.0,3.72,142,-117,-5.7
2026-09-01 19:47:54.502096,stage3-lowpower,1206,43.0,,,,9583,16.0,82.9,3.71,142,-118,-5.7
2026-09-01 19:47:57.620402,stage3-lowpower,1206,43.0,,,,12758,16.0,82.7,3.72,142,-117,-5.7
2026-09-01 19:48:00.852127,stage3-lowpower,1205,43.0,,,,15933,16.0,82.8,3.72,142,-117,-5.5
2026-09-01 19:48:04.000086,stage3-lowpower,1206,43.0,,,,19108,16.0,82.6,3.72,142,-117,-5.7
2026-09-01 19:51:09.454509,stage4-lowpower-v2,1215,42.0,,,,3051,19.3,90.7,3.79,143,-109,2.0
2026-09-01 19:52:45.114518,stage3-lowpower,1187,45.0,,,,87,16.1,82.5,3.71,143,-117,-5.7
2026-09-01 19:52:48.288831,stage3-lowpower,1203,43.0,,,,3233,16.1,82.9,3.72,143,-117,-5.2
2026-09-01 19:52:51.462188,stage3-lowpower,1205,43.0,,,,6408,16.1,83.0,3.71,143,-117,-6.0
2026-09-01 19:52:54.638101,stage3-lowpower,1203,43.0,,,,9583,16.1,83.0,3.71,143,-117,-5.5
2026-09-01 19:52:57.742185,stage3-lowpower,1205,43.0,,,,12758,16.1,82.6,3.72,143,-117,-5.7
2026-09-01 19:53:00.986141,stage3-lowpower,1207,43.0,,,,15933,16.1,82.2,3.71,143,-117,-6.0
2026-09-01 19:53:04.161138,stage3-lowpower,1205,43.0,,,,19108,16.1,81.8,3.72,143,-117,-5.5
2026-09-01 19:56:09.588722,stage4-lowpower-v2,1215,42.0,,,,3051,19.4,90.2,3.79,144,-109,2.0
2026-09-01 19:57:45.046526,stage3-lowpower,1183,46.0,,,,87,16.0,83.3,3.72,144,-118,-5.7
2026-09-01 19:57:48.220082,stage3-lowpower,1199,44.0,,,,3233,16.0,83.4,3.71,144,-117,-5.5
2026-09-01 19:57:51.393118,stage3-lowpower,1203,43.0,,,,6408,16.0,83.5,3.72,144,-118,-6.5
2026-09-01 19:57:54.568255,stage3-lowpower,1204,43.0,,,,9583,16.0,83.5,3.72,144,-118,-6.0
2026-09-01 19:57:57.845090,stage3-lowpower,1200,44.0,,,,12758,16.0,83.3,3.71,144,-118,-5.7
2026-09-01 19:58:00.917477,stage3-lowpower,1205,43.0,,,,15933,16.0,83.2,3.72,144,-118,-6.2
2026-09-01 19:58:04.092001,stage3-lowpower,1203,43.0,,,,19108,16.0,83.3,3.72,144,-118,-6.0
2026-09-01 20:01:09.324350,stage4-lowpower-v2,1215,42.0,,,,3051,19.3,90.1,3.79,145,-109,2.0
2026-09-01 20:02:45.181884,stage3-lowpower,1183,46.0,,,,87,16.0,84.1,3.71,145,-117,-5.5
2026-09-01 20:02:48.354102,stage3-lowpower,1200,44.0,,,,3233,16.0,84.1,3.72,145,-117,-5.5
2026-09-01 20:02:51.534169,stage3-lowpower,1204,43.0,,,,6408,15.9,84.4,3.71,145,-118,-6.2
2026-09-01 20:02:54.704682,stage3-lowpower,1203,43.0,,,,9583,15.9,84.5,3.71,145,-118,-6.0
2026-09-01 20:02:57.878071,stage3-lowpower,1204,43.0,,,,12758,16.0,84.7,3.71,145,-117,-5.5
2026-09-01 20:03:00.950217,stage3-lowpower,1205,43.0,,,,15933,15.9,84.6,3.72,145,-118,-6.0
2026-09-01 20:03:04.227805,stage3-lowpower,1205,43.0,,,,19108,15.9,84.4,3.71,145,-118,-6.0
2026-09-01 20:06:09.374521,stage4-lowpower-v2,1215,42.0,,,,3051,19.3,90.6,3.79,146,-109,2.2
2026-09-01 20:07:45.214517,stage3-lowpower,1183,46.0,,,,87,15.9,84.2,3.71,146,-117,-5.5
2026-09-01 20:07:48.389015,stage3-lowpower,1203,43.0,,,,3233,15.9,84.2,3.71,146,-117,-5.7
2026-09-01 20:07:51.562389,stage3-lowpower,1203,43.0,,,,6408,15.9,84.3,3.72,146,-117,-5.7
2026-09-01 20:07:54.738822,stage3-lowpower,1203,43.0,,,,9583,15.9,84.3,3.72,146,-117,-5.5
2026-09-01 20:07:57.872177,stage3-lowpower,1205,43.0,,,,12758,15.9,84.2,3.72,146,-118,-6.0
2026-09-01 20:08:01.040000,stage3-lowpower,1203,43.0,,,,15933,15.9,84.4,3.72,146,-117,-5.7
2026-09-01 20:08:04.262100,stage3-lowpower,1205,43.0,,,,19108,15.9,84.5,3.71,146,-118,-6.0
2026-09-01 20:11:09.066496,stage4-lowpower-v2,1213,42.0,,,,3051,19.2,90.8,3.79,147,-109,1.8
2026-09-01 20:12:45.050087,stage3-lowpower,1183,46.0,,,,87,16.1,82.2,3.71,147,-117,-5.5
2026-09-01 20:12:48.320000,stage3-lowpower,1200,44.0,,,,3233,16.1,82.0,3.71,147,-118,-5.5
2026-09-01 20:12:51.387845,stage3-lowpower,1199,44.0,,,,6408,16.1,82.1,3.72,147,-118,-6.0
2026-09-01 20:12:54.668381,stage3-lowpower,1204,43.0,,,,9583,16.1,82.1,3.71,147,-117,-5.2
2026-09-01 20:12:57.843170,stage3-lowpower,1203,43.0,,,,12758,16.1,82.1,3.72,147,-117,-5.5
2026-09-01 20:13:01.017130,stage3-lowpower,1204,43.0,,,,15933,16.1,82.1,3.71,147,-118,-5.7
2026-09-01 20:13:04.191336,stage3-lowpower,1203,43.0,,,,19108,16.2,81.8,3.72,147,-118,-5.7
2026-09-01 20:16:09.259360,stage4-lowpower-v2,1214,42.0,,,,3051,19.0,90.6,3.79,148,-110,1.8
2026-09-01 20:17:45.281571,stage3-lowpower,1183,46.0,,,,87,16.2,83.5,3.71,148,-117,-5.5
2026-09-01 20:17:48.454124,stage3-lowpower,1203,43.0,,,,3233,16.2,83.4,3.72,148,-117,-5.5
2026-09-01 20:17:51.571724,stage3-lowpower,1204,43.0,,,,6408,16.1,83.3,3.71,148,-117,-5.5
2026-09-01 20:17:54.804462,stage3-lowpower,1205,43.0,,,,9583,16.1,83.0,3.71,148,-117,-5.2
2026-09-01 20:17:57.978116,stage3-lowpower,1204,43.0,,,,12758,16.0,83.0,3.71,148,-117,-5.0
2026-09-01 20:18:01.152879,stage3-lowpower,1204,43.0,,,,15933,16.0,83.2,3.71,148,-117,-5.7
2026-09-01 20:18:04.327649,stage3-lowpower,1200,44.0,,,,19108,16.1,83.7,3.71,148,-117,-5.7
2026-09-01 20:21:08.957144,stage4-lowpower-v2,1213,42.0,,,,3050,18.9,90.7,3.79,149,-110,1.8
2026-09-01 20:22:45.314422,stage3-lowpower,1181,46.0,,,,87,15.4,85.7,3.71,149,-117,-4.7
2026-09-01 20:22:48.487719,stage3-lowpower,1198,44.0,,,,3233,15.5,85.9,3.71,149,-116,-4.5
2026-09-01 20:22:51.544922,stage3-lowpower,1200,44.0,,,,6408,15.4,85.9,3.71,149,-117,-5.0
2026-09-01 20:22:54.734194,stage3-lowpower,1203,43.0,,,,9583,15.5,85.9,3.72,149,-116,-4.7
2026-09-01 20:22:58.010130,stage3-lowpower,1200,44.0,,,,12758,15.4,85.9,3.71,149,-116,-4.5
2026-09-01 20:23:01.186417,stage3-lowpower,1205,43.0,,,,15933,15.4,86.0,3.71,149,-116,-4.5
2026-09-01 20:23:04.257711,stage3-lowpower,1199,44.0,,,,19108,15.4,86.1,3.72,149,-117,-5.0
2026-09-01 20:26:09.093715,stage4-lowpower-v2,1212,42.0,,,,3050,18.8,90.7,3.79,150,-110,2.0
2026-09-01 20:27:45.244012,stage3-lowpower,1182,46.0,,,,87,15.2,87.0,3.71,150,-116,-4.7
2026-09-01 20:27:48.419277,stage3-lowpower,1199,44.0,,,,3233,15.2,87.2,3.71,150,-117,-5.0
2026-09-01 20:27:51.515274,stage3-lowpower,1199,44.0,,,,6408,15.2,87.4,3.71,150,-117,-5.5
2026-09-01 20:27:54.766207,stage3-lowpower,1199,44.0,,,,9583,15.3,87.3,3.72,150,-117,-5.2
2026-09-01 20:27:57.942132,stage3-lowpower,1197,44.0,,,,12758,15.3,87.4,3.71,150,-117,-5.0
2026-09-01 20:28:01.115895,stage3-lowpower,1199,44.0,,,,15933,15.3,87.2,3.71,150,-117,-5.2
2026-09-01 20:28:04.223767,stage3-lowpower,1199,44.0,,,,19108,15.3,87.1,3.72,150,-117,-5.0
2026-09-01 20:31:09.084624,stage4-lowpower-v2,1214,42.0,,,,3051,18.9,91.0,3.79,151,-110,1.8
2026-09-01 20:32:45.076091,stage3-lowpower,1181,46.0,,,,87,15.5,85.8,3.71,151,-117,-5.5
2026-09-01 20:32:48.349526,stage3-lowpower,1199,44.0,,,,3233,15.4,85.8,3.71,151,-117,-5.0
2026-09-01 20:32:51.525128,stage3-lowpower,1202,43.0,,,,6408,15.4,85.8,3.71,151,-117,-5.7
2026-09-01 20:32:54.597567,stage3-lowpower,1199,44.0,,,,9583,15.4,85.8,3.72,151,-117,-5.5
2026-09-01 20:32:57.770286,stage3-lowpower,1203,43.0,,,,12758,15.4,85.8,3.71,151,-118,-5.7
2026-09-01 20:33:00.944837,stage3-lowpower,1200,44.0,,,,15933,15.4,85.9,3.71,151,-118,-6.0
2026-09-01 20:33:04.123803,stage3-lowpower,1203,43.0,,,,19108,15.5,85.7,3.71,151,-118,-6.2
2026-09-01 20:36:09.200858,stage4-lowpower-v2,1214,42.0,,,,3050,18.8,90.9,3.79,152,-110,1.0
2026-09-01 20:37:45.207858,stage3-lowpower,1181,46.0,,,,87,15.4,85.7,3.71,152,-117,-5.0
2026-09-01 20:37:48.378457,stage3-lowpower,1199,44.0,,,,3233,15.4,85.6,3.71,152,-117,-5.0
2026-09-01 20:37:51.555424,stage3-lowpower,1198,44.0,,,,6408,15.4,85.4,3.71,152,-117,-5.2
2026-09-01 20:37:54.832188,stage3-lowpower,1199,44.0,,,,9583,15.4,85.7,3.72,152,-117,-5.2
2026-09-01 20:37:57.904115,stage3-lowpower,1199,44.0,,,,12758,15.4,85.8,3.71,152,-117,-5.0
2026-09-01 20:38:01.078246,stage3-lowpower,1203,43.0,,,,15933,15.4,85.8,3.71,152,-117,-5.0
2026-09-01 20:38:04.252829,stage3-lowpower,1199,44.0,,,,19108,15.4,86.0,3.71,152,-117,-5.0
2026-09-01 20:41:09.290474,stage4-lowpower-v2,1214,42.0,,,,3050,18.8,90.9,3.79,153,-109,1.8
2026-09-01 20:42:45.239692,stage3-lowpower,1180,46.0,,,,87,15.2,86.8,3.71,153,-117,-5.2
2026-09-01 20:42:48.413147,stage3-lowpower,1197,44.0,,,,3233,15.2,86.8,3.71,153,-117,-5.2
2026-09-01 20:42:51.584685,stage3-lowpower,1199,44.0,,,,6408,15.1,86.8,3.72,153,-117,-4.7
2026-09-01 20:42:54.762205,stage3-lowpower,1199,44.0,,,,9583,15.2,87.1,3.71,153,-117,-5.0
2026-09-01 20:42:57.936535,stage3-lowpower,1200,44.0,,,,12758,15.1,87.0,3.71,153,-117,-5.0
2026-09-01 20:43:01.110230,stage3-lowpower,1203,43.0,,,,15933,15.2,87.2,3.72,153,-117,-5.2
2026-09-01 20:43:04.285491,stage3-lowpower,1202,43.0,,,,19108,15.2,87.2,3.71,153,-117,-5.2
2026-09-01 20:46:09.349539,stage4-lowpower-v2,1213,42.0,,,,3051,18.8,91.0,3.79,154,-109,1.8
2026-09-01 20:47:45.169475,stage3-lowpower,1182,46.0,,,,87,15.4,86.3,3.71,154,-118,-6.2
2026-09-01 20:47:48.343528,stage3-lowpower,1198,44.0,,,,3233,15.4,86.4,3.71,154,-118,-5.7
2026-09-01 20:47:51.518006,stage3-lowpower,1199,44.0,,,,6408,15.4,86.4,3.71,154,-118,-6.2
2026-09-01 20:47:54.692232,stage3-lowpower,1203,43.0,,,,9583,15.4,86.3,3.71,154,-118,-6.0
2026-09-01 20:47:57.969147,stage3-lowpower,1205,43.0,,,,12758,15.4,86.3,3.71,154,-118,-5.7
2026-09-01 20:48:01.023710,stage3-lowpower,1204,43.0,,,,15933,15.4,86.4,3.71,154,-118,-6.2
2026-09-01 20:48:04.215216,stage3-lowpower,1199,44.0,,,,19108,15.4,86.4,3.71,154,-118,-6.0
2026-09-01 20:51:09.501666,stage4-lowpower-v2,1213,42.0,,,,3050,18.9,91.2,3.79,155,-109,1.5
2026-09-01 20:52:45.082149,stage3-lowpower,1181,46.0,,,,87,15.6,85.5,3.71,155,-118,-6.5
2026-09-01 20:52:48.274157,stage3-lowpower,1203,43.0,,,,3233,15.6,85.7,3.71,155,-118,-6.0
2026-09-01 20:52:51.412772,stage3-lowpower,1199,44.0,,,,6408,15.7,85.5,3.71,155,-118,-6.0
2026-09-01 20:52:54.724999,stage3-lowpower,1200,44.0,,,,9583,15.7,85.6,3.71,155,-118,-6.2
2026-09-01 20:52:57.899559,stage3-lowpower,1204,43.0,,,,12758,15.7,85.8,3.71,155,-118,-6.7
2026-09-01 20:53:01.073655,stage3-lowpower,1203,43.0,,,,15933,15.7,85.7,3.71,155,-118,-6.2
2026-09-01 20:53:04.145707,stage3-lowpower,1204,43.0,,,,19108,15.7,85.6,3.71,155,-118,-6.0
2026-09-01 20:56:09.082472,stage4-lowpower-v2,1215,42.0,,,,3051,18.9,91.1,3.79,156,-110,1.0
2026-09-01 20:57:45.273157,stage3-lowpower,1181,46.0,,,,87,15.6,86.7,3.71,156,-118,-6.5
2026-09-01 20:57:48.511563,stage3-lowpower,1198,44.0,,,,3233,15.6,86.5,3.72,156,-118,-5.7
2026-09-01 20:57:51.656795,stage3-lowpower,1204,43.0,,,,6408,15.6,86.6,3.71,156,-117,-6.0
2026-09-01 20:57:54.860056,stage3-lowpower,1205,43.0,,,,9583,15.6,86.8,3.71,156,-118,-6.2
2026-09-01 20:57:58.034175,stage3-lowpower,1203,43.0,,,,12758,15.6,86.7,3.72,156,-118,-6.2
2026-09-01 20:58:01.208587,stage3-lowpower,1199,44.0,,,,15933,15.6,86.8,3.71,156,-118,-5.7
2026-09-01 20:58:04.383213,stage3-lowpower,1204,43.0,,,,19108,15.6,86.6,3.71,156,-118,-6.2
2026-09-01 21:01:09.338521,stage4-lowpower-v2,1214,42.0,,,,3051,19.0,90.7,3.79,157,-110,2.0
2026-09-01 21:02:45.268007,stage3-lowpower,1183,46.0,,,,87,15.8,85.3,3.71,157,-118,-6.0
2026-09-01 21:02:48.441516,stage3-lowpower,1203,43.0,,,,3233,15.8,85.3,3.71,157,-118,-6.2
2026-09-01 21:02:51.520219,stage3-lowpower,1205,43.0,,,,6408,15.8,85.3,3.71,157,-118,-6.2
2026-09-01 21:02:54.789971,stage3-lowpower,1203,43.0,,,,9583,15.8,85.7,3.71,157,-117,-5.5
2026-09-01 21:02:57.964598,stage3-lowpower,1207,43.0,,,,12758,15.8,85.6,3.71,157,-117,-5.7
2026-09-01 21:03:01.138167,stage3-lowpower,1203,43.0,,,,15933,15.8,85.5,3.71,157,-117,-5.2
2026-09-01 21:03:04.310721,stage3-lowpower,1205,43.0,,,,19108,15.8,85.8,3.71,157,-117,-5.5
2026-09-01 21:06:09.026499,stage4-lowpower-v2,1215,42.0,,,,3051,19.0,90.5,3.79,158,-109,1.8
2026-09-01 21:07:45.404413,stage3-lowpower,1184,46.0,,,,87,15.8,85.7,3.71,158,-118,-6.2
2026-09-01 21:07:48.576316,stage3-lowpower,1203,43.0,,,,3233,15.8,85.9,3.71,158,-117,-5.5
2026-09-01 21:07:51.650138,stage3-lowpower,1205,43.0,,,,6408,15.8,85.7,3.71,158,-117,-5.5
2026-09-01 21:07:54.822173,stage3-lowpower,1204,43.0,,,,9583,15.8,85.5,3.71,158,-117,-5.7
2026-09-01 21:07:57.996795,stage3-lowpower,1207,43.0,,,,12758,15.8,85.4,3.71,158,-117,-5.7
2026-09-01 21:08:01.173290,stage3-lowpower,1205,43.0,,,,15933,15.8,85.2,3.71,158,-117,-5.2
2026-09-01 21:08:04.447888,stage3-lowpower,1204,43.0,,,,19108,15.8,85.3,3.71,158,-118,-5.7
2026-09-01 21:11:09.076658,stage4-lowpower-v2,1215,42.0,,,,3050,19.1,90.9,3.79,159,-110,2.0
2026-09-01 21:12:45.538496,stage3-lowpower,1183,46.0,,,,87,15.9,85.3,3.71,159,-117,-5.7
2026-09-01 21:12:48.590281,stage3-lowpower,1202,43.0,,,,3233,15.9,85.4,3.71,159,-117,-5.7
2026-09-01 21:12:51.784306,stage3-lowpower,1204,43.0,,,,6408,15.9,85.4,3.71,159,-117,-5.0
2026-09-01 21:12:54.958231,stage3-lowpower,1204,43.0,,,,9583,15.9,85.5,3.71,159,-117,-5.2
2026-09-01 21:12:58.235371,stage3-lowpower,1206,43.0,,,,12758,15.9,85.7,3.71,159,-117,-5.7
2026-09-01 21:13:01.308454,stage3-lowpower,1204,43.0,,,,15933,15.9,86.0,3.71,159,-117,-5.2
2026-09-01 21:13:04.482107,stage3-lowpower,1205,43.0,,,,19108,15.9,86.0,3.71,159,-117,-5.5
2026-09-01 21:16:09.237257,stage4-lowpower-v2,1215,42.0,,,,3051,19.0,90.7,3.79,160,-110,1.8
2026-09-01 21:17:45.225339,stage3-lowpower,1183,46.0,,,,87,15.9,85.3,3.71,160,-117,-5.5
2026-09-01 21:17:48.435953,stage3-lowpower,1205,43.0,,,,3233,15.9,85.1,3.71,160,-118,-6.0
2026-09-01 21:17:51.566193,stage3-lowpower,1204,43.0,,,,6408,15.9,84.8,3.72,160,-117,-5.7
2026-09-01 21:17:54.890225,stage3-lowpower,1204,43.0,,,,9583,15.9,84.7,3.71,160,-117,-5.2
2026-09-01 21:17:58.062142,stage3-lowpower,1207,43.0,,,,12758,15.9,84.7,3.71,160,-117,-5.2
2026-09-01 21:18:01.135376,stage3-lowpower,1205,43.0,,,,15933,15.9,84.7,3.71,160,-117,-5.2
2026-09-01 21:18:04.310104,stage3-lowpower,1205,43.0,,,,19108,15.9,84.6,3.71,160,-117,-6.0
2026-09-01 21:23:22.265683,stage4-lowpower-v2,1215,42.0,,,,3051,19.0,90.4,3.79,161,-110,1.0
2026-09-01 21:23:22.283567,stage3-lowpower,1181,46.0,,,,87,15.7,86.8,3.71,161,-117,-5.7
2026-09-01 21:23:22.294440,stage3-lowpower,1205,43.0,,,,3233,15.7,86.8,3.71,161,-117,-5.2
2026-09-01 21:23:22.305372,stage3-lowpower,1203,43.0,,,,6408,15.7,86.7,3.71,161,-117,-6.0
2026-09-01 21:23:22.315662,stage3-lowpower,1203,43.0,,,,9583,15.7,86.6,3.71,161,-117,-5.5
2026-09-01 21:23:22.326034,stage3-lowpower,1205,43.0,,,,12758,15.7,86.5,3.71,161,-117,-5.5
2026-09-01 21:23:22.336496,stage3-lowpower,1203,43.0,,,,15933,15.7,86.8,3.71,161,-117,-5.5
2026-09-01 21:23:22.347047,stage3-lowpower,1203,43.0,,,,19108,15.7,86.8,3.71,161,-117,-5.7
2026-09-01 21:26:09.482515,stage4-lowpower-v2,1221,41.0,,,,3051,19.1,91.4,3.79,162,-110,1.5
2026-09-01 21:27:45.429096,stage3-lowpower,1183,46.0,,,,87,16.1,84.4,3.71,162,-117,-5.7
2026-09-01 21:27:48.604187,stage3-lowpower,1203,43.0,,,,3233,16.1,84.8,3.71,162,-117,-5.5
2026-09-01 21:27:51.702115,stage3-lowpower,1203,43.0,,,,6408,16.0,85.0,3.71,162,-117,-5.7
2026-09-01 21:27:54.951882,stage3-lowpower,1205,43.0,,,,9583,16.0,84.8,3.71,162,-117,-5.5
2026-09-01 21:27:58.126101,stage3-lowpower,1202,43.0,,,,12758,16.1,84.7,3.71,162,-117,-6.2
2026-09-01 21:28:01.300747,stage3-lowpower,1205,43.0,,,,15933,16.1,84.6,3.71,162,-117,-5.7
2026-09-01 21:28:04.378203,stage3-lowpower,1206,43.0,,,,19108,16.0,84.6,3.71,162,-118,-6.2
2026-09-01 21:31:09.525704,stage4-lowpower-v2,1221,41.0,,,,3051,19.0,90.9,3.79,163,-110,1.5
2026-09-01 21:32:45.565265,stage3-lowpower,1183,46.0,,,,87,15.6,87.0,3.71,163,-118,-6.2
2026-09-01 21:32:48.680665,stage3-lowpower,1203,43.0,,,,3233,15.6,87.0,3.71,163,-117,-6.0
2026-09-01 21:32:51.842161,stage3-lowpower,1198,44.0,,,,6408,15.6,86.9,3.71,163,-118,-6.0
2026-09-01 21:32:55.088230,stage3-lowpower,1203,43.0,,,,9583,15.6,86.8,3.71,163,-117,-5.5
2026-09-01 21:32:58.262080,stage3-lowpower,1204,43.0,,,,12758,15.6,86.8,3.71,163,-118,-6.2
2026-09-01 21:33:01.436501,stage3-lowpower,1203,43.0,,,,15933,15.6,86.8,3.71,163,-117,-6.0
2026-09-01 21:33:04.612894,stage3-lowpower,1203,43.0,,,,19108,15.6,86.8,3.71,163,-118,-6.5
2026-09-01 21:36:09.486513,stage4-lowpower-v2,1213,42.0,,,,3051,18.9,90.9,3.79,164,-110,1.0
2026-09-01 21:37:45.598527,stage3-lowpower,1183,46.0,,,,87,15.6,87.3,3.71,164,-117,-5.7
2026-09-01 21:37:48.694246,stage3-lowpower,1199,44.0,,,,3233,15.6,87.4,3.71,164,-118,-6.5
2026-09-01 21:37:51.856038,stage3-lowpower,1200,44.0,,,,6408,15.6,87.3,3.71,164,-118,-6.5
2026-09-01 21:37:55.121667,stage3-lowpower,1199,44.0,,,,9583,15.6,87.2,3.71,164,-117,-6.0
2026-09-01 21:37:58.296023,stage3-lowpower,1200,44.0,,,,12758,15.6,87.2,3.71,164,-118,-6.5
2026-09-01 21:38:01.470177,stage3-lowpower,1203,43.0,,,,15933,15.6,87.0,3.71,164,-118,-6.0
2026-09-01 21:38:04.645233,stage3-lowpower,1203,43.0,,,,19108,15.6,86.8,3.71,164,-118,-6.5
2026-09-01 21:41:09.637486,stage4-lowpower-v2,1213,42.0,,,,3051,19.0,90.8,3.79,165,-110,1.3
2026-09-01 21:42:45.633981,stage3-lowpower,1182,46.0,,,,87,15.7,87.2,3.71,165,-118,-6.5
2026-09-01 21:42:48.704956,stage3-lowpower,1199,44.0,,,,3233,15.6,87.4,3.7,165,-118,-6.0
2026-09-01 21:42:51.902217,stage3-lowpower,1203,43.0,,,,6408,15.6,87.4,3.71,165,-119,-7.5
2026-09-01 21:42:55.074182,stage3-lowpower,1199,44.0,,,,9583,15.7,87.4,3.71,165,-118,-6.5
2026-09-01 21:42:58.326179,stage3-lowpower,1204,43.0,,,,12758,15.7,87.3,3.71,165,-118,-6.2
2026-09-01 21:43:01.507829,stage3-lowpower,1204,43.0,,,,15933,15.7,87.1,3.71,165,-118,-7.0
2026-09-01 21:43:04.679156,stage3-lowpower,1204,43.0,,,,19108,15.7,86.9,3.71,165,-118,-6.7
2026-09-01 21:46:09.688159,stage4-lowpower-v2,1215,42.0,,,,3051,18.9,91.4,3.79,166,-110,1.3
2026-09-01 21:47:45.561345,stage3-lowpower,1181,46.0,,,,87,15.7,87.8,3.71,166,-119,-6.7
2026-09-01 21:47:48.736004,stage3-lowpower,1200,44.0,,,,3233,15.7,87.7,3.71,166,-118,-6.5
2026-09-01 21:47:51.851693,stage3-lowpower,1204,43.0,,,,6408,15.7,87.7,3.71,166,-118,-6.5
2026-09-01 21:47:55.084276,stage3-lowpower,1202,43.0,,,,9583,15.7,87.6,3.71,166,-118,-6.5
2026-09-01 21:47:58.262105,stage3-lowpower,1205,43.0,,,,12758,15.7,87.3,3.71,166,-118,-6.7
2026-09-01 21:48:01.438168,stage3-lowpower,1205,43.0,,,,15933,15.6,87.2,3.71,166,-118,-7.0
2026-09-01 21:48:04.608099,stage3-lowpower,1205,43.0,,,,19108,15.7,87.1,3.71,166,-118,-6.5
2026-09-01 21:51:09.314697,stage4-lowpower-v2,1215,42.0,,,,3050,19.0,91.5,3.79,167,-110,1.5
2026-09-01 21:52:45.493149,stage3-lowpower,1188,45.0,,,,87,15.9,86.6,3.71,167,-118,-6.7
2026-09-01 21:52:48.667239,stage3-lowpower,1206,43.0,,,,3233,15.8,86.6,3.71,167,-118,-7.2
2026-09-01 21:52:51.798220,stage3-lowpower,1204,43.0,,,,6408,15.8,86.6,3.71,167,-118,-6.7
2026-09-01 21:52:55.015652,stage3-lowpower,1205,43.0,,,,9583,15.8,86.4,3.71,167,-118,-6.2
2026-09-01 21:52:58.178094,stage3-lowpower,1206,43.0,,,,12758,15.8,86.4,3.71,167,-118,-7.0
2026-09-01 21:53:01.344230,stage3-lowpower,1204,43.0,,,,15933,15.8,86.5,3.71,167,-119,-7.5
2026-09-01 21:53:04.538082,stage3-lowpower,1205,43.0,,,,19108,15.8,86.4,3.71,167,-118,-6.5
2026-09-01 21:56:08.970478,stage4-lowpower-v2,1215,42.0,,,,3050,18.9,90.9,3.79,168,-110,1.3
2026-09-01 21:57:45.730293,stage3-lowpower,1183,46.0,,,,87,15.8,86.9,3.71,168,-118,-7.0
2026-09-01 21:57:48.905004,stage3-lowpower,1204,43.0,,,,3233,15.8,87.1,3.71,168,-119,-7.0
2026-09-01 21:57:52.078135,stage3-lowpower,1203,43.0,,,,6408,15.8,86.4,3.71,168,-118,-6.5
2026-09-01 21:57:55.253211,stage3-lowpower,1205,43.0,,,,9583,15.8,86.1,3.71,168,-118,-6.7
2026-09-01 21:57:58.325852,stage3-lowpower,1202,43.0,,,,12758,15.8,85.9,3.72,168,-118,-6.7
2026-09-01 21:58:01.486185,stage3-lowpower,1204,43.0,,,,15933,15.8,85.8,3.71,168,-119,-7.2
2026-09-01 21:58:04.776242,stage3-lowpower,1205,43.0,,,,19108,15.8,85.8,3.71,168,-119,-7.2
2026-09-01 22:01:09.304468,stage4-lowpower-v2,1215,42.0,,,,3051,19.0,91.4,3.79,169,-110,1.5
2026-09-01 22:02:45.866234,stage3-lowpower,1183,46.0,,,,87,15.8,86.9,3.71,169,-120,-8.5
2026-09-01 22:02:49.039602,stage3-lowpower,1203,43.0,,,,3233,15.7,86.8,3.71,169,-120,-8.8
2026-09-01 22:02:52.175183,stage3-lowpower,1205,43.0,,,,6408,15.8,86.8,3.71,169,-119,-7.2
2026-09-01 22:02:55.340066,stage3-lowpower,1203,43.0,,,,9583,15.7,87.2,3.71,169,-118,-6.5
2026-09-01 22:02:58.506139,stage3-lowpower,1204,43.0,,,,12758,15.7,87.0,3.71,169,-118,-6.7
2026-09-01 22:03:01.737347,stage3-lowpower,1205,43.0,,,,15933,15.7,87.2,3.71,169,-118,-6.0
2026-09-01 22:03:04.911494,stage3-lowpower,1203,43.0,,,,19108,15.7,86.9,3.71,169,-119,-7.7
2026-09-01 22:06:09.242004,stage4-lowpower-v2,1215,42.0,,,,3051,18.9,91.6,3.79,170,-110,1.3
2026-09-01 22:07:45.796033,stage3-lowpower,1183,46.0,,,,87,15.9,86.7,3.71,170,-119,-7.7
2026-09-01 22:07:48.970268,stage3-lowpower,1200,44.0,,,,3233,15.9,86.8,3.71,170,-119,-7.2
2026-09-01 22:07:52.145470,stage3-lowpower,1203,43.0,,,,6408,15.9,86.9,3.71,170,-118,-6.2
2026-09-01 22:07:55.266224,stage3-lowpower,1204,43.0,,,,9583,15.9,86.8,3.71,170,-119,-7.5
2026-09-01 22:07:58.595649,stage3-lowpower,1205,43.0,,,,12758,15.9,86.4,3.71,170,-120,-7.7
2026-09-01 22:08:01.650201,stage3-lowpower,1203,43.0,,,,15933,15.9,85.7,3.71,170,-120,-8.5
2026-09-01 22:08:04.841984,stage3-lowpower,1204,43.0,,,,19108,15.9,85.2,3.71,170,-119,-7.5
2026-09-01 22:11:09.368617,stage4-lowpower-v2,1215,42.0,,,,3050,18.9,91.0,3.79,171,-110,1.5
2026-09-01 22:12:45.931911,stage3-lowpower,1184,46.0,,,,87,16.0,84.9,3.7,171,-118,-6.7
2026-09-01 22:12:49.105302,stage3-lowpower,1202,43.0,,,,3233,16.0,84.8,3.71,171,-118,-6.5
2026-09-01 22:12:52.176516,stage3-lowpower,1204,43.0,,,,6408,16.0,84.8,3.71,171,-119,-7.5
2026-09-01 22:12:55.351789,stage3-lowpower,1202,43.0,,,,9583,16.0,85.1,3.71,171,-119,-7.7
2026-09-01 22:12:58.526083,stage3-lowpower,1204,43.0,,,,12758,16.0,85.1,3.71,171,-119,-7.2
2026-09-01 22:13:01.725124,stage3-lowpower,1203,43.0,,,,15933,16.0,85.3,3.71,171,-118,-6.5
2026-09-01 22:13:04.977337,stage3-lowpower,1204,43.0,,,,19108,16.0,85.7,3.71,171,-118,-6.5
2026-09-01 22:16:09.438115,stage4-lowpower-v2,1215,42.0,,,,3050,19.0,90.8,3.79,172,-110,1.5
2026-09-01 22:17:46.065300,stage3-lowpower,1187,45.0,,,,87,15.8,85.9,3.71,172,-119,-8.0
2026-09-01 22:17:49.190275,stage3-lowpower,1203,43.0,,,,3233,15.8,85.8,3.71,172,-119,-7.5
2026-09-01 22:17:52.414100,stage3-lowpower,1204,43.0,,,,6408,15.8,85.9,3.71,172,-119,-7.0
2026-09-01 22:17:55.588273,stage3-lowpower,1205,43.0,,,,9583,15.8,86.1,3.71,172,-119,-7.2
2026-09-01 22:17:58.762138,stage3-lowpower,1203,43.0,,,,12758,15.8,86.2,3.71,172,-119,-7.5
2026-09-01 22:18:01.902112,stage3-lowpower,1205,43.0,,,,15933,15.8,86.3,3.71,172,-119,-7.7
2026-09-01 22:18:05.112116,stage3-lowpower,1203,43.0,,,,19108,15.8,86.3,3.71,172,-118,-7.0
2026-09-01 22:21:09.507100,stage4-lowpower-v2,1221,41.0,,,,3051,18.9,91.0,3.79,173,-110,1.3
2026-09-01 22:22:46.198507,stage3-lowpower,1184,46.0,,,,87,16.0,84.8,3.71,173,-119,-7.0
2026-09-01 22:22:49.373254,stage3-lowpower,1199,44.0,,,,3233,16.0,84.7,3.71,173,-119,-7.0
2026-09-01 22:22:52.547776,stage3-lowpower,1204,43.0,,,,6408,16.0,84.6,3.71,173,-118,-7.0
2026-09-01 22:22:55.657140,stage3-lowpower,1205,43.0,,,,9583,16.0,84.7,3.71,173,-118,-6.7
2026-09-01 22:22:58.825037,stage3-lowpower,1203,43.0,,,,12758,16.0,84.7,3.71,173,-119,-7.7
2026-09-01 22:23:02.071886,stage3-lowpower,1199,44.0,,,,15933,16.0,84.6,3.71,173,-119,-7.0
2026-09-01 22:23:05.245447,stage3-lowpower,1203,43.0,,,,19108,16.0,85.0,3.71,173,-119,-7.0
2026-09-01 22:26:09.654475,stage4-lowpower-v2,1215,42.0,,,,3051,18.8,91.5,3.79,174,-110,1.3
2026-09-01 22:27:46.129642,stage3-lowpower,1180,46.0,,,,87,15.7,86.3,3.71,174,-118,-6.0
2026-09-01 22:27:49.302230,stage3-lowpower,1203,43.0,,,,3233,15.8,86.3,3.71,174,-119,-6.7
2026-09-01 22:27:52.419398,stage3-lowpower,1199,44.0,,,,6408,15.8,86.2,3.71,174,-119,-7.2
2026-09-01 22:27:55.649024,stage3-lowpower,1203,43.0,,,,9583,15.8,86.4,3.71,174,-119,-7.7
2026-09-01 22:27:58.746227,stage3-lowpower,1204,43.0,,,,12758,15.8,86.6,3.71,174,-119,-7.5
2026-09-01 22:28:02.000771,stage3-lowpower,1203,43.0,,,,15933,15.8,86.5,3.71,174,-119,-7.5
2026-09-01 22:28:05.175735,stage3-lowpower,1204,43.0,,,,19108,15.8,86.5,3.71,174,-120,-8.0
2026-09-01 22:31:09.729009,stage4-lowpower-v2,1221,41.0,,,,3050,18.8,91.3,3.79,175,-110,1.5
2026-09-01 22:32:46.058504,stage3-lowpower,1181,46.0,,,,87,15.8,84.7,3.71,175,-120,-8.3
2026-09-01 22:32:49.233043,stage3-lowpower,1199,44.0,,,,3233,15.8,84.6,3.71,175,-120,-8.5
2026-09-01 22:32:52.404157,stage3-lowpower,1200,44.0,,,,6408,15.8,84.8,3.71,175,-120,-8.5
2026-09-01 22:32:55.581366,stage3-lowpower,1199,44.0,,,,9583,15.8,85.1,3.71,175,-119,-7.5
2026-09-01 22:32:58.756940,stage3-lowpower,1200,44.0,,,,12758,15.8,85.2,3.71,175,-119,-7.7
2026-09-01 22:33:01.930245,stage3-lowpower,1199,44.0,,,,15933,15.8,85.1,3.71,175,-120,-8.8
2026-09-01 22:33:05.054144,stage3-lowpower,1199,44.0,,,,19108,15.8,85.1,3.71,175,-120,-8.0
2026-09-01 22:36:09.459694,stage4-lowpower-v2,1221,41.0,,,,3051,18.9,91.5,3.79,176,-110,1.3
2026-09-01 22:37:45.989516,stage3-lowpower,1183,46.0,,,,87,15.5,86.7,3.71,176,-119,-7.0
2026-09-01 22:37:49.162212,stage3-lowpower,1199,44.0,,,,3233,15.5,86.8,3.71,176,-119,-7.0
2026-09-01 22:37:52.277559,stage3-lowpower,1203,43.0,,,,6408,15.5,86.7,3.71,176,-119,-7.2
2026-09-01 22:37:55.511427,stage3-lowpower,1203,43.0,,,,9583,15.5,86.8,3.71,176,-119,-7.7
2026-09-01 22:37:58.686004,stage3-lowpower,1203,43.0,,,,12758,15.6,86.8,3.71,176,-119,-7.0
2026-09-01 22:38:01.822026,stage3-lowpower,1204,43.0,,,,15933,15.5,86.8,3.71,176,-118,-6.2
2026-09-01 22:38:05.034098,stage3-lowpower,1205,43.0,,,,19108,15.6,86.8,3.71,176,-119,-7.2
2026-09-01 22:41:09.561044,stage4-lowpower-v2,1215,42.0,,,,3051,18.7,91.5,3.79,177,-110,1.5
2026-09-01 22:42:46.241473,stage3-lowpower,1179,46.0,,,,87,15.5,87.7,3.71,177,-119,-7.2
2026-09-01 22:42:49.502209,stage3-lowpower,1200,44.0,,,,3233,15.5,87.7,3.7,177,-119,-8.0
2026-09-01 22:42:52.677677,stage3-lowpower,1199,44.0,,,,6408,15.5,87.6,3.71,177,-119,-7.0
2026-09-01 22:42:55.850193,stage3-lowpower,1204,43.0,,,,9583,15.5,87.7,3.7,177,-119,-7.2
2026-09-01 22:42:59.025596,stage3-lowpower,1204,43.0,,,,12758,15.5,87.8,3.71,177,-119,-7.5
2026-09-01 22:43:02.118209,stage3-lowpower,1203,43.0,,,,15933,15.6,87.8,3.71,177,-119,-7.2
2026-09-01 22:43:05.285314,stage3-lowpower,1204,43.0,,,,19108,15.6,87.8,3.71,177,-118,-6.7
2026-09-01 22:46:08.993957,stage4-lowpower-v2,1213,42.0,,,,3051,18.7,91.2,3.79,178,-110,1.0
2026-09-01 22:47:46.362500,stage3-lowpower,1181,46.0,,,,87,15.6,87.7,3.71,178,-118,-6.5
2026-09-01 22:47:49.639453,stage3-lowpower,1199,44.0,,,,3233,15.6,87.7,3.71,178,-118,-6.5
2026-09-01 22:47:52.715698,stage3-lowpower,1199,44.0,,,,6408,15.6,87.6,3.71,178,-118,-6.7
2026-09-01 22:47:55.988016,stage3-lowpower,1203,43.0,,,,9583,15.6,87.3,3.71,178,-118,-6.0
2026-09-01 22:47:59.163088,stage3-lowpower,1203,43.0,,,,12758,15.6,87.0,3.7,178,-118,-6.0
2026-09-01 22:48:02.235406,stage3-lowpower,1203,43.0,,,,15933,15.6,86.7,3.71,178,-118,-6.2
2026-09-01 22:48:05.508982,stage3-lowpower,1204,43.0,,,,19108,15.6,86.7,3.71,178,-118,-6.2
2026-09-01 22:51:09.174506,stage4-lowpower-v2,1215,42.0,,,,3051,18.9,91.6,3.79,179,-110,1.3
2026-09-01 22:52:46.190511,stage3-lowpower,1182,46.0,,,,87,15.8,84.4,3.71,179,-117,-5.7
2026-09-01 22:52:49.368209,stage3-lowpower,1203,43.0,,,,3233,15.8,84.6,3.7,179,-118,-6.5
2026-09-01 22:52:52.641785,stage3-lowpower,1199,44.0,,,,6408,15.8,84.5,3.7,179,-118,-6.5
2026-09-01 22:52:55.816225,stage3-lowpower,1198,44.0,,,,9583,15.8,84.5,3.7,179,-119,-6.7
2026-09-01 22:52:58.888109,stage3-lowpower,1203,43.0,,,,12758,15.8,84.7,3.71,179,-118,-6.5
2026-09-01 22:53:02.062199,stage3-lowpower,1198,44.0,,,,15933,15.8,84.8,3.7,179,-118,-6.5
2026-09-01 22:53:05.202160,stage3-lowpower,1199,44.0,,,,19108,15.8,84.7,3.71,179,-118,-7.0
2026-09-01 22:56:08.914514,stage4-lowpower-v2,1213,42.0,,,,3051,18.8,91.3,3.79,180,-110,1.5
2026-09-01 22:57:46.121082,stage3-lowpower,1183,46.0,,,,87,15.8,85.3,3.71,180,-118,-6.5
2026-09-01 22:57:49.396870,stage3-lowpower,1199,44.0,,,,3233,15.7,85.0,3.71,180,-118,-6.5
2026-09-01 22:57:52.468689,stage3-lowpower,1198,44.0,,,,6408,15.8,84.8,3.71,180,-118,-6.5
2026-09-01 22:57:55.546209,stage3-lowpower,1200,44.0,,,,9583,15.8,84.7,3.7,180,-118,-7.0
2026-09-01 22:57:58.817742,stage3-lowpower,1203,43.0,,,,12758,15.7,84.7,3.7,180,-118,-6.5
2026-09-01 22:58:01.889602,stage3-lowpower,1199,44.0,,,,15933,15.8,84.9,3.71,180,-119,-6.7
2026-09-01 22:58:05.091304,stage3-lowpower,1203,43.0,,,,19108,15.8,85.0,3.7,180,-118,-6.5
2026-09-01 23:01:09.078115,stage4-lowpower-v2,1220,41.0,,,,3050,18.8,91.5,3.79,181,-110,1.3
2026-09-01 23:02:46.050514,stage3-lowpower,1183,46.0,,,,87,15.6,85.1,3.71,181,-119,-6.5
2026-09-01 23:02:49.225722,stage3-lowpower,1199,44.0,,,,3233,15.6,85.2,3.71,181,-118,-6.0
2026-09-01 23:02:52.313629,stage3-lowpower,1199,44.0,,,,6408,15.6,85.2,3.7,181,-118,-6.7
2026-09-01 23:02:55.574154,stage3-lowpower,1199,44.0,,,,9583,15.6,85.4,3.71,181,-119,-6.7
2026-09-01 23:02:58.748020,stage3-lowpower,1203,43.0,,,,12758,15.6,85.4,3.71,181,-118,-6.0
2026-09-01 23:03:01.922237,stage3-lowpower,1203,43.0,,,,15933,15.6,85.6,3.71,181,-118,-6.7
2026-09-01 23:03:05.096681,stage3-lowpower,1199,44.0,,,,19108,15.6,86.0,3.71,181,-118,-6.7
2026-09-01 23:06:09.088280,stage4-lowpower-v2,1213,42.0,,,,3051,18.7,91.3,3.79,182,-110,1.5
2026-09-01 23:07:45.981293,stage3-lowpower,1181,46.0,,,,87,15.2,87.8,3.7,182,-118,-6.5
2026-09-01 23:07:49.156155,stage3-lowpower,1197,44.0,,,,3233,15.2,88.3,3.7,182,-118,-6.2
2026-09-01 23:07:52.267575,stage3-lowpower,1197,44.0,,,,6408,15.2,88.6,3.7,182,-118,-6.5
2026-09-01 23:07:55.505253,stage3-lowpower,1199,44.0,,,,9583,15.2,88.8,3.71,182,-118,-6.2
2026-09-01 23:07:58.679231,stage3-lowpower,1199,44.0,,,,12758,15.2,88.9,3.7,182,-118,-6.0
2026-09-01 23:08:01.853666,stage3-lowpower,1199,44.0,,,,15933,15.2,88.9,3.71,182,-118,-6.0
2026-09-01 23:08:05.027132,stage3-lowpower,1199,44.0,,,,19108,15.2,88.9,3.71,182,-118,-6.0
2026-09-01 23:11:08.630463,stage4-lowpower-v2,1213,42.0,,,,3051,18.3,91.0,3.79,183,-110,1.3
2026-09-01 23:12:45.809766,stage3-lowpower,1179,46.0,,,,87,15.0,86.9,3.7,183,-118,-6.5
2026-09-01 23:12:48.983433,stage3-lowpower,1198,44.0,,,,3233,15.0,87.1,3.7,183,-119,-7.2
2026-09-01 23:12:52.096224,stage3-lowpower,1197,44.0,,,,6408,15.0,87.4,3.7,183,-118,-6.7
2026-09-01 23:12:55.329769,stage3-lowpower,1196,44.0,,,,9583,15.0,87.7,3.71,183,-118,-6.2
2026-09-01 23:12:58.507211,stage3-lowpower,1199,44.0,,,,12758,15.0,87.7,3.7,183,-118,-6.5
2026-09-01 23:13:01.680957,stage3-lowpower,1197,44.0,,,,15933,15.0,87.6,3.71,183,-118,-6.5
2026-09-01 23:13:04.854085,stage3-lowpower,1198,44.0,,,,19108,15.0,87.7,3.71,183,-118,-6.5
2026-09-01 23:16:08.704044,stage4-lowpower-v2,1212,42.0,,,,3051,18.5,91.7,3.79,184,-110,1.0
2026-09-01 23:17:45.842000,stage3-lowpower,1181,46.0,,,,87,14.8,88.7,3.71,184,-117,-5.7
2026-09-01 23:17:49.016890,stage3-lowpower,1199,44.0,,,,3233,14.8,88.7,3.7,184,-117,-5.0
2026-09-01 23:17:52.089195,stage3-lowpower,1198,44.0,,,,6408,14.8,88.7,3.7,184,-117,-5.7
2026-09-01 23:17:55.362393,stage3-lowpower,1199,44.0,,,,9583,14.8,88.8,3.7,184,-118,-6.2
2026-09-01 23:17:58.540042,stage3-lowpower,1196,44.0,,,,12758,14.8,89.0,3.7,184,-117,-5.2
2026-09-01 23:18:01.713508,stage3-lowpower,1198,44.0,,,,15933,14.8,89.1,3.71,184,-118,-5.7
2026-09-01 23:18:04.888112,stage3-lowpower,1197,44.0,,,,19108,14.8,89.1,3.71,184,-118,-6.5
2026-09-01 23:21:08.972169,stage4-lowpower-v2,1213,42.0,,,,3051,18.6,91.4,3.79,185,-110,0.8
2026-09-01 23:22:45.810039,stage3-lowpower,1180,46.0,,,,87,15.4,87.3,3.7,185,-119,-6.7
2026-09-01 23:22:49.049720,stage3-lowpower,1199,44.0,,,,3233,15.5,87.6,3.71,185,-118,-5.7
2026-09-01 23:22:52.146187,stage3-lowpower,1199,44.0,,,,6408,15.4,87.1,3.71,185,-117,-5.5
2026-09-01 23:22:55.394391,stage3-lowpower,1199,44.0,,,,9583,15.4,86.8,3.71,185,-119,-7.0
2026-09-01 23:22:58.573253,stage3-lowpower,1199,44.0,,,,12758,15.5,86.8,3.71,185,-117,-5.7
2026-09-01 23:23:01.746247,stage3-lowpower,1203,43.0,,,,15933,15.5,86.6,3.71,185,-118,-6.5
2026-09-01 23:23:04.920604,stage3-lowpower,1202,43.0,,,,19108,15.5,86.5,3.71,185,-119,-6.7
2026-09-01 23:26:08.731635,stage4-lowpower-v2,1215,42.0,,,,3051,18.6,91.6,3.79,186,-110,1.0
2026-09-01 23:27:45.905122,stage3-lowpower,1181,46.0,,,,87,15.3,89.0,3.7,186,-118,-6.5
2026-09-01 23:27:49.184528,stage3-lowpower,1198,44.0,,,,3233,15.3,89.0,3.71,186,-118,-6.2
2026-09-01 23:27:52.256605,stage3-lowpower,1198,44.0,,,,6408,15.3,88.9,3.7,186,-118,-6.0
2026-09-01 23:27:55.430224,stage3-lowpower,1199,44.0,,,,9583,15.3,88.8,3.71,186,-118,-6.5
2026-09-01 23:27:58.606129,stage3-lowpower,1198,44.0,,,,12758,15.3,88.8,3.7,186,-119,-7.0
2026-09-01 23:28:01.784723,stage3-lowpower,1203,43.0,,,,15933,15.3,88.8,3.7,186,-119,-7.2
2026-09-01 23:28:05.056563,stage3-lowpower,1203,43.0,,,,19108,15.3,88.8,3.7,186,-119,-7.0
2026-09-01 23:31:08.968222,stage4-lowpower-v2,1215,42.0,,,,3051,18.4,91.7,3.79,187,-110,1.3
2026-09-01 23:32:45.948263,stage3-lowpower,1180,46.0,,,,87,15.3,87.5,3.71,187,-118,-6.0
2026-09-01 23:32:49.218076,stage3-lowpower,1199,44.0,,,,3233,15.3,87.4,3.71,187,-117,-5.5
2026-09-01 23:32:52.392143,stage3-lowpower,1198,44.0,,,,6408,15.3,87.2,3.7,187,-117,-5.0
2026-09-01 23:32:55.461502,stage3-lowpower,1203,43.0,,,,9583,15.3,87.1,3.71,187,-118,-5.7
2026-09-01 23:32:58.616323,stage3-lowpower,1199,44.0,,,,12758,15.3,87.0,3.71,187,-118,-6.5
2026-09-01 23:33:01.915478,stage3-lowpower,1203,43.0,,,,15933,15.4,87.2,3.7,187,-119,-7.5
2026-09-01 23:33:05.089932,stage3-lowpower,1204,43.0,,,,19108,15.4,87.5,3.7,187,-118,-6.7
2026-09-01 23:36:09.002519,stage4-lowpower-v2,1215,42.0,,,,3051,18.5,91.5,3.79,188,-110,1.3
2026-09-01 23:37:46.076846,stage3-lowpower,1180,46.0,,,,87,15.3,87.9,3.7,188,-119,-7.2
2026-09-01 23:37:49.353341,stage3-lowpower,1202,43.0,,,,3233,15.3,88.0,3.71,188,-119,-7.0
2026-09-01 23:37:52.426177,stage3-lowpower,1197,44.0,,,,6408,15.2,87.9,3.7,188,-119,-7.0
2026-09-01 23:37:55.601232,stage3-lowpower,1199,44.0,,,,9583,15.2,87.9,3.7,188,-119,-7.2
2026-09-01 23:37:58.774041,stage3-lowpower,1200,44.0,,,,12758,15.2,88.0,3.71,188,-119,-7.2
2026-09-01 23:38:01.948382,stage3-lowpower,1199,44.0,,,,15933,15.2,87.9,3.7,188,-119,-7.5
2026-09-01 23:38:05.225026,stage3-lowpower,1203,43.0,,,,19108,15.2,87.8,3.7,188,-119,-7.2
2026-09-01 23:41:09.137990,stage4-lowpower-v2,1215,42.0,,,,3051,18.4,91.6,3.79,189,-110,1.5
2026-09-01 23:42:46.418411,stage3-lowpower,1180,46.0,,,,87,15.1,88.1,3.7,189,-118,-6.5
2026-09-01 23:42:49.590278,stage3-lowpower,1197,44.0,,,,3233,15.1,87.7,3.7,189,-119,-7.0
2026-09-01 23:42:52.705683,stage3-lowpower,1199,44.0,,,,6408,15.1,87.4,3.7,189,-120,-8.3
2026-09-01 23:42:55.939794,stage3-lowpower,1199,44.0,,,,9583,15.1,87.4,3.71,189,-119,-7.2
2026-09-01 23:42:59.113994,stage3-lowpower,1203,43.0,,,,12758,15.1,87.2,3.71,189,-119,-7.2
2026-09-01 23:43:02.288655,stage3-lowpower,1203,43.0,,,,15933,15.1,87.1,3.71,189,-118,-6.5
2026-09-01 23:43:05.462102,stage3-lowpower,1203,43.0,,,,19108,15.1,87.1,3.71,189,-119,-7.0
2026-09-01 23:46:08.759890,stage4-lowpower-v2,1213,42.0,,,,3050,18.3,91.7,3.79,190,-110,1.3
2026-09-01 23:47:46.346462,stage3-lowpower,1180,46.0,,,,87,15.1,89.1,3.7,190,-118,-6.2
2026-09-01 23:47:49.493701,stage3-lowpower,1200,44.0,,,,3233,15.1,88.9,3.7,190,-118,-6.7
2026-09-01 23:47:52.660236,stage3-lowpower,1199,44.0,,,,6408,15.0,88.9,3.71,190,-118,-6.7
2026-09-01 23:47:55.870295,stage3-lowpower,1197,44.0,,,,9583,15.1,88.9,3.7,190,-118,-6.5
2026-09-01 23:47:59.147236,stage3-lowpower,1203,43.0,,,,12758,15.1,88.9,3.7,190,-118,-7.0
2026-09-01 23:48:02.218265,stage3-lowpower,1198,44.0,,,,15933,15.1,89.0,3.71,190,-118,-6.7
2026-09-01 23:48:05.393557,stage3-lowpower,1199,44.0,,,,19108,15.1,89.0,3.71,190,-118,-6.2
2026-09-01 23:51:08.998497,stage4-lowpower-v2,1215,42.0,,,,3051,18.3,91.8,3.79,191,-110,1.0
2026-09-01 23:52:46.585028,stage3-lowpower,1182,46.0,,,,87,15.1,88.9,3.7,191,-119,-7.2
2026-09-01 23:52:49.735555,stage3-lowpower,1199,44.0,,,,3233,15.1,88.9,3.7,191,-118,-6.7
2026-09-01 23:52:52.906107,stage3-lowpower,1202,43.0,,,,6408,15.1,88.9,3.7,191,-118,-6.7
2026-09-01 23:52:56.108022,stage3-lowpower,1198,44.0,,,,9583,15.1,88.8,3.7,191,-118,-6.2
2026-09-01 23:52:59.282270,stage3-lowpower,1199,44.0,,,,12758,15.1,88.7,3.7,191,-117,-5.5
2026-09-01 23:53:02.459734,stage3-lowpower,1203,43.0,,,,15933,15.1,88.4,3.7,191,-118,-6.2
2026-09-01 23:53:05.734122,stage3-lowpower,1203,43.0,,,,19108,15.1,88.1,3.7,191,-118,-6.0
2026-09-01 23:56:08.825665,stage4-lowpower-v2,1215,42.0,,,,3051,18.3,91.8,3.79,192,-110,1.5
2026-09-01 23:57:46.414464,stage3-lowpower,1181,46.0,,,,87,15.3,88.3,3.7,192,-118,-6.5
2026-09-01 23:57:49.588677,stage3-lowpower,1203,43.0,,,,3233,15.3,88.2,3.7,192,-118,-6.0
2026-09-01 23:57:52.798213,stage3-lowpower,1198,44.0,,,,6408,15.3,88.2,3.7,192,-118,-7.0
2026-09-01 23:57:56.038200,stage3-lowpower,1199,44.0,,,,9583,15.3,88.1,3.7,192,-119,-7.0
2026-09-01 23:57:59.212857,stage3-lowpower,1199,44.0,,,,12758,15.3,87.8,3.71,192,-119,-7.2
2026-09-01 23:58:02.387260,stage3-lowpower,1199,44.0,,,,15933,15.3,87.6,3.71,192,-119,-7.5
2026-09-01 23:58:05.561734,stage3-lowpower,1198,44.0,,,,19108,15.3,87.4,3.7,192,-119,-7.0
2026-09-02 00:01:09.064023,stage4-lowpower-v2,1215,42.0,,,,3050,18.4,91.7,3.79,193,-110,1.3
2026-09-02 00:02:46.554081,stage3-lowpower,1180,46.0,,,,87,15.5,88.7,3.7,193,-118,-6.5
2026-09-02 00:02:49.825780,stage3-lowpower,1197,44.0,,,,3233,15.4,88.6,3.7,193,-118,-6.2
2026-09-02 00:02:52.938076,stage3-lowpower,1199,44.0,,,,6408,15.5,88.7,3.7,193,-118,-6.2
2026-09-02 00:02:56.174157,stage3-lowpower,1199,44.0,,,,9583,15.5,88.6,3.7,193,-118,-5.7
2026-09-02 00:02:59.350186,stage3-lowpower,1200,44.0,,,,12758,15.5,88.2,3.7,193,-118,-6.7
2026-09-02 00:03:02.523953,stage3-lowpower,1203,43.0,,,,15933,15.5,87.9,3.71,193,-119,-7.0
2026-09-02 00:03:05.649901,stage3-lowpower,1205,43.0,,,,19108,15.5,87.6,3.71,193,-118,-6.5
2026-09-02 00:06:09.155105,stage4-lowpower-v2,1216,42.0,,,,3050,18.5,91.8,3.79,194,-110,1.3
2026-09-02 00:07:46.787531,stage3-lowpower,1180,46.0,,,,87,15.6,88.8,3.7,194,-118,-6.0
2026-09-02 00:07:49.961715,stage3-lowpower,1199,44.0,,,,3233,15.6,88.7,3.7,194,-118,-7.0
2026-09-02 00:07:53.078016,stage3-lowpower,1203,43.0,,,,6408,15.6,88.9,3.71,194,-118,-7.0
2026-09-02 00:07:56.292931,stage3-lowpower,1203,43.0,,,,9583,15.6,88.7,3.7,194,-118,-7.0
2026-09-02 00:07:59.484781,stage3-lowpower,1204,43.0,,,,12758,15.6,88.5,3.7,194,-118,-6.0
2026-09-02 00:08:02.659208,stage3-lowpower,1203,43.0,,,,15933,15.7,88.1,3.71,194,-118,-5.7
2026-09-02 00:08:05.833521,stage3-lowpower,1205,43.0,,,,19108,15.7,87.8,3.7,194,-117,-5.5
2026-09-02 00:11:09.336521,stage4-lowpower-v2,1221,41.0,,,,3050,18.6,91.6,3.79,195,-110,1.5
2026-09-02 00:12:46.821901,stage3-lowpower,1183,46.0,,,,87,15.9,86.8,3.7,195,-118,-6.5
2026-09-02 00:12:49.892352,stage3-lowpower,1199,44.0,,,,3233,15.9,86.9,3.7,195,-118,-6.7
2026-09-02 00:12:53.054118,stage3-lowpower,1204,43.0,,,,6408,15.9,87.1,3.7,195,-117,-6.0
2026-09-02 00:12:56.342197,stage3-lowpower,1203,43.0,,,,9583,15.9,87.3,3.71,195,-118,-5.7
2026-09-02 00:12:59.517706,stage3-lowpower,1202,43.0,,,,12758,15.9,87.6,3.7,195,-118,-6.7
2026-09-02 00:13:02.691950,stage3-lowpower,1205,43.0,,,,15933,15.8,87.7,3.7,195,-118,-6.2
2026-09-02 00:13:05.866102,stage3-lowpower,1205,43.0,,,,19108,15.9,87.7,3.7,195,-118,-6.2
2026-09-02 00:16:09.314529,stage4-lowpower-v2,1221,41.0,,,,3051,18.6,91.6,3.79,196,-110,1.0
2026-09-02 00:17:46.850516,stage3-lowpower,1182,46.0,,,,87,16.0,86.9,3.7,196,-118,-6.2
2026-09-02 00:17:49.911649,stage3-lowpower,1203,43.0,,,,3233,16.1,87.2,3.7,196,-118,-7.0
2026-09-02 00:17:53.096829,stage3-lowpower,1204,43.0,,,,6408,16.1,87.2,3.7,196,-119,-7.5
2026-09-02 00:17:56.243471,stage3-lowpower,1204,43.0,,,,9583,16.1,87.2,3.71,196,-119,-7.5
2026-09-02 00:17:59.445931,stage3-lowpower,1207,43.0,,,,12758,16.1,87.2,3.71,196,-119,-7.7
2026-09-02 00:18:02.722165,stage3-lowpower,1205,43.0,,,,15933,16.0,87.3,3.71,196,-119,-7.5
2026-09-02 00:18:05.897326,stage3-lowpower,1205,43.0,,,,19108,16.0,87.2,3.71,196,-119,-7.5
2026-09-02 00:21:09.501422,stage4-lowpower-v2,1223,41.0,,,,3051,18.7,91.6,3.79,197,-110,1.5
2026-09-02 00:22:47.088413,stage3-lowpower,1180,46.0,,,,87,16.3,85.2,3.7,197,-119,-7.2
2026-09-02 00:22:50.184607,stage3-lowpower,1200,44.0,,,,3233,16.3,85.2,3.7,197,-118,-6.7
2026-09-02 00:22:53.437201,stage3-lowpower,1203,43.0,,,,6408,16.3,85.1,3.7,197,-119,-7.0
2026-09-02 00:22:56.519557,stage3-lowpower,1203,43.0,,,,9583,16.3,84.9,3.7,197,-119,-7.5
2026-09-02 00:22:59.785910,stage3-lowpower,1203,43.0,,,,12758,16.3,84.9,3.7,197,-118,-6.2
2026-09-02 00:23:02.960375,stage3-lowpower,1199,44.0,,,,15933,16.3,85.1,3.7,197,-118,-6.2
2026-09-02 00:23:06.136693,stage3-lowpower,1204,43.0,,,,19108,16.3,85.2,3.71,197,-118,-6.7
2026-09-02 00:26:09.566493,stage4-lowpower-v2,1222,41.0,,,,3050,18.5,91.4,3.79,198,-111,1.0
2026-09-02 00:27:46.916343,stage3-lowpower,1183,46.0,,,,87,16.2,84.9,3.7,198,-118,-6.2
2026-09-02 00:27:50.090250,stage3-lowpower,1198,44.0,,,,3233,16.2,84.9,3.7,198,-118,-6.5
2026-09-02 00:27:53.231862,stage3-lowpower,1203,43.0,,,,6408,16.2,84.8,3.7,198,-119,-7.2
2026-09-02 00:27:56.398245,stage3-lowpower,1203,43.0,,,,9583,16.2,84.6,3.7,198,-119,-7.0
2026-09-02 00:27:59.613719,stage3-lowpower,1199,44.0,,,,12758,16.2,84.6,3.71,198,-119,-7.0
2026-09-02 00:28:02.788417,stage3-lowpower,1204,43.0,,,,15933,16.2,84.7,3.7,198,-119,-6.7
2026-09-02 00:28:05.962205,stage3-lowpower,1204,43.0,,,,19108,16.2,84.8,3.7,198,-118,-6.7
2026-09-02 00:31:09.545507,stage4-lowpower-v2,1223,41.0,,,,3051,18.6,91.7,3.79,199,-110,1.3
2026-09-02 00:32:47.050528,stage3-lowpower,1183,46.0,,,,87,16.1,85.6,3.7,199,-120,-8.3
2026-09-02 00:32:50.225565,stage3-lowpower,1199,44.0,,,,3233,16.1,85.4,3.7,199,-120,-8.3
2026-09-02 00:32:53.359913,stage3-lowpower,1199,44.0,,,,6408,16.1,85.2,3.7,199,-119,-7.0
2026-09-02 00:32:56.574180,stage3-lowpower,1203,43.0,,,,9583,16.1,85.0,3.7,199,-119,-7.0
2026-09-02 00:32:59.748877,stage3-lowpower,1199,44.0,,,,12758,16.1,84.8,3.7,199,-118,-6.5
2026-09-02 00:33:02.923438,stage3-lowpower,1203,43.0,,,,15933,16.1,84.7,3.7,199,-119,-7.2
2026-09-02 00:33:06.094643,stage3-lowpower,1203,43.0,,,,19108,16.1,84.8,3.7,199,-118,-6.5
2026-09-02 00:36:09.679979,stage4-lowpower-v2,1223,41.0,,,,3050,18.4,91.7,3.79,200,-110,1.0
2026-09-02 00:37:47.334535,stage3-lowpower,1183,46.0,,,,87,16.0,86.0,3.7,200,-119,-7.5
2026-09-02 00:37:50.486286,stage3-lowpower,1203,43.0,,,,3233,16.0,86.1,3.7,200,-118,-6.5
2026-09-02 00:37:53.658204,stage3-lowpower,1199,44.0,,,,6408,16.0,86.0,3.7,200,-119,-7.2
2026-09-02 00:37:56.908087,stage3-lowpower,1202,43.0,,,,9583,16.0,85.9,3.71,200,-119,-7.0
2026-09-02 00:38:00.082136,stage3-lowpower,1200,44.0,,,,12758,16.0,86.1,3.7,200,-119,-7.2
2026-09-02 00:38:03.201030,stage3-lowpower,1199,44.0,,,,15933,16.0,85.8,3.7,200,-119,-7.5
2026-09-02 00:38:06.431191,stage3-lowpower,1199,44.0,,,,19108,16.0,85.6,3.7,200,-119,-7.5
2026-09-02 00:41:09.914526,stage4-lowpower-v2,1223,41.0,,,,3050,18.4,91.7,3.79,201,-110,1.3
2026-09-02 00:42:47.524378,stage3-lowpower,1181,46.0,,,,87,15.9,85.0,3.7,201,-118,-6.7
2026-09-02 00:42:50.613838,stage3-lowpower,1198,44.0,,,,3233,15.9,84.9,3.7,201,-119,-8.0
2026-09-02 00:42:53.780668,stage3-lowpower,1200,44.0,,,,6408,16.0,84.9,3.7,201,-119,-7.0
2026-09-02 00:42:56.946157,stage3-lowpower,1199,44.0,,,,9583,16.0,84.9,3.7,201,-119,-7.2
2026-09-02 00:43:00.160539,stage3-lowpower,1203,43.0,,,,12758,16.0,84.9,3.7,201,-118,-7.2
2026-09-02 00:43:03.391648,stage3-lowpower,1199,44.0,,,,15933,16.0,84.9,3.7,201,-119,-7.7
2026-09-02 00:43:06.566175,stage3-lowpower,1199,44.0,,,,19108,16.0,85.1,3.7,201,-119,-7.2
2026-09-02 00:46:09.965067,stage4-lowpower-v2,1223,41.0,,,,3050,18.4,91.5,3.79,202,-110,1.3
2026-09-02 00:47:47.552461,stage3-lowpower,1181,46.0,,,,87,15.9,86.1,3.7,202,-118,-5.7
2026-09-02 00:47:50.642232,stage3-lowpower,1198,44.0,,,,3233,15.9,85.9,3.7,202,-119,-7.7
2026-09-02 00:47:53.806810,stage3-lowpower,1199,44.0,,,,6408,15.8,85.8,3.7,202,-120,-8.5
2026-09-02 00:47:56.979527,stage3-lowpower,1199,44.0,,,,9583,15.9,85.9,3.71,202,-119,-7.5
2026-09-02 00:48:00.193766,stage3-lowpower,1199,44.0,,,,12758,15.9,85.9,3.7,202,-119,-7.5
2026-09-02 00:48:03.424239,stage3-lowpower,1203,43.0,,,,15933,15.9,86.1,3.7,202,-120,-8.0
2026-09-02 00:48:06.598201,stage3-lowpower,1199,44.0,,,,19108,15.9,86.1,3.7,202,-119,-7.5
2026-09-02 00:51:10.100194,stage4-lowpower-v2,1216,42.0,,,,3051,18.1,91.0,3.79,203,-110,1.5
2026-09-02 00:52:47.482505,stage3-lowpower,1181,46.0,,,,87,16.0,86.0,3.7,203,-119,-7.0
2026-09-02 00:52:50.657026,stage3-lowpower,1199,44.0,,,,3233,15.9,85.9,3.7,203,-119,-8.0
2026-09-02 00:52:53.831173,stage3-lowpower,1203,43.0,,,,6408,15.9,85.7,3.7,203,-119,-6.7
2026-09-02 00:52:57.044901,stage3-lowpower,1199,44.0,,,,9583,16.0,85.5,3.71,203,-118,-6.7
2026-09-02 00:53:00.137793,stage3-lowpower,1203,43.0,,,,12758,15.9,85.4,3.7,203,-119,-7.2
2026-09-02 00:53:03.302329,stage3-lowpower,1200,44.0,,,,15933,16.0,85.4,3.7,203,-119,-7.2
2026-09-02 00:53:06.525542,stage3-lowpower,1203,43.0,,,,19108,15.9,85.3,3.7,203,-119,-7.5
2026-09-02 00:56:10.107752,stage4-lowpower-v2,1221,41.0,,,,3051,18.0,90.4,3.79,204,-110,1.3
2026-09-02 00:57:47.514514,stage3-lowpower,1180,46.0,,,,87,16.0,85.1,3.7,204,-119,-7.0
2026-09-02 00:57:50.792018,stage3-lowpower,1203,43.0,,,,3233,16.0,85.1,3.7,204,-119,-7.2
2026-09-02 00:57:53.874155,stage3-lowpower,1202,43.0,,,,6408,16.0,85.0,3.7,204,-119,-7.5
2026-09-02 00:57:57.045664,stage3-lowpower,1204,43.0,,,,9583,16.0,84.9,3.7,204,-118,-7.0
2026-09-02 00:58:00.212203,stage3-lowpower,1203,43.0,,,,12758,16.0,84.8,3.7,204,-118,-6.7
2026-09-02 00:58:03.480621,stage3-lowpower,1199,44.0,,,,15933,16.0,84.8,3.7,204,-119,-7.0
2026-09-02 00:58:06.561669,stage3-lowpower,1203,43.0,,,,19108,16.0,84.8,3.7,204,-119,-7.0
2026-09-02 01:01:10.370220,stage4-lowpower-v2,1215,42.0,,,,3051,18.2,90.6,3.79,205,-110,1.8
2026-09-02 01:02:47.650506,stage3-lowpower,1183,46.0,,,,87,16.2,84.6,3.7,205,-119,-6.7
2026-09-02 01:02:50.824698,stage3-lowpower,1203,43.0,,,,3233,16.2,84.7,3.7,205,-119,-7.0
2026-09-02 01:02:53.913193,stage3-lowpower,1200,44.0,,,,6408,16.2,84.7,3.7,205,-119,-8.0
2026-09-02 01:02:57.174022,stage3-lowpower,1202,43.0,,,,9583,16.2,84.5,3.7,205,-119,-7.0
2026-09-02 01:03:00.349453,stage3-lowpower,1204,43.0,,,,12758,16.2,84.2,3.7,205,-119,-6.7
2026-09-02 01:03:03.463625,stage3-lowpower,1200,44.0,,,,15933,16.2,84.1,3.7,205,-120,-8.3
2026-09-02 01:03:06.642276,stage3-lowpower,1203,43.0,,,,19108,16.2,84.0,3.7,205,-118,-6.7
2026-09-02 01:06:10.042489,stage4-lowpower-v2,1223,41.0,,,,3050,18.0,90.0,3.79,206,-110,1.0
2026-09-02 01:07:47.990511,stage3-lowpower,1182,46.0,,,,87,16.2,84.7,3.7,206,-119,-7.5
2026-09-02 01:07:51.164697,stage3-lowpower,1203,43.0,,,,3233,16.2,84.4,3.7,206,-119,-7.0
2026-09-02 01:07:54.338115,stage3-lowpower,1204,43.0,,,,6408,16.2,84.5,3.7,206,-118,-6.7
2026-09-02 01:07:57.410178,stage3-lowpower,1203,43.0,,,,9583,16.2,84.9,3.7,206,-120,-8.5
2026-09-02 01:08:00.564586,stage3-lowpower,1205,43.0,,,,12758,16.2,85.0,3.7,206,-119,-7.2
2026-09-02 01:08:03.759265,stage3-lowpower,1203,43.0,,,,15933,16.2,84.8,3.7,206,-119,-7.0
2026-09-02 01:08:06.948590,stage3-lowpower,1203,43.0,,,,19108,16.2,84.5,3.7,206,-119,-8.0
2026-09-02 01:11:10.334167,stage4-lowpower-v2,1223,41.0,,,,3051,18.1,91.1,3.79,207,-110,1.3
2026-09-02 01:12:47.980306,stage3-lowpower,1183,46.0,,,,87,16.2,83.6,3.7,207,-118,-6.2
2026-09-02 01:12:51.197715,stage3-lowpower,1199,44.0,,,,3233,16.3,83.7,3.7,207,-118,-6.2
2026-09-02 01:12:54.371437,stage3-lowpower,1204,43.0,,,,6408,16.3,83.7,3.7,207,-120,-7.7
2026-09-02 01:12:57.545933,stage3-lowpower,1203,43.0,,,,9583,16.2,83.9,3.71,207,-119,-7.2
2026-09-02 01:13:00.647693,stage3-lowpower,1203,43.0,,,,12758,16.3,84.2,3.7,207,-118,-6.7
2026-09-02 01:13:03.895225,stage3-lowpower,1207,43.0,,,,15933,16.3,84.8,3.7,207,-119,-7.0
2026-09-02 01:13:07.033387,stage3-lowpower,1204,43.0,,,,19108,16.3,85.1,3.7,207,-119,-7.2
2026-09-02 01:16:10.469053,stage4-lowpower-v2,1223,41.0,,,,3051,17.9,91.2,3.79,208,-110,1.8
2026-09-02 01:17:48.158330,stage3-lowpower,1182,46.0,,,,87,16.3,83.1,3.7,208,-122,-10.5
2026-09-02 01:17:51.332866,stage3-lowpower,1199,44.0,,,,3233,16.3,83.4,3.7,208,-120,-8.0
2026-09-02 01:17:54.509141,stage3-lowpower,1204,43.0,,,,6408,16.3,83.4,3.7,208,-120,-8.3
2026-09-02 01:17:57.681693,stage3-lowpower,1203,43.0,,,,9583,16.3,83.6,3.7,208,-120,-8.8
2026-09-02 01:18:00.841396,stage3-lowpower,1204,43.0,,,,12758,16.3,83.5,3.7,208,-119,-7.7
2026-09-02 01:18:04.030919,stage3-lowpower,1203,43.0,,,,15933,16.2,83.2,3.7,208,-119,-7.5
2026-09-02 01:18:07.172732,stage3-lowpower,1205,43.0,,,,19108,16.2,83.2,3.7,208,-119,-8.0
2026-09-02 01:21:10.518051,stage4-lowpower-v2,1222,41.0,,,,3051,17.6,91.0,3.79,209,-110,1.0
2026-09-02 01:22:48.191694,stage3-lowpower,1183,46.0,,,,87,16.1,82.7,3.7,209,-119,-7.7
2026-09-02 01:22:51.365735,stage3-lowpower,1199,44.0,,,,3233,16.1,82.6,3.7,209,-120,-8.8
2026-09-02 01:22:54.538079,stage3-lowpower,1199,44.0,,,,6408,16.1,82.8,3.7,209,-120,-8.5
2026-09-02 01:22:57.714124,stage3-lowpower,1199,44.0,,,,9583,16.1,83.2,3.7,209,-119,-7.7
2026-09-02 01:23:00.991381,stage3-lowpower,1204,43.0,,,,12758,16.1,83.3,3.7,209,-119,-7.5
2026-09-02 01:23:04.048211,stage3-lowpower,1204,43.0,,,,15933,16.1,83.4,3.7,209,-119,-7.5
2026-09-02 01:23:07.237838,stage3-lowpower,1204,43.0,,,,19108,16.1,83.4,3.7,209,-119,-7.2
2026-09-02 01:26:10.637011,stage4-lowpower-v2,1223,41.0,,,,3051,17.5,88.4,3.79,210,-110,1.0
2026-09-02 01:27:48.326515,stage3-lowpower,1183,46.0,,,,87,16.2,82.7,3.7,210,-121,-8.8
2026-09-02 01:27:51.504505,stage3-lowpower,1203,43.0,,,,3233,16.2,82.1,3.7,210,-119,-8.0
2026-09-02 01:27:54.675465,stage3-lowpower,1204,43.0,,,,6408,16.2,81.9,3.7,210,-120,-8.3
2026-09-02 01:27:57.849740,stage3-lowpower,1203,43.0,,,,9583,16.2,81.9,3.7,210,-120,-8.5
2026-09-02 01:28:01.024210,stage3-lowpower,1203,43.0,,,,12758,16.2,82.0,3.7,210,-120,-8.0
2026-09-02 01:28:04.150233,stage3-lowpower,1204,43.0,,,,15933,16.2,82.1,3.7,210,-119,-8.0
2026-09-02 01:28:07.373033,stage3-lowpower,1203,43.0,,,,19108,16.2,82.3,3.7,210,-120,-8.3
2026-09-02 01:31:10.736764,stage4-lowpower-v2,1223,41.0,,,,3051,17.6,91.0,3.79,211,-110,1.5
2026-09-02 01:32:48.359698,stage3-lowpower,1181,46.0,,,,87,16.2,83.3,3.7,211,-119,-7.7
2026-09-02 01:32:51.533642,stage3-lowpower,1203,43.0,,,,3233,16.2,82.8,3.7,211,-119,-7.7
2026-09-02 01:32:54.722176,stage3-lowpower,1203,43.0,,,,6408,16.2,82.6,3.7,211,-119,-7.5
2026-09-02 01:32:57.984888,stage3-lowpower,1203,43.0,,,,9583,16.2,82.4,3.7,211,-119,-7.2
2026-09-02 01:33:01.057007,stage3-lowpower,1205,43.0,,,,12758,16.2,82.2,3.7,211,-119,-7.2
2026-09-02 01:33:04.215482,stage3-lowpower,1203,43.0,,,,15933,16.2,82.3,3.7,211,-119,-7.5
2026-09-02 01:33:07.406081,stage3-lowpower,1205,43.0,,,,19108,16.2,82.6,3.7,211,-119,-7.2
2026-09-02 01:36:10.430444,stage4-lowpower-v2,1222,41.0,,,,3051,17.6,90.1,3.79,212,-110,1.3
2026-09-02 01:37:48.461960,stage3-lowpower,1182,46.0,,,,87,16.3,81.4,3.7,212,-118,-7.0
2026-09-02 01:37:51.770211,stage3-lowpower,1203,43.0,,,,3233,16.3,81.5,3.71,212,-119,-7.5
2026-09-02 01:37:54.850197,stage3-lowpower,1200,44.0,,,,6408,16.3,81.5,3.7,212,-119,-7.7
2026-09-02 01:37:58.119651,stage3-lowpower,1203,43.0,,,,9583,16.3,81.4,3.7,212,-119,-7.5
2026-09-02 01:38:01.192261,stage3-lowpower,1204,43.0,,,,12758,16.3,81.2,3.7,212,-119,-7.5
2026-09-02 01:38:04.366119,stage3-lowpower,1202,43.0,,,,15933,16.3,81.3,3.7,212,-119,-7.5
2026-09-02 01:38:07.643449,stage3-lowpower,1205,43.0,,,,19108,16.3,81.4,3.7,212,-119,-7.0
2026-09-02 01:41:10.516938,stage4-lowpower-v2,1223,41.0,,,,3051,17.5,91.1,3.79,213,-111,0.8
2026-09-02 01:42:48.425417,stage3-lowpower,1184,46.0,,,,87,16.2,83.3,3.7,213,-118,-6.5
2026-09-02 01:42:51.701877,stage3-lowpower,1202,43.0,,,,3233,16.2,83.0,3.7,213,-119,-6.7
2026-09-02 01:42:54.876316,stage3-lowpower,1203,43.0,,,,6408,16.2,82.7,3.7,213,-118,-6.5
2026-09-02 01:42:58.050118,stage3-lowpower,1205,43.0,,,,9583,16.2,82.6,3.7,213,-119,-6.7
2026-09-02 01:43:01.225087,stage3-lowpower,1203,43.0,,,,12758,16.2,82.9,3.7,213,-118,-6.5
2026-09-02 01:43:04.398116,stage3-lowpower,1205,43.0,,,,15933,16.3,83.5,3.7,213,-119,-7.0
2026-09-02 01:43:07.462224,stage3-lowpower,1205,43.0,,,,19108,16.2,83.3,3.7,213,-119,-6.7
2026-09-02 01:46:10.666068,stage4-lowpower-v2,1222,41.0,,,,3051,17.5,90.6,3.79,214,-110,1.0
2026-09-02 01:47:48.354497,stage3-lowpower,1182,46.0,,,,87,16.3,81.5,3.7,214,-119,-7.2
2026-09-02 01:47:51.529947,stage3-lowpower,1204,43.0,,,,3233,16.3,81.4,3.7,214,-119,-7.0
2026-09-02 01:47:54.704535,stage3-lowpower,1203,43.0,,,,6408,16.3,81.4,3.7,214,-118,-6.5
2026-09-02 01:47:57.981344,stage3-lowpower,1204,43.0,,,,9583,16.3,81.5,3.7,214,-119,-7.2
2026-09-02 01:48:01.156907,stage3-lowpower,1203,43.0,,,,12758,16.4,81.7,3.7,214,-119,-7.2
2026-09-02 01:48:04.227893,stage3-lowpower,1204,43.0,,,,15933,16.4,81.8,3.7,214,-119,-7.2
2026-09-02 01:48:07.386195,stage3-lowpower,1204,43.0,,,,19108,16.4,81.9,3.7,214,-119,-7.2
2026-09-02 01:51:10.704838,stage4-lowpower-v2,1224,41.0,,,,3051,17.4,90.9,3.79,215,-110,1.3
2026-09-02 01:52:48.498519,stage3-lowpower,1181,46.0,,,,87,16.2,80.9,3.7,215,-118,-6.2
2026-09-02 01:52:51.671384,stage3-lowpower,1199,44.0,,,,3233,16.2,81.3,3.7,215,-117,-5.7
2026-09-02 01:52:54.820540,stage3-lowpower,1199,44.0,,,,6408,16.1,81.7,3.7,215,-118,-6.7
2026-09-02 01:52:58.019931,stage3-lowpower,1199,44.0,,,,9583,16.1,81.6,3.7,215,-118,-6.7
2026-09-02 01:53:01.194179,stage3-lowpower,1200,44.0,,,,12758,16.1,81.3,3.7,215,-118,-6.7
2026-09-02 01:53:04.471418,stage3-lowpower,1205,43.0,,,,15933,16.1,81.3,3.7,215,-119,-7.2
2026-09-02 01:53:07.534187,stage3-lowpower,1203,43.0,,,,19108,16.1,81.3,3.7,215,-118,-6.5
2026-09-02 01:56:10.738489,stage4-lowpower-v2,1224,41.0,,,,3051,17.3,90.6,3.79,216,-110,1.3
2026-09-02 01:57:48.634057,stage3-lowpower,1184,46.0,,,,87,16.2,83.3,3.7,216,-118,-7.0
2026-09-02 01:57:51.809082,stage3-lowpower,1200,44.0,,,,3233,16.2,82.6,3.7,216,-118,-6.2
2026-09-02 01:57:54.982196,stage3-lowpower,1203,43.0,,,,6408,16.3,82.2,3.7,216,-118,-6.7
2026-09-02 01:57:58.157298,stage3-lowpower,1205,43.0,,,,9583,16.2,81.9,3.7,216,-118,-6.5
2026-09-02 01:58:01.303832,stage3-lowpower,1205,43.0,,,,12758,16.2,82.0,3.7,216,-119,-7.7
2026-09-02 01:58:04.505777,stage3-lowpower,1199,44.0,,,,15933,16.2,82.2,3.7,216,-119,-7.0
2026-09-02 01:58:07.681171,stage3-lowpower,1205,43.0,,,,19108,16.3,82.1,3.7,216,-119,-7.2
2026-09-02 02:01:10.728782,stage4-lowpower-v2,1223,41.0,,,,3051,17.2,90.2,3.79,217,-110,1.3
2026-09-02 02:02:48.564565,stage3-lowpower,1187,45.0,,,,87,16.3,82.9,3.7,217,-120,-8.0
2026-09-02 02:02:51.738134,stage3-lowpower,1203,43.0,,,,3233,16.3,83.3,3.7,217,-120,-8.8
2026-09-02 02:02:54.912871,stage3-lowpower,1204,43.0,,,,6408,16.3,83.3,3.7,217,-120,-8.8
2026-09-02 02:02:58.087344,stage3-lowpower,1200,44.0,,,,9583,16.3,83.5,3.7,217,-120,-8.3
2026-09-02 02:03:01.261810,stage3-lowpower,1204,43.0,,,,12758,16.3,83.3,3.7,217,-120,-8.3
2026-09-02 02:03:04.434110,stage3-lowpower,1202,43.0,,,,15933,16.3,83.4,3.7,217,-120,-8.5
2026-09-02 02:03:07.613255,stage3-lowpower,1203,43.0,,,,19108,16.3,83.4,3.7,217,-120,-8.5
2026-09-02 02:06:10.848722,stage4-lowpower-v2,1222,41.0,,,,3051,17.0,88.0,3.79,218,-110,1.5
2026-09-02 02:07:48.493913,stage3-lowpower,1183,46.0,,,,87,16.2,82.6,3.7,218,-119,-7.2
2026-09-02 02:07:51.668237,stage3-lowpower,1203,43.0,,,,3233,16.2,82.4,3.7,218,-119,-7.2
2026-09-02 02:07:54.842227,stage3-lowpower,1202,43.0,,,,6408,16.2,82.5,3.7,218,-119,-7.2
2026-09-02 02:07:57.935274,stage3-lowpower,1205,43.0,,,,9583,16.2,82.4,3.7,218,-119,-7.0
2026-09-02 02:08:01.190242,stage3-lowpower,1204,43.0,,,,12758,16.2,82.4,3.7,218,-119,-6.7
2026-09-02 02:08:04.365160,stage3-lowpower,1203,43.0,,,,15933,16.3,82.6,3.7,218,-118,-6.5
2026-09-02 02:08:07.540091,stage3-lowpower,1202,43.0,,,,19108,16.3,82.5,3.7,218,-119,-7.2
2026-09-02 02:11:10.979292,stage4-lowpower-v2,1222,41.0,,,,3050,17.1,90.2,3.79,219,-110,1.3
2026-09-02 02:12:48.424945,stage3-lowpower,1183,46.0,,,,87,16.3,79.8,3.7,219,-121,-9.3
2026-09-02 02:12:51.598160,stage3-lowpower,1203,43.0,,,,3233,16.3,80.2,3.7,219,-120,-8.0
2026-09-02 02:12:54.670034,stage3-lowpower,1204,43.0,,,,6408,16.3,80.2,3.7,219,-119,-7.2
2026-09-02 02:12:57.816844,stage3-lowpower,1203,43.0,,,,9583,16.3,80.2,3.7,219,-119,-7.5
2026-09-02 02:13:01.018205,stage3-lowpower,1204,43.0,,,,12758,16.3,80.2,3.7,219,-120,-8.0
2026-09-02 02:13:04.295503,stage3-lowpower,1204,43.0,,,,15933,16.3,80.4,3.7,219,-119,-7.2
2026-09-02 02:13:07.470207,stage3-lowpower,1206,43.0,,,,19108,16.3,80.7,3.7,219,-120,-8.5
2026-09-02 02:16:11.074096,stage4-lowpower-v2,1223,41.0,,,,3051,17.2,90.5,3.79,220,-110,1.3
2026-09-02 02:17:48.221658,stage3-lowpower,1183,46.0,,,,87,16.4,80.8,3.7,220,-119,-7.5
2026-09-02 02:17:51.426152,stage3-lowpower,1205,43.0,,,,3233,16.3,80.5,3.7,220,-119,-7.2
2026-09-02 02:17:54.554196,stage3-lowpower,1205,43.0,,,,6408,16.3,80.2,3.7,220,-119,-7.0
2026-09-02 02:17:57.878018,stage3-lowpower,1203,43.0,,,,9583,16.4,80.2,3.7,220,-119,-7.5
2026-09-02 02:18:01.051458,stage3-lowpower,1203,43.0,,,,12758,16.4,80.1,3.71,220,-119,-7.2
2026-09-02 02:18:04.123679,stage3-lowpower,1204,43.0,,,,15933,16.3,80.0,3.7,220,-119,-7.0
2026-09-02 02:18:07.299287,stage3-lowpower,1205,43.0,,,,19108,16.4,80.2,3.7,220,-118,-6.7
2026-09-02 02:21:11.214488,stage4-lowpower-v2,1222,41.0,,,,3051,17.2,90.5,3.79,221,-111,1.0
2026-09-02 02:22:48.452162,stage3-lowpower,1188,45.0,,,,87,16.4,80.9,3.7,221,-119,-7.7
2026-09-02 02:22:51.663802,stage3-lowpower,1205,43.0,,,,3233,16.4,80.9,3.7,221,-119,-7.7
2026-09-02 02:22:54.838221,stage3-lowpower,1205,43.0,,,,6408,16.4,80.9,3.7,221,-120,-8.3
2026-09-02 02:22:58.012608,stage3-lowpower,1205,43.0,,,,9583,16.4,81.0,3.7,221,-119,-7.0
2026-09-02 02:23:01.187522,stage3-lowpower,1205,43.0,,,,12758,16.4,81.0,3.7,221,-120,-8.3
2026-09-02 02:23:04.362111,stage3-lowpower,1205,43.0,,,,15933,16.5,80.9,3.7,221,-119,-7.2
2026-09-02 02:23:07.535892,stage3-lowpower,1205,43.0,,,,19108,16.4,80.7,3.7,221,-118,-6.7
2026-09-02 02:26:11.344586,stage4-lowpower-v2,1224,41.0,,,,3051,17.1,89.4,3.79,222,-110,1.3
2026-09-02 02:27:48.420110,stage3-lowpower,1187,45.0,,,,87,16.4,81.4,3.7,222,-120,-8.3
2026-09-02 02:27:51.566207,stage3-lowpower,1199,44.0,,,,3233,16.4,81.3,3.7,222,-120,-9.0
2026-09-02 02:27:54.780564,stage3-lowpower,1205,43.0,,,,6408,16.4,81.2,3.7,222,-119,-7.7
2026-09-02 02:27:58.045744,stage3-lowpower,1205,43.0,,,,9583,16.4,81.5,3.7,222,-120,-8.0
2026-09-02 02:28:01.219843,stage3-lowpower,1205,43.0,,,,12758,16.4,81.5,3.7,222,-120,-8.3
2026-09-02 02:28:04.395677,stage3-lowpower,1205,43.0,,,,15933,16.4,81.5,3.7,222,-119,-8.0
2026-09-02 02:28:07.468382,stage3-lowpower,1205,43.0,,,,19108,16.4,81.8,3.7,222,-120,-8.0
2026-09-02 02:31:11.406508,stage4-lowpower-v2,1223,41.0,,,,3051,17.2,90.7,3.79,223,-110,1.0
2026-09-02 02:32:48.556685,stage3-lowpower,1184,46.0,,,,87,16.4,81.2,3.7,223,-119,-7.2
2026-09-02 02:32:51.730080,stage3-lowpower,1204,43.0,,,,3233,16.4,81.3,3.7,223,-119,-7.5
2026-09-02 02:32:54.802174,stage3-lowpower,1205,43.0,,,,6408,16.4,81.3,3.7,223,-120,-8.0
2026-09-02 02:32:57.979321,stage3-lowpower,1203,43.0,,,,9583,16.4,81.3,3.7,223,-119,-7.7
2026-09-02 02:33:01.151738,stage3-lowpower,1205,43.0,,,,12758,16.3,81.6,3.7,223,-120,-7.7
2026-09-02 02:33:04.283298,stage3-lowpower,1203,43.0,,,,15933,16.4,81.9,3.7,223,-120,-8.0
2026-09-02 02:33:07.604829,stage3-lowpower,1204,43.0,,,,19108,16.4,82.3,3.7,223,-119,-7.5
2026-09-02 02:36:11.617116,stage4-lowpower-v2,1225,41.0,,,,3051,17.1,90.8,3.79,224,-110,1.3
2026-09-02 02:37:48.487746,stage3-lowpower,1183,46.0,,,,87,16.3,82.1,3.7,224,-118,-6.0
2026-09-02 02:37:51.561885,stage3-lowpower,1199,44.0,,,,3233,16.3,82.1,3.7,224,-118,-6.2
2026-09-02 02:37:54.739475,stage3-lowpower,1203,43.0,,,,6408,16.3,82.0,3.7,224,-118,-6.2
2026-09-02 02:37:57.908308,stage3-lowpower,1205,43.0,,,,9583,16.3,81.9,3.7,224,-119,-7.5
2026-09-02 02:38:01.085594,stage3-lowpower,1204,43.0,,,,12758,16.3,82.0,3.7,224,-119,-7.2
2026-09-02 02:38:04.359394,stage3-lowpower,1205,43.0,,,,15933,16.3,82.0,3.7,224,-119,-7.2
2026-09-02 02:38:07.537064,stage3-lowpower,1205,43.0,,,,19108,16.3,81.8,3.7,224,-119,-7.0
2026-09-02 02:41:11.654520,stage4-lowpower-v2,1223,41.0,,,,3051,17.1,89.3,3.8,225,-110,1.0
2026-09-02 02:42:48.425678,stage3-lowpower,1183,46.0,,,,87,16.3,82.9,3.7,225,-119,-7.7
2026-09-02 02:42:51.694186,stage3-lowpower,1203,43.0,,,,3233,16.3,83.2,3.7,225,-119,-6.7
2026-09-02 02:42:54.768470,stage3-lowpower,1203,43.0,,,,6408,16.3,83.1,3.7,225,-119,-7.0
2026-09-02 02:42:58.043745,stage3-lowpower,1205,43.0,,,,9583,16.3,83.0,3.7,225,-118,-6.0
2026-09-02 02:43:01.218193,stage3-lowpower,1203,43.0,,,,12758,16.3,82.9,3.7,225,-118,-6.2
2026-09-02 02:43:04.392526,stage3-lowpower,1203,43.0,,,,15933,16.3,82.9,3.7,225,-118,-6.5
2026-09-02 02:43:07.567435,stage3-lowpower,1206,43.0,,,,19108,16.3,82.9,3.7,225,-118,-6.0
2026-09-02 02:46:11.270531,stage4-lowpower-v2,1223,41.0,,,,3051,17.1,90.3,3.79,226,-110,1.5
2026-09-02 02:47:48.658515,stage3-lowpower,1186,45.0,,,,87,16.3,82.3,3.7,226,-118,-6.2
2026-09-02 02:47:51.930123,stage3-lowpower,1203,43.0,,,,3233,16.3,82.5,3.7,226,-118,-6.0
2026-09-02 02:47:54.993180,stage3-lowpower,1205,43.0,,,,6408,16.3,82.6,3.7,226,-119,-7.2
2026-09-02 02:47:58.177337,stage3-lowpower,1203,43.0,,,,9583,16.3,82.8,3.7,226,-118,-6.0
2026-09-02 02:48:01.455209,stage3-lowpower,1206,43.0,,,,12758,16.3,83.1,3.7,226,-119,-7.0
2026-09-02 02:48:04.627790,stage3-lowpower,1205,43.0,,,,15933,16.3,82.9,3.7,226,-117,-5.5
2026-09-02 02:48:07.802190,stage3-lowpower,1203,43.0,,,,19108,16.3,82.7,3.7,226,-118,-6.2
2026-09-02 02:51:11.261100,stage4-lowpower-v2,1221,41.0,,,,3051,16.8,88.5,3.79,227,-111,1.0
2026-09-02 02:52:48.635412,stage3-lowpower,1183,46.0,,,,87,16.2,81.5,3.7,227,-118,-6.7
2026-09-02 02:52:51.860138,stage3-lowpower,1200,44.0,,,,3233,16.2,81.6,3.7,227,-119,-7.5
2026-09-02 02:52:54.976863,stage3-lowpower,1203,43.0,,,,6408,16.2,81.8,3.7,227,-119,-7.7
2026-09-02 02:52:58.206107,stage3-lowpower,1204,43.0,,,,9583,16.2,82.1,3.7,227,-121,-9.0
2026-09-02 02:53:01.383302,stage3-lowpower,1203,43.0,,,,12758,16.2,82.2,3.7,227,-119,-7.7
2026-09-02 02:53:04.558116,stage3-lowpower,1200,44.0,,,,15933,16.2,82.1,3.7,227,-118,-6.7
2026-09-02 02:53:07.732598,stage3-lowpower,1202,43.0,,,,19108,16.2,82.3,3.7,227,-119,-7.5
2026-09-02 02:56:11.438170,stage4-lowpower-v2,1223,41.0,,,,3051,16.9,91.0,3.79,228,-110,1.0
2026-09-02 02:57:49.026398,stage3-lowpower,1183,46.0,,,,87,16.0,83.8,3.7,228,-118,-6.5
2026-09-02 02:57:52.199575,stage3-lowpower,1203,43.0,,,,3233,16.0,83.8,3.7,228,-118,-6.0
2026-09-02 02:57:55.316319,stage3-lowpower,1202,43.0,,,,6408,16.0,84.0,3.7,228,-118,-6.2
2026-09-02 02:57:58.548603,stage3-lowpower,1205,43.0,,,,9583,16.0,84.1,3.7,228,-119,-7.0
2026-09-02 02:58:01.722221,stage3-lowpower,1203,43.0,,,,12758,16.0,84.0,3.7,228,-117,-5.7
2026-09-02 02:58:04.896829,stage3-lowpower,1203,43.0,,,,15933,16.0,83.9,3.7,228,-118,-6.5
2026-09-02 02:58:08.072134,stage3-lowpower,1204,43.0,,,,19108,16.0,83.7,3.7,228,-119,-7.2
2026-09-02 03:01:11.486289,stage4-lowpower-v2,1223,41.0,,,,3051,16.9,90.8,3.79,229,-110,1.3
2026-09-02 03:02:49.160316,stage3-lowpower,1183,46.0,,,,87,16.0,83.7,3.7,229,-117,-5.5
2026-09-02 03:02:52.243662,stage3-lowpower,1199,44.0,,,,3233,16.0,83.7,3.7,229,-117,-5.5
2026-09-02 03:02:55.460795,stage3-lowpower,1203,43.0,,,,6408,16.0,83.4,3.7,229,-118,-5.5
2026-09-02 03:02:58.683093,stage3-lowpower,1205,43.0,,,,9583,16.0,83.5,3.7,229,-117,-5.5
2026-09-02 03:03:01.857665,stage3-lowpower,1199,44.0,,,,12758,16.0,83.6,3.7,229,-118,-6.0
2026-09-02 03:03:05.031607,stage3-lowpower,1200,44.0,,,,15933,16.0,83.5,3.7,229,-117,-5.7
2026-09-02 03:03:08.206192,stage3-lowpower,1204,43.0,,,,19108,16.0,83.5,3.7,229,-117,-5.2
2026-09-02 03:06:11.605540,stage4-lowpower-v2,1223,41.0,,,,3050,16.9,90.7,3.79,230,-111,1.3
2026-09-02 03:07:49.189822,stage3-lowpower,1181,46.0,,,,87,16.1,82.8,3.7,230,-119,-7.0
2026-09-02 03:07:52.322238,stage3-lowpower,1200,44.0,,,,3233,16.1,82.4,3.7,230,-118,-6.7
2026-09-02 03:07:55.541392,stage3-lowpower,1204,43.0,,,,6408,16.1,82.2,3.7,230,-118,-6.5
2026-09-02 03:07:58.715632,stage3-lowpower,1202,43.0,,,,9583,16.1,82.2,3.7,230,-118,-6.2
2026-09-02 03:08:01.869007,stage3-lowpower,1205,43.0,,,,12758,16.1,82.4,3.7,230,-118,-5.7
2026-09-02 03:08:05.064567,stage3-lowpower,1204,43.0,,,,15933,16.1,82.8,3.7,230,-118,-6.0
2026-09-02 03:08:08.239575,stage3-lowpower,1202,43.0,,,,19108,16.1,83.2,3.7,230,-118,-6.2
2026-09-02 03:11:11.330527,stage4-lowpower-v2,1223,41.0,,,,3050,16.7,89.3,3.79,231,-110,1.5
2026-09-02 03:12:49.226248,stage3-lowpower,1183,46.0,,,,87,16.0,82.0,3.7,231,-118,-6.0
2026-09-02 03:12:52.399693,stage3-lowpower,1204,43.0,,,,3233,16.0,82.5,3.7,231,-118,-6.5
2026-09-02 03:12:55.477826,stage3-lowpower,1202,43.0,,,,6408,16.0,82.6,3.7,231,-118,-6.5
2026-09-02 03:12:58.674025,stage3-lowpower,1203,43.0,,,,9583,16.0,82.6,3.7,231,-118,-6.2
2026-09-02 03:13:01.920402,stage3-lowpower,1203,43.0,,,,12758,16.0,82.3,3.7,231,-119,-6.7
2026-09-02 03:13:05.210046,stage3-lowpower,1204,43.0,,,,15933,16.0,82.0,3.7,231,-118,-6.2
2026-09-02 03:13:08.275186,stage3-lowpower,1199,44.0,,,,19108,16.0,81.9,3.7,231,-118,-6.2
2026-09-02 03:16:10.954004,stage4-lowpower-v2,1223,41.0,,,,3051,16.8,90.7,3.79,232,-111,1.5
2026-09-02 03:17:49.102206,stage3-lowpower,1182,46.0,,,,87,16.1,82.9,3.7,232,-118,-6.5
2026-09-02 03:17:52.329827,stage3-lowpower,1204,43.0,,,,3233,16.1,82.8,3.7,232,-118,-6.2
2026-09-02 03:17:55.436663,stage3-lowpower,1199,44.0,,,,6408,16.1,82.5,3.7,232,-118,-6.5
2026-09-02 03:17:58.658664,stage3-lowpower,1205,43.0,,,,9583,16.1,82.3,3.7,232,-118,-6.2
2026-09-02 03:18:01.865953,stage3-lowpower,1204,43.0,,,,12758,16.1,82.2,3.7,232,-118,-6.5
2026-09-02 03:18:05.028570,stage3-lowpower,1202,43.0,,,,15933,16.1,82.1,3.7,232,-119,-6.7
2026-09-02 03:18:08.201876,stage3-lowpower,1205,43.0,,,,19108,16.1,82.0,3.7,232,-120,-8.8
2026-09-02 03:21:10.986475,stage4-lowpower-v2,1223,41.0,,,,3051,16.9,91.3,3.79,233,-111,1.0
2026-09-02 03:22:49.394142,stage3-lowpower,1183,46.0,,,,87,16.2,81.7,3.7,233,-119,-6.7
2026-09-02 03:22:52.567195,stage3-lowpower,1199,44.0,,,,3233,16.2,81.7,3.7,233,-119,-7.0
2026-09-02 03:22:55.721140,stage3-lowpower,1203,43.0,,,,6408,16.2,81.7,3.7,233,-118,-7.0
2026-09-02 03:22:58.856519,stage3-lowpower,1199,44.0,,,,9583,16.2,81.7,3.7,233,-118,-6.0
2026-09-02 03:23:02.090167,stage3-lowpower,1205,43.0,,,,12758,16.2,81.6,3.7,233,-118,-6.0
2026-09-02 03:23:05.264576,stage3-lowpower,1205,43.0,,,,15933,16.2,81.7,3.7,233,-117,-5.7
2026-09-02 03:23:08.439749,stage3-lowpower,1203,43.0,,,,19108,16.2,81.7,3.7,233,-117,-5.2
2026-09-02 03:26:11.121573,stage4-lowpower-v2,1223,41.0,,,,3050,16.8,88.4,3.79,234,-110,1.3
2026-09-02 03:27:49.219929,stage3-lowpower,1181,46.0,,,,87,15.9,82.3,3.7,234,-118,-6.2
2026-09-02 03:27:52.393866,stage3-lowpower,1199,44.0,,,,3233,15.9,82.2,3.7,234,-117,-5.2
2026-09-02 03:27:55.537371,stage3-lowpower,1199,44.0,,,,6408,15.9,82.2,3.7,234,-117,-5.2
2026-09-02 03:27:58.742139,stage3-lowpower,1203,43.0,,,,9583,15.9,82.1,3.7,234,-118,-6.0
2026-09-02 03:28:01.916754,stage3-lowpower,1199,44.0,,,,12758,15.9,82.1,3.7,234,-117,-5.5
2026-09-02 03:28:05.091721,stage3-lowpower,1203,43.0,,,,15933,15.9,82.1,3.7,234,-117,-5.5
2026-09-02 03:28:08.265692,stage3-lowpower,1205,43.0,,,,19108,15.9,82.1,3.7,234,-118,-6.7
2026-09-02 03:31:11.358539,stage4-lowpower-v2,1223,41.0,,,,3050,16.8,91.1,3.79,235,-110,1.0
2026-09-02 03:32:49.362164,stage3-lowpower,1184,46.0,,,,87,16.1,84.1,3.7,235,-118,-6.0
2026-09-02 03:32:52.529254,stage3-lowpower,1204,43.0,,,,3233,16.1,83.8,3.7,235,-118,-6.0
2026-09-02 03:32:55.631740,stage3-lowpower,1203,43.0,,,,6408,16.1,83.4,3.7,235,-117,-5.5
2026-09-02 03:32:58.877688,stage3-lowpower,1203,43.0,,,,9583,16.1,83.1,3.7,235,-118,-6.2
2026-09-02 03:33:02.026217,stage3-lowpower,1205,43.0,,,,12758,16.1,83.1,3.7,235,-119,-7.2
2026-09-02 03:33:05.226002,stage3-lowpower,1205,43.0,,,,15933,16.1,82.8,3.7,235,-118,-6.2
2026-09-02 03:33:08.400547,stage3-lowpower,1205,43.0,,,,19108,16.1,82.8,3.7,235,-118,-6.0
2026-09-02 03:36:11.492770,stage4-lowpower-v2,1223,41.0,,,,3051,16.7,90.5,3.79,236,-111,1.0
2026-09-02 03:37:49.489160,stage3-lowpower,1183,46.0,,,,87,16.1,81.2,3.7,236,-118,-6.0
2026-09-02 03:37:52.669408,stage3-lowpower,1204,43.0,,,,3233,16.1,81.2,3.7,236,-118,-6.7
2026-09-02 03:37:55.785517,stage3-lowpower,1205,43.0,,,,6408,16.1,81.3,3.7,236,-118,-6.7
2026-09-02 03:37:58.950151,stage3-lowpower,1205,43.0,,,,9583,16.1,81.4,3.7,236,-118,-6.2
2026-09-02 03:38:02.113948,stage3-lowpower,1205,43.0,,,,12758,16.1,81.7,3.7,236,-118,-6.7
2026-09-02 03:38:05.360417,stage3-lowpower,1205,43.0,,,,15933,16.1,81.7,3.7,236,-118,-6.5
2026-09-02 03:38:08.534161,stage3-lowpower,1204,43.0,,,,19108,16.1,81.5,3.7,236,-119,-6.5
2026-09-02 03:41:11.524740,stage4-lowpower-v2,1223,41.0,,,,3051,16.7,89.9,3.79,237,-110,1.3
2026-09-02 03:42:49.522611,stage3-lowpower,1184,46.0,,,,87,16.1,83.2,3.7,237,-118,-8.8
2026-09-02 03:42:52.592697,stage3-lowpower,1203,43.0,,,,3233,16.1,83.3,3.7,237,-119,-7.5
2026-09-02 03:42:55.768506,stage3-lowpower,1203,43.0,,,,6408,16.1,82.8,3.7,237,-118,-6.5
2026-09-02 03:42:58.879109,stage3-lowpower,1205,43.0,,,,9583,16.0,82.2,3.7,237,-119,-7.2
2026-09-02 03:43:02.116295,stage3-lowpower,1204,43.0,,,,12758,16.1,82.0,3.7,237,-119,-7.2
2026-09-02 03:43:05.290153,stage3-lowpower,1205,43.0,,,,15933,16.1,81.8,3.7,237,-118,-6.5
2026-09-02 03:43:08.465594,stage3-lowpower,1203,43.0,,,,19108,16.1,81.6,3.7,237,-117,-5.7
2026-09-02 03:46:11.790511,stage4-lowpower-v2,1225,41.0,,,,3051,16.8,90.3,3.79,238,-111,0.8
2026-09-02 03:47:49.450532,stage3-lowpower,1187,45.0,,,,87,16.2,82.6,3.7,238,-119,-7.7
2026-09-02 03:47:52.625606,stage3-lowpower,1205,43.0,,,,3233,16.2,82.3,3.7,238,-119,-7.5
2026-09-02 03:47:55.818487,stage3-lowpower,1199,44.0,,,,6408,16.2,82.1,3.7,238,-119,-7.7
2026-09-02 03:47:59.078100,stage3-lowpower,1204,43.0,,,,9583,16.2,82.0,3.7,238,-119,-7.5
2026-09-02 03:48:02.250220,stage3-lowpower,1205,43.0,,,,12758,16.2,82.2,3.7,238,-119,-7.2
2026-09-02 03:48:05.474118,stage3-lowpower,1205,43.0,,,,15933,16.2,82.2,3.7,238,-120,-8.3
2026-09-02 03:48:08.497429,stage3-lowpower,1206,43.0,,,,19108,16.2,81.8,3.7,238,-119,-7.5
2026-09-02 03:51:11.681730,stage4-lowpower-v2,1224,41.0,,,,3051,16.8,88.8,3.79,239,-110,1.0
2026-09-02 03:52:49.381422,stage3-lowpower,1183,46.0,,,,87,16.3,81.0,3.7,239,-118,-6.0
2026-09-02 03:52:52.555431,stage3-lowpower,1203,43.0,,,,3233,16.3,81.0,3.7,239,-118,-6.0
2026-09-02 03:52:55.693378,stage3-lowpower,1203,43.0,,,,6408,16.3,81.2,3.7,239,-118,-6.2
2026-09-02 03:52:58.904069,stage3-lowpower,1203,43.0,,,,9583,16.3,81.4,3.7,239,-118,-6.2
2026-09-02 03:53:02.021512,stage3-lowpower,1204,43.0,,,,12758,16.3,81.4,3.7,239,-118,-6.2
2026-09-02 03:53:05.252864,stage3-lowpower,1205,43.0,,,,15933,16.3,81.2,3.7,239,-117,-5.7
2026-09-02 03:53:08.427528,stage3-lowpower,1203,43.0,,,,19108,16.3,81.3,3.7,239,-117,-5.5
2026-09-02 03:56:11.929729,stage4-lowpower-v2,1223,41.0,,,,3051,16.8,90.5,3.79,240,-111,1.0
2026-09-02 03:57:49.516466,stage3-lowpower,1184,46.0,,,,87,16.4,80.9,3.7,240,-117,-5.0
2026-09-02 03:57:52.690130,stage3-lowpower,1203,43.0,,,,3233,16.4,80.9,3.7,240,-117,-5.0
2026-09-02 03:57:55.865984,stage3-lowpower,1204,43.0,,,,6408,16.4,81.0,3.7,240,-117,-5.2
2026-09-02 03:57:59.040733,stage3-lowpower,1204,43.0,,,,9583,16.4,81.0,3.7,240,-117,-5.2
2026-09-02 03:58:02.191638,stage3-lowpower,1205,43.0,,,,12758,16.4,80.9,3.7,240,-117,-5.5
2026-09-02 03:58:05.354126,stage3-lowpower,1204,43.0,,,,15933,16.4,80.8,3.7,240,-117,-5.2
2026-09-02 03:58:08.562208,stage3-lowpower,1205,43.0,,,,19108,16.4,80.6,3.7,240,-117,-5.0
2026-09-02 04:01:11.971820,stage4-lowpower-v2,1225,41.0,,,,3051,16.9,90.3,3.79,241,-110,1.0
2026-09-02 04:02:49.446529,stage3-lowpower,1182,46.0,,,,87,16.4,81.6,3.7,241,-118,-6.0
2026-09-02 04:02:52.620757,stage3-lowpower,1205,43.0,,,,3233,16.4,81.5,3.7,241,-119,-7.5
2026-09-02 04:02:55.693850,stage3-lowpower,1203,43.0,,,,6408,16.4,81.3,3.7,241,-118,-6.7
2026-09-02 04:02:58.970086,stage3-lowpower,1203,43.0,,,,9583,16.4,81.2,3.7,241,-118,-6.5
2026-09-02 04:03:02.145180,stage3-lowpower,1203,43.0,,,,12758,16.4,81.2,3.7,241,-118,-6.5
2026-09-02 04:03:05.319389,stage3-lowpower,1203,43.0,,,,15933,16.5,81.3,3.7,241,-118,-6.2
2026-09-02 04:03:08.404804,stage3-lowpower,1203,43.0,,,,19108,16.4,81.3,3.7,241,-119,-7.0
2026-09-02 04:06:11.686514,stage4-lowpower-v2,1224,41.0,,,,3051,16.8,89.0,3.8,242,-110,1.3
2026-09-02 04:07:49.172184,stage3-lowpower,1187,45.0,,,,87,16.4,81.0,3.7,242,-118,-6.7
2026-09-02 04:07:52.348529,stage3-lowpower,1205,43.0,,,,3233,16.4,81.1,3.7,242,-118,-6.5
2026-09-02 04:07:55.486003,stage3-lowpower,1203,43.0,,,,6408,16.4,80.9,3.7,242,-118,-6.0
2026-09-02 04:07:58.696330,stage3-lowpower,1203,43.0,,,,9583,16.4,81.3,3.7,242,-118,-6.0
2026-09-02 04:08:01.871510,stage3-lowpower,1205,43.0,,,,12758,16.4,81.3,3.7,242,-118,-6.5
2026-09-02 04:08:04.980307,stage3-lowpower,1203,43.0,,,,15933,16.4,81.2,3.7,242,-117,-5.2
2026-09-02 04:08:08.220644,stage3-lowpower,1203,43.0,,,,19108,16.4,81.2,3.7,242,-117,-5.5
2026-09-02 04:11:11.721608,stage4-lowpower-v2,1224,41.0,,,,3051,16.8,90.1,3.79,243,-111,1.3
2026-09-02 04:12:49.308747,stage3-lowpower,1183,46.0,,,,87,16.3,81.0,3.7,243,-118,-6.5
2026-09-02 04:12:52.483242,stage3-lowpower,1203,43.0,,,,3233,16.3,81.1,3.7,243,-118,-6.5
2026-09-02 04:12:55.759657,stage3-lowpower,1203,43.0,,,,6408,16.3,81.4,3.7,243,-118,-6.5
2026-09-02 04:12:58.933923,stage3-lowpower,1200,44.0,,,,9583,16.3,81.4,3.7,243,-119,-7.0
2026-09-02 04:13:02.106181,stage3-lowpower,1203,43.0,,,,12758,16.3,81.2,3.7,243,-118,-6.5
2026-09-02 04:13:05.166163,stage3-lowpower,1205,43.0,,,,15933,16.3,81.3,3.7,243,-118,-6.2
2026-09-02 04:13:08.354146,stage3-lowpower,1205,43.0,,,,19108,16.2,81.3,3.7,243,-118,-6.5
2026-09-02 04:16:11.942526,stage4-lowpower-v2,1224,41.0,,,,3051,16.6,89.6,3.79,244,-110,1.0
2026-09-02 04:17:49.443668,stage3-lowpower,1183,46.0,,,,87,16.2,82.0,3.7,244,-118,-6.0
2026-09-02 04:17:52.617938,stage3-lowpower,1202,43.0,,,,3233,16.2,82.1,3.7,244,-118,-6.2
2026-09-02 04:17:55.728012,stage3-lowpower,1204,43.0,,,,6408,16.2,82.1,3.7,244,-118,-6.2
2026-09-02 04:17:58.966086,stage3-lowpower,1201,44.0,,,,9583,16.2,81.9,3.7,244,-118,-6.5
2026-09-02 04:18:02.140866,stage3-lowpower,1205,43.0,,,,12758,16.2,82.1,3.7,244,-118,-6.7
2026-09-02 04:18:05.269538,stage3-lowpower,1207,43.0,,,,15933,16.2,82.0,3.7,244,-118,-6.5
2026-09-02 04:18:08.490145,stage3-lowpower,1205,43.0,,,,19108,16.2,81.8,3.7,244,-118,-5.7
2026-09-02 04:21:11.794497,stage4-lowpower-v2,1225,41.0,,,,3051,16.6,89.5,3.79,245,-110,1.0
2026-09-02 04:22:49.679514,stage3-lowpower,1181,46.0,,,,87,16.0,82.5,3.7,245,-119,-7.0
2026-09-02 04:22:52.853570,stage3-lowpower,1202,43.0,,,,3233,16.0,82.5,3.7,245,-119,-6.7
2026-09-02 04:22:55.911464,stage3-lowpower,1199,44.0,,,,6408,16.0,82.5,3.7,245,-118,-6.2
2026-09-02 04:22:59.199549,stage3-lowpower,1203,43.0,,,,9583,16.0,82.6,3.7,245,-118,-6.5
2026-09-02 04:23:02.377737,stage3-lowpower,1202,43.0,,,,12758,16.0,82.7,3.7,245,-118,-6.5
2026-09-02 04:23:05.550098,stage3-lowpower,1204,43.0,,,,15933,16.0,82.3,3.7,245,-118,-6.5
2026-09-02 04:23:08.626211,stage3-lowpower,1202,43.0,,,,19108,16.0,82.2,3.7,245,-119,-7.7
2026-09-02 04:26:12.022344,stage4-lowpower-v2,1223,41.0,,,,3051,16.8,89.7,3.79,246,-110,1.0
2026-09-02 04:27:49.712073,stage3-lowpower,1183,46.0,,,,87,16.2,81.4,3.7,246,-119,-7.0
2026-09-02 04:27:52.886142,stage3-lowpower,1199,44.0,,,,3233,16.2,81.5,3.7,246,-118,-6.7
2026-09-02 04:27:56.060712,stage3-lowpower,1199,44.0,,,,6408,16.2,81.6,3.7,246,-119,-7.2
2026-09-02 04:27:59.234106,stage3-lowpower,1199,44.0,,,,9583,16.2,81.5,3.7,246,-119,-6.7
2026-09-02 04:28:02.410163,stage3-lowpower,1203,43.0,,,,12758,16.2,81.6,3.7,246,-119,-7.2
2026-09-02 04:28:05.583832,stage3-lowpower,1203,43.0,,,,15933,16.2,81.7,3.7,246,-119,-7.0
2026-09-02 04:28:08.713187,stage3-lowpower,1205,43.0,,,,19108,16.2,81.5,3.7,246,-119,-7.5
2026-09-02 04:31:11.917449,stage4-lowpower-v2,1224,41.0,,,,3051,17.0,88.4,3.79,247,-110,1.3
2026-09-02 04:32:49.744619,stage3-lowpower,1190,45.0,,,,87,16.7,80.0,3.7,247,-119,-7.5
2026-09-02 04:32:52.994624,stage3-lowpower,1205,43.0,,,,3233,16.7,80.0,3.7,247,-119,-7.7
2026-09-02 04:32:56.093695,stage3-lowpower,1207,43.0,,,,6408,16.8,79.9,3.7,247,-118,-6.7
2026-09-02 04:32:59.370139,stage3-lowpower,1205,43.0,,,,9583,16.8,79.8,3.7,247,-118,-6.5
2026-09-02 04:33:02.442214,stage3-lowpower,1207,43.0,,,,12758,16.8,79.7,3.7,247,-119,-7.0
2026-09-02 04:33:05.616289,stage3-lowpower,1207,43.0,,,,15933,16.8,80.1,3.7,247,-118,-6.2
2026-09-02 04:33:08.790158,stage3-lowpower,1207,43.0,,,,19108,16.8,80.2,3.7,247,-119,-6.7
2026-09-02 04:36:12.087637,stage4-lowpower-v2,1226,41.0,,,,3051,17.4,88.7,3.79,248,-111,0.8
2026-09-02 04:37:49.879565,stage3-lowpower,1187,45.0,,,,87,17.0,78.7,3.7,248,-120,-7.7
2026-09-02 04:37:53.053592,stage3-lowpower,1204,43.0,,,,3233,17.0,78.7,3.7,248,-119,-7.2
2026-09-02 04:37:56.228114,stage3-lowpower,1206,43.0,,,,6408,17.0,78.5,3.7,248,-119,-7.2
2026-09-02 04:37:59.304268,stage3-lowpower,1205,43.0,,,,9583,17.0,78.6,3.7,248,-119,-7.0
2026-09-02 04:38:02.576862,stage3-lowpower,1207,43.0,,,,12758,17.0,78.9,3.7,248,-119,-7.0
2026-09-02 04:38:05.750128,stage3-lowpower,1206,43.0,,,,15933,17.0,79.4,3.7,248,-119,-7.2
2026-09-02 04:38:08.926172,stage3-lowpower,1207,43.0,,,,19108,17.0,79.6,3.7,248,-119,-7.2
2026-09-02 04:41:12.267646,stage4-lowpower-v2,1225,41.0,,,,3051,17.3,89.3,3.79,249,-110,1.3
2026-09-02 04:42:49.706528,stage3-lowpower,1188,45.0,,,,87,17.1,78.1,3.7,249,-119,-7.0
2026-09-02 04:42:53.005278,stage3-lowpower,1207,43.0,,,,3233,17.0,78.1,3.7,249,-118,-6.5
2026-09-02 04:42:55.991448,stage3-lowpower,1207,43.0,,,,6408,17.0,78.0,3.7,249,-118,-6.2
2026-09-02 04:42:59.232025,stage3-lowpower,1205,43.0,,,,9583,17.0,78.2,3.7,249,-118,-6.5
2026-09-02 04:43:02.404639,stage3-lowpower,1208,43.0,,,,12758,17.0,78.6,3.7,249,-119,-6.5
2026-09-02 04:43:05.582107,stage3-lowpower,1204,43.0,,,,15933,17.0,78.4,3.7,249,-118,-6.0
2026-09-02 04:43:08.753410,stage3-lowpower,1208,43.0,,,,19108,17.0,78.4,3.7,249,-119,-7.0
2026-09-02 04:46:12.317421,stage4-lowpower-v2,1228,41.0,,,,3051,17.5,87.5,3.8,250,-110,1.3
2026-09-02 04:47:49.842137,stage3-lowpower,1191,45.0,,,,87,17.6,77.6,3.7,250,-118,-6.2
2026-09-02 04:47:53.016158,stage3-lowpower,1206,43.0,,,,3233,17.6,77.5,3.7,250,-118,-6.0
2026-09-02 04:47:56.079620,stage3-lowpower,1206,43.0,,,,6408,17.6,77.4,3.7,250,-118,-6.7
2026-09-02 04:47:59.365063,stage3-lowpower,1208,43.0,,,,9583,17.6,77.0,3.7,250,-118,-6.0
2026-09-02 04:48:02.540226,stage3-lowpower,1208,43.0,,,,12758,17.6,77.0,3.7,250,-117,-5.5
2026-09-02 04:48:05.714098,stage3-lowpower,1209,43.0,,,,15933,17.6,77.1,3.7,250,-117,-5.5
2026-09-02 04:48:08.888268,stage3-lowpower,1210,43.0,,,,19108,17.6,76.8,3.7,250,-118,-5.7
2026-09-02 04:51:12.506229,stage4-lowpower-v2,1231,40.0,,,,3051,18.2,87.4,3.79,251,-111,0.5
2026-09-02 04:52:50.079964,stage3-lowpower,1192,45.0,,,,87,18.6,75.2,3.7,251,-117,-6.0
2026-09-02 04:52:53.253591,stage3-lowpower,1211,42.0,,,,3233,18.6,74.7,3.7,251,-116,-3.7
2026-09-02 04:52:56.376315,stage3-lowpower,1213,42.0,,,,6408,18.6,74.3,3.7,251,-116,-4.7
2026-09-02 04:52:59.602287,stage3-lowpower,1213,42.0,,,,9583,18.6,74.4,3.7,251,-117,-5.2
2026-09-02 04:53:02.776960,stage3-lowpower,1211,42.0,,,,12758,18.6,74.4,3.7,251,-117,-4.7
2026-09-02 04:53:05.951247,stage3-lowpower,1212,42.0,,,,15933,18.6,74.3,3.7,251,-117,-5.0
2026-09-02 04:53:09.126247,stage3-lowpower,1213,42.0,,,,19108,18.7,74.5,3.7,251,-117,-5.2
2026-09-02 04:56:12.934525,stage4-lowpower-v2,1234,40.0,,,,3051,18.8,86.2,3.79,252,-111,0.8
2026-09-02 04:57:50.139908,stage3-lowpower,1197,44.0,,,,87,19.2,73.1,3.7,252,-117,-5.7
2026-09-02 04:57:53.388473,stage3-lowpower,1215,42.0,,,,3233,19.3,73.3,3.7,252,-117,-5.2
2026-09-02 04:57:56.563730,stage3-lowpower,1214,42.0,,,,6408,19.3,73.6,3.7,252,-116,-4.7
2026-09-02 04:57:59.737588,stage3-lowpower,1215,42.0,,,,9583,19.4,72.9,3.7,252,-117,-4.7
2026-09-02 04:58:02.857165,stage3-lowpower,1221,41.0,,,,12758,19.4,72.9,3.7,252,-116,-4.5
2026-09-02 04:58:06.086104,stage3-lowpower,1215,42.0,,,,15933,19.4,73.1,3.7,252,-116,-4.0
2026-09-02 04:58:09.262003,stage3-lowpower,1215,42.0,,,,19108,19.5,73.3,3.7,252,-116,-4.5
2026-09-02 05:01:13.274145,stage4-lowpower-v2,1237,40.0,,,,3051,19.2,86.0,3.8,253,-112,-0.8
2026-09-02 05:02:50.118019,stage3-lowpower,1200,44.0,,,,87,19.6,72.8,3.7,253,-116,-4.5
2026-09-02 05:02:53.319823,stage3-lowpower,1215,42.0,,,,3233,19.6,73.2,3.7,253,-116,-4.2
2026-09-02 05:02:56.494223,stage3-lowpower,1221,41.0,,,,6408,19.5,72.5,3.7,253,-118,-6.0
2026-09-02 05:02:59.620018,stage3-lowpower,1222,41.0,,,,9583,19.5,72.0,3.7,253,-116,-4.5
2026-09-02 05:03:02.843739,stage3-lowpower,1222,41.0,,,,12758,19.5,72.1,3.7,253,-117,-5.7
2026-09-02 05:03:05.952052,stage3-lowpower,1223,41.0,,,,15933,19.6,72.2,3.7,253,-113,-1.8
2026-09-02 05:03:09.193688,stage3-lowpower,1216,42.0,,,,19108,19.5,71.8,3.7,253,-114,-2.5
2026-09-02 05:06:12.898514,stage4-lowpower-v2,1235,40.0,,,,3051,18.8,87.2,3.8,254,-111,0.5
2026-09-02 05:07:50.077036,stage3-lowpower,1199,44.0,,,,87,18.7,73.7,3.7,254,-117,-5.2
2026-09-02 05:07:53.250174,stage3-lowpower,1215,42.0,,,,3233,18.6,73.7,3.7,254,-116,-4.5
2026-09-02 05:07:56.425546,stage3-lowpower,1214,42.0,,,,6408,18.7,73.7,3.7,254,-117,-5.7
2026-09-02 05:07:59.566152,stage3-lowpower,1216,42.0,,,,9583,18.7,73.6,3.7,254,-117,-5.2
2026-09-02 05:08:02.774199,stage3-lowpower,1215,42.0,,,,12758,18.7,73.5,3.7,254,-117,-5.5
2026-09-02 05:08:05.946622,stage3-lowpower,1221,41.0,,,,15933,18.7,74.0,3.7,254,-117,-5.2
2026-09-02 05:08:09.122225,stage3-lowpower,1221,41.0,,,,19108,18.8,74.1,3.7,254,-118,-6.5
2026-09-02 05:11:12.966226,stage4-lowpower-v2,1235,40.0,,,,3051,18.8,87.5,3.79,255,-112,0.0
2026-09-02 05:12:50.212523,stage3-lowpower,1197,44.0,,,,87,18.8,73.5,3.7,255,-118,-6.2
2026-09-02 05:12:53.285324,stage3-lowpower,1215,42.0,,,,3233,18.9,73.6,3.7,255,-119,-7.5
2026-09-02 05:12:56.444298,stage3-lowpower,1215,42.0,,,,6408,18.9,73.8,3.7,255,-117,-5.2
2026-09-02 05:12:59.735289,stage3-lowpower,1223,41.0,,,,9583,18.9,74.1,3.7,255,-119,-7.2
2026-09-02 05:13:02.909954,stage3-lowpower,1222,41.0,,,,12758,18.9,73.9,3.7,255,-117,-5.5
2026-09-02 05:13:06.089780,stage3-lowpower,1215,42.0,,,,15933,18.9,74.0,3.7,255,-117,-4.7
2026-09-02 05:13:09.258219,stage3-lowpower,1221,41.0,,,,19108,18.9,74.4,3.7,255,-117,-5.2
2026-09-02 05:16:13.167688,stage4-lowpower-v2,1231,40.0,,,,3051,18.5,86.7,3.79,256,-111,0.5
2026-09-02 05:17:50.345490,stage3-lowpower,1199,44.0,,,,87,18.6,74.3,3.7,256,-118,-6.2
2026-09-02 05:17:53.418122,stage3-lowpower,1216,42.0,,,,3233,18.6,74.6,3.7,256,-116,-4.5
2026-09-02 05:17:56.579661,stage3-lowpower,1214,42.0,,,,6408,18.6,74.4,3.7,256,-117,-5.2
2026-09-02 05:17:59.765708,stage3-lowpower,1221,41.0,,,,9583,18.5,73.9,3.7,256,-117,-5.2
2026-09-02 05:18:03.042235,stage3-lowpower,1221,41.0,,,,12758,18.5,73.4,3.7,256,-115,-3.5
2026-09-02 05:18:06.217207,stage3-lowpower,1215,42.0,,,,15933,18.5,73.4,3.7,256,-116,-4.2
2026-09-02 05:18:09.392434,stage3-lowpower,1222,41.0,,,,19108,18.5,73.5,3.7,256,-117,-5.2
2026-09-02 05:21:12.790543,stage4-lowpower-v2,1235,40.0,,,,3051,18.3,84.2,3.8,257,-111,0.5
2026-09-02 05:22:50.089955,stage3-lowpower,1197,44.0,,,,87,18.2,74.9,3.7,257,-118,-5.7
2026-09-02 05:22:53.255819,stage3-lowpower,1215,42.0,,,,3233,18.2,74.9,3.7,257,-117,-5.2
2026-09-02 05:22:56.428821,stage3-lowpower,1213,42.0,,,,6408,18.2,75.3,3.7,257,-117,-5.0
2026-09-02 05:22:59.696147,stage3-lowpower,1215,42.0,,,,9583,18.2,75.2,3.7,257,-117,-5.0
2026-09-02 05:23:02.870150,stage3-lowpower,1216,42.0,,,,12758,18.2,75.2,3.7,257,-117,-5.0
2026-09-02 05:23:05.942099,stage3-lowpower,1213,42.0,,,,15933,18.3,75.3,3.7,257,-116,-4.2
2026-09-02 05:23:09.219556,stage3-lowpower,1213,42.0,,,,19108,18.3,75.4,3.7,257,-116,-4.2
2026-09-02 05:26:12.822546,stage4-lowpower-v2,1231,40.0,,,,3051,18.1,87.4,3.79,258,-110,1.0
2026-09-02 05:27:49.966472,stage3-lowpower,1193,44.0,,,,87,17.6,77.9,3.7,258,-115,-3.7
2026-09-02 05:27:53.176284,stage3-lowpower,1211,42.0,,,,3233,17.6,78.5,3.7,258,-116,-3.5
2026-09-02 05:27:56.350124,stage3-lowpower,1213,42.0,,,,6408,17.6,78.4,3.7,258,-116,-4.5
2026-09-02 05:27:59.524817,stage3-lowpower,1213,42.0,,,,9583,17.6,78.5,3.7,258,-115,-3.5
2026-09-02 05:28:02.727486,stage3-lowpower,1215,42.0,,,,12758,17.6,79.0,3.7,258,-116,-4.2
2026-09-02 05:28:05.892444,stage3-lowpower,1213,42.0,,,,15933,17.6,79.1,3.7,258,-116,-4.2
2026-09-02 05:28:09.013399,stage3-lowpower,1213,42.0,,,,19108,17.6,79.2,3.7,258,-117,-5.2
2026-09-02 05:31:12.714539,stage4-lowpower-v2,1230,40.0,,,,3051,18.0,89.2,3.79,259,-111,1.0
2026-09-02 05:32:49.892254,stage3-lowpower,1197,44.0,,,,87,17.7,80.3,3.7,259,-118,-7.0
2026-09-02 05:32:53.106156,stage3-lowpower,1212,42.0,,,,3233,17.7,80.0,3.7,259,-118,-6.5
2026-09-02 05:32:56.230215,stage3-lowpower,1213,42.0,,,,6408,17.7,79.6,3.7,259,-118,-6.5
2026-09-02 05:32:59.454120,stage3-lowpower,1212,42.0,,,,9583,17.8,79.2,3.7,259,-118,-6.2
2026-09-02 05:33:02.628857,stage3-lowpower,1212,42.0,,,,12758,17.8,79.1,3.7,259,-118,-6.2
2026-09-02 05:33:05.803598,stage3-lowpower,1213,42.0,,,,15933,17.8,79.2,3.7,259,-120,-8.3
2026-09-02 05:33:08.977717,stage3-lowpower,1214,42.0,,,,19108,17.8,79.2,3.7,259,-118,-6.7
2026-09-02 05:36:12.479869,stage4-lowpower-v2,1229,41.0,,,,3051,18.1,89.1,3.79,260,-110,1.0
2026-09-02 05:37:49.861795,stage3-lowpower,1193,44.0,,,,87,17.8,79.9,3.7,260,-119,-6.7
2026-09-02 05:37:53.035818,stage3-lowpower,1211,42.0,,,,3233,17.8,80.1,3.7,260,-118,-6.5
2026-09-02 05:37:56.174093,stage3-lowpower,1213,42.0,,,,6408,17.7,79.8,3.7,260,-118,-6.7
2026-09-02 05:37:59.385398,stage3-lowpower,1211,42.0,,,,9583,17.6,79.6,3.7,260,-119,-7.2
2026-09-02 05:38:02.558271,stage3-lowpower,1210,43.0,,,,12758,17.6,79.7,3.7,260,-118,-6.2
2026-09-02 05:38:05.733378,stage3-lowpower,1212,42.0,,,,15933,17.5,80.0,3.7,260,-119,-7.2
2026-09-02 05:38:08.907841,stage3-lowpower,1211,42.0,,,,19108,17.5,80.1,3.7,260,-119,-7.0
2026-09-02 05:41:12.512328,stage4-lowpower-v2,1231,40.0,,,,3050,18.1,89.9,3.8,261,-111,0.8
2026-09-02 05:42:50.118555,stage3-lowpower,1195,44.0,,,,87,18.0,80.5,3.7,261,-119,-7.7
2026-09-02 05:42:53.212994,stage3-lowpower,1212,42.0,,,,3233,18.0,80.2,3.7,261,-120,-8.5
2026-09-02 05:42:56.449356,stage3-lowpower,1212,42.0,,,,6408,17.9,79.9,3.7,261,-120,-7.7
2026-09-02 05:42:59.624019,stage3-lowpower,1211,42.0,,,,9583,17.9,79.7,3.7,261,-120,-7.7
2026-09-02 05:43:02.799924,stage3-lowpower,1215,42.0,,,,12758,17.9,79.9,3.7,261,-119,-7.5
2026-09-02 05:43:05.973519,stage3-lowpower,1213,42.0,,,,15933,18.0,80.2,3.7,261,-119,-7.5
2026-09-02 05:43:09.090249,stage3-lowpower,1215,42.0,,,,19108,18.0,80.2,3.7,261,-119,-7.5
2026-09-02 05:46:12.648735,stage4-lowpower-v2,1228,41.0,,,,3051,17.8,90.6,3.79,262,-111,1.0
2026-09-02 05:47:50.237383,stage3-lowpower,1194,44.0,,,,87,17.4,81.1,3.7,262,-119,-7.2
2026-09-02 05:47:53.356201,stage3-lowpower,1210,43.0,,,,3233,17.4,81.3,3.7,262,-119,-7.5
2026-09-02 05:47:56.518325,stage3-lowpower,1211,42.0,,,,6408,17.4,81.4,3.7,262,-119,-7.2
2026-09-02 05:47:59.681470,stage3-lowpower,1211,42.0,,,,9583,17.4,81.6,3.7,262,-119,-7.5
2026-09-02 05:48:02.934021,stage3-lowpower,1212,42.0,,,,12758,17.4,81.8,3.7,262,-119,-7.0
2026-09-02 05:48:06.106171,stage3-lowpower,1209,43.0,,,,15933,17.4,82.0,3.7,262,-119,-7.0
2026-09-02 05:48:09.282275,stage3-lowpower,1211,42.0,,,,19108,17.4,82.1,3.7,262,-119,-6.7
2026-09-02 05:51:12.734554,stage4-lowpower-v2,1228,41.0,,,,3051,17.8,90.3,3.79,263,-110,0.8
2026-09-02 05:52:50.268196,stage3-lowpower,1191,45.0,,,,87,17.2,83.0,3.7,263,-119,-7.5
2026-09-02 05:52:53.442114,stage3-lowpower,1210,43.0,,,,3233,17.2,82.9,3.7,263,-119,-7.7
2026-09-02 05:52:56.616692,stage3-lowpower,1211,42.0,,,,6408,17.2,82.9,3.7,263,-119,-7.5
2026-09-02 05:52:59.665837,stage3-lowpower,1211,42.0,,,,9583,17.2,82.8,3.7,263,-119,-7.5
2026-09-02 05:53:02.833649,stage3-lowpower,1211,42.0,,,,12758,17.2,83.1,3.7,263,-119,-7.2
2026-09-02 05:53:06.139583,stage3-lowpower,1213,42.0,,,,15933,17.2,83.1,3.7,263,-119,-7.2
2026-09-02 05:53:09.314248,stage3-lowpower,1213,42.0,,,,19108,17.2,82.9,3.7,263,-120,-8.0
2026-09-02 05:56:12.405891,stage4-lowpower-v2,1229,41.0,,,,3051,18.1,90.3,3.79,264,-111,0.8
2026-09-02 05:57:50.299692,stage3-lowpower,1193,44.0,,,,87,17.4,82.1,3.7,264,-119,-7.2
2026-09-02 05:57:53.576852,stage3-lowpower,1213,42.0,,,,3233,17.4,82.1,3.7,264,-119,-6.7
2026-09-02 05:57:56.638205,stage3-lowpower,1211,42.0,,,,6408,17.4,81.9,3.7,264,-118,-6.7
2026-09-02 05:57:59.801053,stage3-lowpower,1211,42.0,,,,9583,17.4,82.1,3.7,264,-119,-7.2
2026-09-02 05:58:02.997906,stage3-lowpower,1211,42.0,,,,12758,17.3,81.9,3.7,264,-118,-6.7
2026-09-02 05:58:06.186101,stage3-lowpower,1212,42.0,,,,15933,17.3,81.8,3.7,264,-118,-6.7
2026-09-02 05:58:09.346202,stage3-lowpower,1213,42.0,,,,19108,17.4,81.9,3.7,264,-119,-7.0
2026-09-02 06:01:12.438469,stage4-lowpower-v2,1228,41.0,,,,3051,18.0,91.0,3.79,265,-111,0.5
2026-09-02 06:02:50.244417,stage3-lowpower,1193,44.0,,,,87,17.7,81.2,3.7,265,-119,-7.2
2026-09-02 06:02:53.506279,stage3-lowpower,1213,42.0,,,,3233,17.7,81.2,3.7,265,-119,-6.7
2026-09-02 06:02:56.583637,stage3-lowpower,1211,42.0,,,,6408,17.8,81.3,3.7,265,-119,-7.2
2026-09-02 06:02:59.854209,stage3-lowpower,1212,42.0,,,,9583,17.8,81.7,3.7,265,-119,-6.7
2026-09-02 06:03:02.962231,stage3-lowpower,1213,42.0,,,,12758,17.8,82.1,3.7,265,-118,-7.0
2026-09-02 06:03:06.204053,stage3-lowpower,1211,42.0,,,,15933,17.8,82.3,3.7,265,-118,-6.5
2026-09-02 06:03:09.381669,stage3-lowpower,1215,42.0,,,,19108,17.8,82.0,3.7,265,-118,-6.7
2026-09-02 06:06:12.266353,stage4-lowpower-v2,1231,40.0,,,,3051,18.3,90.1,3.8,266,-111,0.8
2026-09-02 06:07:50.464354,stage3-lowpower,1193,44.0,,,,87,18.0,78.5,3.7,266,-119,-7.2
2026-09-02 06:07:53.683880,stage3-lowpower,1211,42.0,,,,3233,18.0,78.4,3.7,266,-119,-7.0
2026-09-02 06:07:56.816689,stage3-lowpower,1211,42.0,,,,6408,18.0,78.2,3.7,266,-118,-6.7
2026-09-02 06:07:59.990236,stage3-lowpower,1214,42.0,,,,9583,18.0,78.2,3.7,266,-118,-6.7
2026-09-02 06:08:03.169304,stage3-lowpower,1215,42.0,,,,12758,18.0,78.4,3.7,266,-119,-7.7
2026-09-02 06:08:06.441435,stage3-lowpower,1214,42.0,,,,15933,18.0,78.5,3.7,266,-118,-7.0
2026-09-02 06:08:09.615974,stage3-lowpower,1213,42.0,,,,19108,18.0,78.4,3.7,266,-119,-7.0
2026-09-02 06:11:12.093490,stage4-lowpower-v2,1231,40.0,,,,3051,18.6,88.3,3.79,267,-111,0.3
2026-09-02 06:12:50.537198,stage3-lowpower,1196,44.0,,,,87,18.5,78.4,3.7,267,-119,-7.7
2026-09-02 06:12:53.776480,stage3-lowpower,1214,42.0,,,,3233,18.4,78.2,3.7,267,-119,-7.0
2026-09-02 06:12:56.998236,stage3-lowpower,1221,41.0,,,,6408,18.4,77.5,3.7,267,-118,-7.0
2026-09-02 06:13:00.038170,stage3-lowpower,1213,42.0,,,,9583,18.4,77.0,3.7,267,-119,-7.5
2026-09-02 06:13:03.204859,stage3-lowpower,1213,42.0,,,,12758,18.3,76.9,3.7,267,-119,-7.0
2026-09-02 06:13:06.372400,stage3-lowpower,1213,42.0,,,,15933,18.3,76.9,3.7,267,-118,-6.7
2026-09-02 06:13:09.648605,stage3-lowpower,1215,42.0,,,,19108,18.3,77.2,3.7,267,-119,-7.0
2026-09-02 06:16:12.228365,stage4-lowpower-v2,1234,40.0,,,,3051,18.8,87.6,3.79,268,-111,0.5
2026-09-02 06:17:50.734677,stage3-lowpower,1197,44.0,,,,87,18.5,77.1,3.7,268,-117,-5.2
2026-09-02 06:17:53.912454,stage3-lowpower,1216,42.0,,,,3233,18.5,77.1,3.7,268,-118,-5.7
2026-09-02 06:17:56.970116,stage3-lowpower,1215,42.0,,,,6408,18.5,76.9,3.7,268,-118,-6.2
2026-09-02 06:18:00.155458,stage3-lowpower,1214,42.0,,,,9583,18.4,77.1,3.7,268,-118,-6.5
2026-09-02 06:18:03.298324,stage3-lowpower,1215,42.0,,,,12758,18.4,77.4,3.7,268,-118,-6.2
2026-09-02 06:18:06.506228,stage3-lowpower,1215,42.0,,,,15933,18.3,77.7,3.7,268,-118,-6.5
2026-09-02 06:18:09.783807,stage3-lowpower,1215,42.0,,,,19108,18.4,78.2,3.7,268,-118,-6.2
2026-09-02 06:21:11.822597,stage4-lowpower-v2,1237,40.0,,,,3051,18.9,87.4,3.8,269,-111,0.8
2026-09-02 06:22:50.668119,stage3-lowpower,1199,44.0,,,,87,18.7,76.9,3.7,269,-118,-6.2
2026-09-02 06:22:53.842133,stage3-lowpower,1222,41.0,,,,3233,18.6,76.8,3.7,269,-118,-6.0
2026-09-02 06:22:56.943833,stage3-lowpower,1216,42.0,,,,6408,18.6,77.1,3.7,269,-118,-6.2
2026-09-02 06:23:00.191626,stage3-lowpower,1215,42.0,,,,9583,18.5,77.2,3.7,269,-118,-6.0
2026-09-02 06:23:03.288593,stage3-lowpower,1221,41.0,,,,12758,18.5,77.3,3.7,269,-118,-6.5
2026-09-02 06:23:06.440169,stage3-lowpower,1215,42.0,,,,15933,18.5,77.5,3.7,269,-118,-6.0
2026-09-02 06:23:09.714214,stage3-lowpower,1215,42.0,,,,19108,18.5,77.4,3.7,269,-118,-6.5
2026-09-02 06:26:12.089320,stage4-lowpower-v2,1237,40.0,,,,3051,18.8,86.7,3.8,270,-111,0.8
2026-09-02 06:27:50.905562,stage3-lowpower,1198,44.0,,,,87,18.4,77.4,3.7,270,-119,-7.0
2026-09-02 06:27:53.977213,stage3-lowpower,1214,42.0,,,,3233,18.4,77.4,3.7,270,-119,-7.5
2026-09-02 06:27:57.153265,stage3-lowpower,1221,41.0,,,,6408,18.3,77.7,3.7,270,-118,-6.2
2026-09-02 06:28:00.326137,stage3-lowpower,1221,41.0,,,,9583,18.3,77.9,3.7,270,-118,-6.5
2026-09-02 06:28:03.457423,stage3-lowpower,1215,42.0,,,,12758,18.3,77.9,3.7,270,-118,-6.7
2026-09-02 06:28:06.777139,stage3-lowpower,1215,42.0,,,,15933,18.3,78.1,3.7,270,-119,-7.2
2026-09-02 06:28:09.845672,stage3-lowpower,1215,42.0,,,,19108,18.3,78.4,3.7,270,-119,-7.5
2026-09-02 06:31:11.506509,stage4-lowpower-v2,1235,40.0,,,,3051,18.3,88.1,3.79,271,-111,0.8
2026-09-02 06:32:50.733478,stage3-lowpower,1195,44.0,,,,87,18.1,79.6,3.7,271,-118,-6.5
2026-09-02 06:32:53.907526,stage3-lowpower,1214,42.0,,,,3233,18.1,79.4,3.7,271,-119,-6.7
2026-09-02 06:32:57.079545,stage3-lowpower,1215,42.0,,,,6408,18.1,79.4,3.7,271,-118,-6.2
2026-09-02 06:33:00.258134,stage3-lowpower,1214,42.0,,,,9583,18.2,79.6,3.7,271,-117,-5.7
2026-09-02 06:33:03.399919,stage3-lowpower,1221,41.0,,,,12758,18.2,79.2,3.7,271,-118,-5.7
2026-09-02 06:33:06.568667,stage3-lowpower,1214,42.0,,,,15933,18.2,79.1,3.7,271,-117,-5.5
2026-09-02 06:33:09.732482,stage3-lowpower,1214,42.0,,,,19108,18.3,79.3,3.7,271,-118,-6.5
2026-09-02 06:36:11.642525,stage4-lowpower-v2,1235,40.0,,,,3051,18.4,87.6,3.8,272,-111,0.8
2026-09-02 06:37:50.766161,stage3-lowpower,1197,44.0,,,,87,18.4,77.0,3.7,272,-119,-7.0
2026-09-02 06:37:53.940687,stage3-lowpower,1213,42.0,,,,3233,18.4,77.3,3.7,272,-119,-7.2
2026-09-02 06:37:57.012279,stage3-lowpower,1216,42.0,,,,6408,18.4,77.6,3.7,272,-119,-7.2
2026-09-02 06:38:00.291254,stage3-lowpower,1213,42.0,,,,9583,18.4,77.7,3.7,272,-118,-6.5
2026-09-02 06:38:03.388945,stage3-lowpower,1221,41.0,,,,12758,18.3,77.4,3.7,272,-119,-7.0
2026-09-02 06:38:06.637957,stage3-lowpower,1215,42.0,,,,15933,18.4,77.4,3.7,272,-119,-7.0
2026-09-02 06:38:09.721249,stage3-lowpower,1214,42.0,,,,19108,18.4,77.5,3.7,272,-118,-6.5
2026-09-02 06:41:11.674509,stage4-lowpower-v2,1233,40.0,,,,3051,18.1,86.0,3.79,273,-110,1.0
2026-09-02 06:42:50.594060,stage3-lowpower,1196,44.0,,,,87,18.3,77.4,3.7,273,-119,-7.2
2026-09-02 06:42:53.768153,stage3-lowpower,1214,42.0,,,,3233,18.3,77.3,3.7,273,-119,-7.2
2026-09-02 06:42:56.891851,stage3-lowpower,1213,42.0,,,,6408,18.3,77.3,3.7,273,-119,-8.0
2026-09-02 06:43:00.221879,stage3-lowpower,1214,42.0,,,,9583,18.3,77.3,3.7,273,-119,-8.0
2026-09-02 06:43:03.291318,stage3-lowpower,1214,42.0,,,,12758,18.3,77.4,3.7,273,-119,-7.0
2026-09-02 06:43:06.467944,stage3-lowpower,1214,42.0,,,,15933,18.3,77.3,3.7,273,-119,-7.7
2026-09-02 06:43:09.600589,stage3-lowpower,1221,41.0,,,,19108,18.4,77.2,3.7,273,-118,-6.2
2026-09-02 06:46:11.913587,stage4-lowpower-v2,1235,40.0,,,,3051,18.3,85.3,3.8,274,-111,1.0
2026-09-02 06:47:50.933747,stage3-lowpower,1197,44.0,,,,87,18.7,76.4,3.7,274,-118,-6.7
2026-09-02 06:47:54.107933,stage3-lowpower,1213,42.0,,,,3233,18.7,76.4,3.7,274,-119,-7.0
2026-09-02 06:47:57.282176,stage3-lowpower,1221,41.0,,,,6408,18.6,76.4,3.7,274,-118,-6.5
2026-09-02 06:48:00.457466,stage3-lowpower,1215,42.0,,,,9583,18.7,76.3,3.7,274,-118,-6.7
2026-09-02 06:48:03.631175,stage3-lowpower,1216,42.0,,,,12758,18.6,76.2,3.7,274,-118,-6.2
2026-09-02 06:48:06.701393,stage3-lowpower,1221,41.0,,,,15933,18.6,76.2,3.7,274,-118,-6.5
2026-09-02 06:48:09.980074,stage3-lowpower,1215,42.0,,,,19108,18.6,76.4,3.7,274,-118,-6.5
2026-09-02 06:51:11.960410,stage4-lowpower-v2,1237,40.0,,,,3051,18.7,87.9,3.8,275,-110,1.0
2026-09-02 06:52:50.966547,stage3-lowpower,1199,44.0,,,,87,19.0,76.5,3.7,275,-119,-7.0
2026-09-02 06:52:54.038195,stage3-lowpower,1221,41.0,,,,3233,19.0,76.7,3.7,275,-118,-6.5
2026-09-02 06:52:57.212663,stage3-lowpower,1215,42.0,,,,6408,19.1,76.8,3.7,275,-118,-6.5
2026-09-02 06:53:00.353672,stage3-lowpower,1221,41.0,,,,9583,19.1,77.0,3.7,275,-119,-7.0
2026-09-02 06:53:03.663558,stage3-lowpower,1224,41.0,,,,12758,19.1,77.1,3.7,275,-119,-7.0
2026-09-02 06:53:06.737576,stage3-lowpower,1222,41.0,,,,15933,19.2,77.1,3.7,275,-118,-6.7
2026-09-02 06:53:10.012770,stage3-lowpower,1225,41.0,,,,19108,19.2,76.9,3.7,275,-119,-7.2
2026-09-02 06:56:12.217096,stage4-lowpower-v2,1239,40.0,,,,3051,19.2,84.1,3.79,276,-111,0.8
2026-09-02 06:57:51.101693,stage3-lowpower,1203,43.0,,,,87,19.5,74.9,3.7,276,-118,-6.2
2026-09-02 06:57:54.275625,stage3-lowpower,1223,41.0,,,,3233,19.4,75.0,3.7,276,-118,-6.2
2026-09-02 06:57:57.550537,stage3-lowpower,1225,41.0,,,,6408,19.5,74.9,3.7,276,-118,-6.2
2026-09-02 06:58:00.624799,stage3-lowpower,1223,41.0,,,,9583,19.5,74.8,3.7,276,-118,-6.2
2026-09-02 06:58:03.777277,stage3-lowpower,1225,41.0,,,,12758,19.5,74.9,3.7,276,-118,-6.5
2026-09-02 06:58:06.974379,stage3-lowpower,1224,41.0,,,,15933,19.4,75.1,3.7,276,-118,-6.2
2026-09-02 06:58:10.147688,stage3-lowpower,1224,41.0,,,,19108,19.5,75.3,3.7,276,-119,-7.0
2026-09-02 07:01:12.625322,stage4-lowpower-v2,1241,39.0,,,,3051,19.8,87.3,3.8,277,-111,1.0
2026-09-02 07:02:51.363876,stage3-lowpower,1207,43.0,,,,87,20.5,72.8,3.7,277,-119,-7.0
2026-09-02 07:02:54.615560,stage3-lowpower,1227,41.0,,,,3233,20.6,73.0,3.7,277,-118,-6.2
2026-09-02 07:02:57.697115,stage3-lowpower,1229,41.0,,,,6408,20.6,72.8,3.7,277,-118,-6.7
2026-09-02 07:03:00.964296,stage3-lowpower,1228,41.0,,,,9583,20.6,72.9,3.7,277,-119,-6.7
2026-09-02 07:03:04.135948,stage3-lowpower,1229,41.0,,,,12758,20.7,73.0,3.7,277,-119,-7.2
2026-09-02 07:03:07.313716,stage3-lowpower,1227,41.0,,,,15933,20.7,72.8,3.7,277,-119,-7.2
2026-09-02 07:03:10.487586,stage3-lowpower,1228,41.0,,,,19108,20.6,72.7,3.7,277,-120,-8.0
2026-09-02 07:06:12.453130,stage4-lowpower-v2,1242,39.0,,,,3050,20.4,83.9,3.8,278,-111,0.8
2026-09-02 07:07:51.678511,stage3-lowpower,1209,43.0,,,,87,20.9,71.6,3.7,278,-118,-6.5
2026-09-02 07:07:54.853005,stage3-lowpower,1229,41.0,,,,3233,20.9,71.7,3.7,278,-119,-7.0
2026-09-02 07:07:57.930114,stage3-lowpower,1231,40.0,,,,6408,21.0,71.9,3.7,278,-118,-6.7
2026-09-02 07:08:01.201838,stage3-lowpower,1231,40.0,,,,9583,21.0,72.2,3.7,278,-119,-7.0
2026-09-02 07:08:04.376214,stage3-lowpower,1231,40.0,,,,12758,21.1,72.3,3.7,278,-119,-7.0
2026-09-02 07:08:07.550146,stage3-lowpower,1235,40.0,,,,15933,21.1,72.5,3.7,278,-119,-7.0
2026-09-02 07:08:10.645861,stage3-lowpower,1230,40.0,,,,19108,21.1,72.8,3.7,278,-119,-7.2
2026-09-02 07:11:12.793657,stage4-lowpower-v2,1244,39.0,,,,3050,21.0,84.4,3.79,279,-111,0.8
2026-09-02 07:12:52.018547,stage3-lowpower,1213,42.0,,,,87,21.5,70.9,3.7,279,-117,-5.5
2026-09-02 07:12:55.193135,stage3-lowpower,1235,40.0,,,,3233,21.4,70.5,3.7,279,-118,-5.7
2026-09-02 07:12:58.367323,stage3-lowpower,1235,40.0,,,,6408,21.4,70.7,3.7,279,-119,-6.7
2026-09-02 07:13:01.542089,stage3-lowpower,1237,40.0,,,,9583,21.3,70.6,3.7,279,-119,-7.0
2026-09-02 07:13:04.717505,stage3-lowpower,1236,40.0,,,,12758,21.3,70.7,3.7,279,-119,-7.2
2026-09-02 07:13:07.890195,stage3-lowpower,1237,40.0,,,,15933,21.4,71.4,3.7,279,-118,-6.5
2026-09-02 07:13:10.979466,stage3-lowpower,1237,40.0,,,,19108,21.5,71.8,3.7,279,-118,-6.2
2026-09-02 07:16:13.030493,stage4-lowpower-v2,1247,39.0,,,,3050,21.1,85.1,3.79,280,-110,1.3
2026-09-02 07:17:51.846483,stage3-lowpower,1214,42.0,,,,87,21.7,70.2,3.7,280,-117,-5.7
2026-09-02 07:17:55.021791,stage3-lowpower,1236,40.0,,,,3233,21.7,70.8,3.7,280,-117,-5.0
2026-09-02 07:17:58.194107,stage3-lowpower,1237,40.0,,,,6408,21.8,71.1,3.7,280,-118,-6.2
2026-09-02 07:18:01.473178,stage3-lowpower,1239,40.0,,,,9583,21.9,71.0,3.7,280,-118,-6.5
2026-09-02 07:18:04.545213,stage3-lowpower,1239,40.0,,,,12758,21.9,69.9,3.7,280,-119,-6.7
2026-09-02 07:18:07.823643,stage3-lowpower,1239,40.0,,,,15933,21.8,69.2,3.7,280,-118,-6.2
2026-09-02 07:18:10.894299,stage3-lowpower,1239,40.0,,,,19108,21.9,69.0,3.7,280,-118,-6.0
2026-09-02 07:21:13.177049,stage4-lowpower-v2,1260,38.0,,,,3050,23.4,78.7,3.81,281,-111,0.8
2026-09-02 07:22:53.007902,stage3-lowpower,1241,39.0,,,,87,33.5,48.0,3.71,281,-118,-6.7
2026-09-02 07:22:56.177207,stage3-lowpower,1260,38.0,,,,3233,33.3,45.8,3.71,281,-119,-7.5
2026-09-02 07:22:59.355308,stage3-lowpower,1261,38.0,,,,6408,33.2,44.1,3.71,281,-118,-6.0
2026-09-02 07:23:02.414231,stage3-lowpower,1261,38.0,,,,9583,33.1,45.0,3.71,281,-119,-7.2
2026-09-02 07:23:05.702258,stage3-lowpower,1262,38.0,,,,12758,33.3,47.1,3.71,281,-119,-7.2
2026-09-02 07:23:08.878176,stage3-lowpower,1260,38.0,,,,15933,33.3,47.0,3.71,281,-119,-7.0
2026-09-02 07:23:11.961751,stage3-lowpower,1261,38.0,,,,19108,33.2,45.3,3.71,281,-118,-6.7
2026-09-02 07:26:13.827614,stage4-lowpower-v2,1263,38.0,,,,3050,24.0,78.9,3.8,282,-111,0.8
2026-09-02 07:27:53.671872,stage3-lowpower,1252,38.0,,,,87,34.2,45.9,3.71,282,-120,-8.8
2026-09-02 07:27:56.930231,stage3-lowpower,1269,37.0,,,,3233,34.4,45.3,3.71,282,-121,-9.0
2026-09-02 07:28:00.060252,stage3-lowpower,1268,37.0,,,,6408,34.4,45.2,3.71,282,-119,-7.0
2026-09-02 07:28:03.278259,stage3-lowpower,1267,37.0,,,,9583,34.2,43.8,3.71,282,-119,-7.5
2026-09-02 07:28:06.452841,stage3-lowpower,1269,37.0,,,,12758,34.0,43.0,3.73,282,-120,-8.3
2026-09-02 07:28:09.627318,stage3-lowpower,1269,37.0,,,,15933,34.1,43.9,3.72,282,-119,-6.7
2026-09-02 07:28:12.801725,stage3-lowpower,1269,37.0,,,,19108,34.2,44.5,3.72,282,-119,-7.5
2026-09-02 07:31:14.474194,stage4-lowpower-v2,1274,37.0,,,,3050,25.9,76.6,3.81,283,-110,0.8
2026-09-02 07:32:55.529367,stage3-lowpower,1261,38.0,,,,87,33.9,46.0,3.72,283,-119,-7.0
2026-09-02 07:32:58.601540,stage3-lowpower,1275,37.0,,,,3233,34.3,46.8,3.73,283,-119,-7.7
2026-09-02 07:33:01.777159,stage3-lowpower,1276,37.0,,,,6408,34.7,47.6,3.73,283,-119,-7.0
2026-09-02 07:33:04.869381,stage3-lowpower,1275,37.0,,,,9583,34.9,46.8,3.73,283,-118,-6.5
2026-09-02 07:33:08.124621,stage3-lowpower,1279,36.0,,,,12758,35.0,44.4,3.73,283,-119,-7.0
2026-09-02 07:33:11.299487,stage3-lowpower,1275,37.0,,,,15933,35.2,44.6,3.73,283,-119,-7.5
2026-09-02 07:33:14.414258,stage3-lowpower,1277,36.0,,,,19108,35.5,45.2,3.73,283,-117,-5.5
2026-09-02 07:36:14.392425,stage4-lowpower-v2,1279,36.0,,,,3050,27.3,73.3,3.81,284,-110,1.3
2026-09-02 07:37:56.075903,stage3-lowpower,1255,38.0,,,,87,29.4,52.5,3.72,284,-116,-3.7
2026-09-02 07:37:59.251429,stage3-lowpower,1275,37.0,,,,3233,29.2,50.9,3.71,284,-115,-3.5
2026-09-02 07:38:02.393851,stage3-lowpower,1273,37.0,,,,6408,29.1,49.8,3.72,284,-115,-4.2
2026-09-02 07:38:05.599164,stage3-lowpower,1273,37.0,,,,9583,29.2,50.8,3.72,284,-116,-3.7
2026-09-02 07:38:08.773196,stage3-lowpower,1274,37.0,,,,12758,29.3,52.1,3.72,284,-116,-3.7
2026-09-02 07:38:11.947600,stage3-lowpower,1273,37.0,,,,15933,29.4,52.7,3.72,284,-115,-3.7
2026-09-02 07:38:15.057896,stage3-lowpower,1273,37.0,,,,19108,29.5,53.0,3.72,284,-116,-3.7
2026-09-02 07:41:14.015623,stage4-lowpower-v2,1271,37.0,,,,3050,25.0,79.8,3.8,285,-110,1.5
2026-09-02 07:42:54.369016,stage3-lowpower,1251,39.0,,,,87,30.2,53.3,3.71,285,-119,-6.7
2026-09-02 07:42:57.542212,stage3-lowpower,1273,37.0,,,,3233,30.5,52.2,3.71,285,-119,-7.5
2026-09-02 07:43:00.716444,stage3-lowpower,1275,37.0,,,,6408,30.8,52.0,3.71,285,-119,-7.0
2026-09-02 07:43:03.892544,stage3-lowpower,1274,37.0,,,,9583,31.2,51.4,3.71,285,-119,-7.0
2026-09-02 07:43:07.065908,stage3-lowpower,1277,36.0,,,,12758,31.5,51.8,3.72,285,-118,-6.5
2026-09-02 07:43:10.240574,stage3-lowpower,1276,37.0,,,,15933,31.3,48.2,3.72,285,-118,-6.7
2026-09-02 07:43:13.338079,stage3-lowpower,1274,37.0,,,,19108,31.0,46.2,3.71,285,-119,-7.2
2026-09-02 07:46:14.356244,stage4-lowpower-v2,1277,36.0,,,,3050,30.1,62.5,3.8,286,-110,1.5
2026-09-02 07:47:56.344072,stage3-lowpower,1276,37.0,,,,87,31.6,43.2,3.73,286,-119,-7.7
2026-09-02 07:47:59.518140,stage3-lowpower,1295,35.0,,,,3233,31.5,42.4,3.72,286,-120,-7.7
2026-09-02 07:48:02.572471,stage3-lowpower,1295,35.0,,,,6408,31.4,42.1,3.73,286,-119,-7.2
2026-09-02 07:48:05.764701,stage3-lowpower,1297,35.0,,,,9583,31.5,42.8,3.73,286,-119,-7.7
2026-09-02 07:48:09.045282,stage3-lowpower,1298,35.0,,,,12758,31.8,44.3,3.73,286,-118,-6.2
2026-09-02 07:48:12.215932,stage3-lowpower,1301,35.0,,,,15933,32.1,44.1,3.72,286,-119,-7.2
2026-09-02 07:48:15.390198,stage3-lowpower,1301,35.0,,,,19108,32.3,44.1,3.73,286,-119,-7.2
2026-09-02 07:51:14.693565,stage4-lowpower-v2,1285,36.0,,,,3050,30.9,69.4,3.81,287,-110,1.5
2026-09-02 07:52:56.581830,stage3-lowpower,1290,35.0,,,,87,32.8,42.1,3.73,287,-118,-6.7
2026-09-02 07:52:59.770133,stage3-lowpower,1305,34.0,,,,3233,33.1,42.2,3.73,287,-118,-6.2
2026-09-02 07:53:02.828612,stage3-lowpower,1307,34.0,,,,6408,33.4,42.6,3.72,287,-119,-7.2
2026-09-02 07:53:06.104423,stage3-lowpower,1309,34.0,,,,9583,33.6,42.5,3.72,287,-118,-6.2
2026-09-02 07:53:09.278135,stage3-lowpower,1309,34.0,,,,12758,33.9,42.3,3.73,287,-119,-7.5
2026-09-02 07:53:12.453849,stage3-lowpower,1309,34.0,,,,15933,33.9,41.5,3.72,287,-118,-6.2
2026-09-02 07:53:15.628516,stage3-lowpower,1307,34.0,,,,19108,34.1,41.6,3.73,287,-118,-7.0
2026-09-02 07:56:15.033751,stage4-lowpower-v2,1289,36.0,,,,3050,29.9,69.4,3.8,288,-110,1.5
2026-09-02 07:57:55.797023,stage3-lowpower,1275,37.0,,,,87,31.8,46.6,3.71,288,-121,-9.8
2026-09-02 07:57:58.969494,stage3-lowpower,1298,35.0,,,,3233,31.8,44.9,3.71,288,-120,-8.5
2026-09-02 07:58:02.062216,stage3-lowpower,1299,35.0,,,,6408,31.7,44.5,3.72,288,-119,-7.2
2026-09-02 07:58:05.318128,stage3-lowpower,1295,35.0,,,,9583,31.5,43.1,3.71,288,-119,-7.5
2026-09-02 07:58:08.493767,stage3-lowpower,1299,35.0,,,,12758,31.5,43.1,3.71,288,-119,-6.7
2026-09-02 07:58:11.666190,stage3-lowpower,1301,35.0,,,,15933,31.5,44.0,3.71,288,-119,-7.5
2026-09-02 07:58:14.842844,stage3-lowpower,1301,35.0,,,,19108,31.7,45.4,3.72,288,-120,-8.0
2026-09-02 08:01:14.758547,stage4-lowpower-v2,1275,37.0,,,,3050,26.5,69.7,3.8,289,-110,1.8
2026-09-02 08:02:54.805831,stage3-lowpower,1245,39.0,,,,87,25.7,53.1,3.71,289,-118,-6.7
2026-09-02 08:02:57.978151,stage3-lowpower,1261,38.0,,,,3233,25.6,53.1,3.71,289,-119,-7.0
2026-09-02 08:03:01.153680,stage3-lowpower,1263,38.0,,,,6408,25.7,54.1,3.7,289,-118,-5.7
2026-09-02 08:03:04.224832,stage3-lowpower,1267,37.0,,,,9583,25.8,55.0,3.71,289,-118,-5.7
2026-09-02 08:03:07.502229,stage3-lowpower,1263,38.0,,,,12758,25.9,54.8,3.71,289,-119,-7.0
2026-09-02 08:03:10.676717,stage3-lowpower,1267,37.0,,,,15933,25.9,55.0,3.71,289,-119,-7.0
2026-09-02 08:03:13.756508,stage3-lowpower,1267,37.0,,,,19108,25.9,54.5,3.71,289,-118,-6.7
2026-09-02 08:06:14.690494,stage4-lowpower-v2,1268,37.0,,,,3050,25.3,72.2,3.8,290,-110,1.8
2026-09-02 08:07:54.325818,stage3-lowpower,1252,38.0,,,,87,26.1,52.5,3.71,290,-120,-8.5
2026-09-02 08:07:57.602200,stage3-lowpower,1271,37.0,,,,3233,26.1,51.8,3.71,290,-119,-7.2
2026-09-02 08:08:00.776130,stage3-lowpower,1271,37.0,,,,6408,26.1,52.4,3.71,290,-120,-8.0
2026-09-02 08:08:03.836227,stage3-lowpower,1271,37.0,,,,9583,26.1,52.7,3.71,290,-120,-8.5
2026-09-02 08:08:07.023317,stage3-lowpower,1272,37.0,,,,12758,26.2,52.9,3.71,290,-121,-9.0
2026-09-02 08:08:10.198153,stage3-lowpower,1269,37.0,,,,15933,26.2,52.0,3.71,290,-121,-9.0
2026-09-02 08:08:13.371264,stage3-lowpower,1271,37.0,,,,19108,26.2,51.5,3.71,290,-120,-8.8
2026-09-02 08:11:15.030465,stage4-lowpower-v2,1303,35.0,,,,3050,29.2,66.3,3.8,291,-110,1.8
2026-09-02 08:12:55.484415,stage3-lowpower,1289,36.0,,,,87,31.2,43.5,3.71,291,-118,-7.0
2026-09-02 08:12:58.658239,stage3-lowpower,1305,34.0,,,,3233,30.9,43.1,3.71,291,-119,-7.0
2026-09-02 08:13:01.777392,stage3-lowpower,1305,34.0,,,,6408,30.6,42.5,3.72,291,-119,-7.5
2026-09-02 08:13:05.007228,stage3-lowpower,1304,34.0,,,,9583,30.4,43.4,3.72,291,-119,-7.5
2026-09-02 08:13:08.106205,stage3-lowpower,1302,35.0,,,,12758,30.4,43.9,3.71,291,-119,-7.5
2026-09-02 08:13:11.356135,stage3-lowpower,1305,34.0,,,,15933,30.5,44.5,3.72,291,-119,-7.2
2026-09-02 08:13:14.532764,stage3-lowpower,1304,34.0,,,,19108,30.5,46.6,3.72,291,-120,-8.0
2026-09-02 08:16:15.266505,stage4-lowpower-v2,1267,37.0,,,,3050,24.7,75.3,3.8,292,-110,1.8
2026-09-02 08:17:53.674467,stage3-lowpower,1237,40.0,,,,87,24.0,56.7,3.7,292,-118,-5.7
2026-09-02 08:17:56.848070,stage3-lowpower,1257,38.0,,,,3233,24.0,56.7,3.7,292,-118,-6.5
2026-09-02 08:18:00.023894,stage3-lowpower,1255,38.0,,,,6408,24.0,57.0,3.7,292,-118,-6.5
2026-09-02 08:18:03.196822,stage3-lowpower,1255,38.0,,,,9583,24.1,57.1,3.7,292,-118,-6.2
2026-09-02 08:18:06.473569,stage3-lowpower,1256,38.0,,,,12758,24.2,57.0,3.7,292,-118,-6.2
2026-09-02 08:18:09.648038,stage3-lowpower,1257,38.0,,,,15933,24.2,57.1,3.7,292,-119,-6.7
2026-09-02 08:18:12.723256,stage3-lowpower,1257,38.0,,,,19108,24.3,57.6,3.7,292,-119,-7.0
2026-09-02 08:21:14.890541,stage4-lowpower-v2,1261,38.0,,,,3050,23.9,74.5,3.8,293,-110,1.8
2026-09-02 08:22:53.402217,stage3-lowpower,1274,37.0,,,,87,26.4,55.9,3.71,293,-118,-6.7
2026-09-02 08:22:56.675857,stage3-lowpower,1298,35.0,,,,3233,26.5,54.7,3.71,293,-118,-6.0
2026-09-02 08:22:59.747860,stage3-lowpower,1299,35.0,,,,6408,26.4,53.8,3.71,293,-118,-6.0
2026-09-02 08:23:02.922220,stage3-lowpower,1301,35.0,,,,9583,26.4,53.3,3.71,293,-118,-6.2
2026-09-02 08:23:06.096747,stage3-lowpower,1303,35.0,,,,12758,26.3,53.2,3.71,293,-118,-6.0
2026-09-02 08:23:09.274229,stage3-lowpower,1302,35.0,,,,15933,26.4,53.4,3.71,293,-118,-6.7
2026-09-02 08:23:12.544994,stage3-lowpower,1305,34.0,,,,19108,26.5,54.0,3.71,293,-118,-6.5
2026-09-02 08:26:15.643888,stage4-lowpower-v2,1289,36.0,,,,3050,28.6,66.4,3.8,294,-110,1.8
2026-09-02 08:27:54.832495,stage3-lowpower,1250,39.0,,,,87,24.3,56.8,3.71,294,-119,-7.7
2026-09-02 08:27:58.041456,stage3-lowpower,1267,37.0,,,,3233,24.3,57.5,3.71,294,-120,-8.3
2026-09-02 08:28:01.214207,stage3-lowpower,1267,37.0,,,,6408,24.2,57.0,3.7,294,-120,-8.3
2026-09-02 08:28:04.331256,stage3-lowpower,1263,38.0,,,,9583,24.1,57.3,3.71,294,-121,-9.0
2026-09-02 08:28:07.564956,stage3-lowpower,1267,37.0,,,,12758,24.1,57.4,3.71,294,-120,-8.8
2026-09-02 08:28:10.737584,stage3-lowpower,1267,37.0,,,,15933,24.1,57.2,3.71,294,-120,-8.3
2026-09-02 08:28:13.911997,stage3-lowpower,1267,37.0,,,,19108,24.2,57.3,3.71,294,-120,-8.3
2026-09-02 08:31:15.264599,stage4-lowpower-v2,1273,37.0,,,,3050,24.8,70.3,3.8,295,-110,1.8
2026-09-02 08:32:54.081291,stage3-lowpower,1275,37.0,,,,87,25.5,53.0,3.7,295,-120,-8.3
2026-09-02 08:32:57.142239,stage3-lowpower,1300,35.0,,,,3233,25.4,53.0,3.7,295,-120,-8.3
2026-09-02 08:33:00.307218,stage3-lowpower,1301,35.0,,,,6408,25.4,53.0,3.7,295,-120,-7.7
2026-09-02 08:33:03.500299,stage3-lowpower,1300,35.0,,,,9583,25.5,53.6,3.7,295,-120,-8.0
2026-09-02 08:33:06.777303,stage3-lowpower,1303,35.0,,,,12758,25.5,54.1,3.7,295,-121,-9.0
2026-09-02 08:33:09.951765,stage3-lowpower,1303,35.0,,,,15933,25.6,55.0,3.7,295,-120,-8.3
2026-09-02 08:33:13.022189,stage3-lowpower,1303,35.0,,,,19108,25.7,55.1,3.71,295,-119,-7.5
2026-09-02 08:36:15.911399,stage4-lowpower-v2,1317,34.0,,,,3050,27.7,61.9,3.8,296,-110,1.5
2026-09-02 08:37:54.726532,stage3-lowpower,1294,35.0,,,,87,26.8,51.3,3.71,296,-121,-9.0
2026-09-02 08:37:57.825187,stage3-lowpower,1310,34.0,,,,3233,26.7,50.8,3.71,296,-120,-8.3
2026-09-02 08:38:00.990258,stage3-lowpower,1311,34.0,,,,6408,26.6,50.4,3.71,296,-120,-8.0
2026-09-02 08:38:04.250172,stage3-lowpower,1311,34.0,,,,9583,26.5,50.3,3.71,296,-119,-7.0
2026-09-02 08:38:07.425172,stage3-lowpower,1312,34.0,,,,12758,26.4,50.0,3.7,296,-119,-7.7
2026-09-02 08:38:10.598229,stage3-lowpower,1311,34.0,,,,15933,26.3,50.4,3.71,296,-119,-7.0
2026-09-02 08:38:13.774220,stage3-lowpower,1309,34.0,,,,19108,26.3,50.8,3.71,296,-119,-7.2
2026-09-02 08:41:15.738539,stage4-lowpower-v2,1289,36.0,,,,3050,27.6,66.7,3.8,297,-109,2.5
2026-09-02 08:42:54.639867,stage3-lowpower,1267,37.0,,,,87,28.4,49.2,3.71,297,-116,-4.5
2026-09-02 08:42:57.810215,stage3-lowpower,1287,36.0,,,,3233,28.5,49.5,3.71,297,-118,-6.5
2026-09-02 08:43:00.977501,stage3-lowpower,1289,36.0,,,,6408,28.5,49.1,3.7,297,-119,-7.2
2026-09-02 08:43:04.141122,stage3-lowpower,1287,36.0,,,,9583,28.4,48.6,3.71,297,-116,-4.5
2026-09-02 08:43:07.355820,stage3-lowpower,1287,36.0,,,,12758,28.4,48.2,3.71,297,-121,-10.0
2026-09-02 08:43:10.529571,stage3-lowpower,1287,36.0,,,,15933,28.4,47.8,3.71,297,-119,-7.0
2026-09-02 08:43:13.807901,stage3-lowpower,1287,36.0,,,,19108,28.3,47.3,3.71,297,-116,-4.7
2026-09-02 08:46:16.185880,stage4-lowpower-v2,1286,36.0,,,,3050,27.5,58.3,3.8,298,-118,-7.2
2026-09-02 08:47:53.974527,stage3-lowpower,1173,47.0,,,,87,26.3,50.3,3.7,298,-117,-5.0
2026-09-02 08:47:57.147987,stage3-lowpower,1189,45.0,,,,3233,26.4,50.6,3.7,298,-116,-4.7
2026-09-02 08:48:00.229257,stage3-lowpower,1191,45.0,,,,6408,26.3,50.6,3.7,298,-116,-4.5
2026-09-02 08:48:03.396355,stage3-lowpower,1187,45.0,,,,9583,26.3,50.5,3.7,298,-116,-4.7
2026-09-02 08:48:06.671988,stage3-lowpower,1191,45.0,,,,12758,26.3,50.6,3.7,298,-116,-4.5
2026-09-02 08:48:09.847304,stage3-lowpower,1188,45.0,,,,15933,26.3,50.2,3.7,298,-117,-5.0
2026-09-02 08:48:13.020175,stage3-lowpower,1190,45.0,,,,19108,26.4,50.2,3.7,298,-118,-5.7
2026-09-02 08:51:15.801980,stage4-lowpower-v2,1263,38.0,,,,3050,27.0,60.2,3.8,299,-120,-8.3
2026-09-02 08:52:53.904638,stage3-lowpower,1134,53.0,,,,87,26.2,50.9,3.7,299,-115,-3.0
2026-09-02 08:52:57.180867,stage3-lowpower,1149,51.0,,,,3233,26.2,51.7,3.7,299,-114,-3.2
2026-09-02 08:53:00.257882,stage3-lowpower,1151,50.0,,,,6408,26.3,52.1,3.7,299,-115,-3.0
2026-09-02 08:53:03.529795,stage3-lowpower,1149,51.0,,,,9583,26.3,53.0,3.7,299,-115,-3.0
2026-09-02 08:53:06.601880,stage3-lowpower,1149,51.0,,,,12758,26.4,53.3,3.7,299,-115,-3.0
2026-09-02 08:53:09.777296,stage3-lowpower,1147,51.0,,,,15933,26.5,53.3,3.7,299,-115,-3.5
2026-09-02 08:53:12.953854,stage3-lowpower,1149,51.0,,,,19108,26.6,54.8,3.7,299,-115,-3.5
2026-09-02 08:56:15.634533,stage4-lowpower-v2,1215,42.0,,,,3050,26.2,66.1,3.8,300,-121,-10.0
2026-09-02 08:57:53.426533,stage3-lowpower,1079,70.0,,,,87,24.7,55.4,3.7,300,-116,-4.7
2026-09-02 08:57:56.601361,stage3-lowpower,1097,63.0,,,,3233,24.7,55.0,3.7,300,-116,-4.2
2026-09-02 08:57:59.792621,stage3-lowpower,1099,62.0,,,,6408,24.8,55.5,3.7,300,-117,-4.7
2026-09-02 08:58:03.052511,stage3-lowpower,1097,63.0,,,,9583,24.9,55.8,3.7,300,-117,-5.2
2026-09-02 08:58:06.126141,stage3-lowpower,1096,63.0,,,,12758,24.9,55.5,3.7,300,-117,-5.5
2026-09-02 08:58:09.401815,stage3-lowpower,1098,62.0,,,,15933,25.0,54.9,3.7,300,-117,-4.5
2026-09-02 08:58:12.473304,stage3-lowpower,1095,63.0,,,,19108,25.1,54.7,3.7,300,-116,-4.2
2026-09-02 09:01:15.565157,stage4-lowpower-v2,1193,44.0,,,,3050,26.6,64.5,3.8,301,-122,-10.3
2026-09-02 09:02:53.459530,stage3-lowpower,1061,83.0,,,,87,25.3,52.0,3.7,301,-118,-6.2
2026-09-02 09:02:56.633643,stage3-lowpower,1078,71.0,,,,3233,25.3,52.7,3.7,301,-117,-5.2
2026-09-02 09:02:59.809011,stage3-lowpower,1077,71.0,,,,6408,25.4,53.0,3.7,301,-118,-5.7
2026-09-02 09:03:02.892260,stage3-lowpower,1079,70.0,,,,9583,25.5,52.9,3.7,301,-118,-6.2
2026-09-02 09:03:06.060534,stage3-lowpower,1076,72.0,,,,12758,25.5,52.8,3.7,301,-117,-5.2
2026-09-02 09:03:09.331836,stage3-lowpower,1079,70.0,,,,15933,25.6,52.6,3.7,301,-118,-6.0
2026-09-02 09:03:12.505568,stage3-lowpower,1080,70.0,,,,19108,25.7,53.2,3.7,301,-117,-5.2
2026-09-02 09:06:15.394562,stage4-lowpower-v2,1167,48.0,,,,3050,25.0,61.4,3.8,302,-122,-11.0
2026-09-02 09:07:52.885769,stage3-lowpower,1056,88.0,,,,87,23.7,56.9,3.7,302,-117,-5.0
2026-09-02 09:07:56.153315,stage3-lowpower,1076,72.0,,,,3233,23.6,56.8,3.7,302,-117,-4.7
2026-09-02 09:07:59.268669,stage3-lowpower,1075,72.0,,,,6408,23.5,56.4,3.7,302,-117,-5.2
2026-09-02 09:08:02.434229,stage3-lowpower,1078,71.0,,,,9583,23.5,56.1,3.69,302,-116,-5.0
2026-09-02 09:08:05.677177,stage3-lowpower,1078,71.0,,,,12758,23.4,56.2,3.69,302,-117,-5.2
2026-09-02 09:08:08.768672,stage3-lowpower,1076,72.0,,,,15933,23.4,56.7,3.7,302,-117,-5.7
2026-09-02 09:08:12.025097,stage3-lowpower,1076,72.0,,,,19108,23.5,57.2,3.69,302,-117,-5.0
2026-09-02 09:11:15.223726,stage4-lowpower-v2,1171,47.0,,,,3050,26.1,69.6,3.79,303,-120,-8.0
2026-09-02 09:12:53.422214,stage3-lowpower,1110,59.0,,,,87,26.9,50.3,3.7,303,-116,-4.2
2026-09-02 09:12:56.595732,stage3-lowpower,1129,54.0,,,,3233,26.9,50.7,3.7,303,-116,-4.2
2026-09-02 09:12:59.667944,stage3-lowpower,1130,54.0,,,,6408,26.9,50.8,3.7,303,-116,-4.2
2026-09-02 09:13:02.842132,stage3-lowpower,1129,54.0,,,,9583,26.9,50.5,3.7,303,-117,-5.2
2026-09-02 09:13:06.018034,stage3-lowpower,1129,54.0,,,,12758,26.9,50.7,3.7,303,-115,-3.2
2026-09-02 09:13:09.160341,stage3-lowpower,1132,54.0,,,,15933,27.0,50.8,3.7,303,-116,-4.2
2026-09-02 09:13:12.467646,stage3-lowpower,1132,54.0,,,,19108,27.0,49.9,3.7,303,-116,-3.5
2026-09-02 09:16:15.969401,stage4-lowpower-v2,1177,46.0,,,,3050,26.9,59.0,3.8,304,-119,-7.5
2026-09-02 09:17:53.865600,stage3-lowpower,1124,56.0,,,,87,27.5,52.5,3.7,304,-119,-6.7
2026-09-02 09:17:57.038150,stage3-lowpower,1139,52.0,,,,3233,27.6,52.4,3.7,304,-119,-7.2
2026-09-02 09:18:00.224091,stage3-lowpower,1140,52.0,,,,6408,27.6,52.2,3.7,304,-120,-8.3
2026-09-02 09:18:03.489364,stage3-lowpower,1143,52.0,,,,9583,27.5,50.5,3.7,304,-119,-7.5
2026-09-02 09:18:06.663512,stage3-lowpower,1143,52.0,,,,12758,27.4,50.0,3.7,304,-118,-6.5
2026-09-02 09:18:09.723214,stage3-lowpower,1141,52.0,,,,15933,27.4,50.2,3.7,304,-120,-8.8
2026-09-02 09:18:12.911280,stage3-lowpower,1143,52.0,,,,19108,27.3,49.8,3.7,304,-118,-6.0
2026-09-02 09:21:16.413093,stage4-lowpower-v2,1193,44.0,,,,3050,29.6,54.7,3.81,305,-118,-6.5
2026-09-02 09:22:54.922521,stage3-lowpower,1146,51.0,,,,87,28.4,46.8,3.7,305,-119,-7.0
2026-09-02 09:22:58.094144,stage3-lowpower,1163,48.0,,,,3233,28.4,47.0,3.7,305,-119,-7.7
2026-09-02 09:23:01.216499,stage3-lowpower,1163,48.0,,,,6408,28.4,47.9,3.7,305,-121,-9.0
2026-09-02 09:23:04.443783,stage3-lowpower,1165,48.0,,,,9583,28.6,49.8,3.7,305,-119,-7.0
2026-09-02 09:23:07.618231,stage3-lowpower,1165,48.0,,,,12758,28.7,50.6,3.7,305,-119,-7.7
2026-09-02 09:23:10.766151,stage3-lowpower,1166,48.0,,,,15933,28.8,51.2,3.7,305,-119,-8.0
2026-09-02 09:23:13.967330,stage3-lowpower,1169,48.0,,,,19108,28.9,50.6,3.7,305,-119,-7.5
2026-09-02 09:26:16.342521,stage4-lowpower-v2,1195,44.0,,,,3050,29.4,57.7,3.8,306,-118,-6.2
2026-09-02 09:27:54.981551,stage3-lowpower,1146,51.0,,,,87,27.5,50.6,3.7,306,-119,-7.2
2026-09-02 09:27:58.029439,stage3-lowpower,1164,48.0,,,,3233,27.4,49.2,3.7,306,-121,-9.0
2026-09-02 09:28:01.052201,stage3-lowpower,1164,48.0,,,,6408,27.3,48.4,3.7,306,-120,-9.0
2026-09-02 09:28:04.271810,stage3-lowpower,1167,48.0,,,,9583,27.2,48.5,3.7,306,-120,-8.0
2026-09-02 09:28:07.432663,stage3-lowpower,1169,48.0,,,,12758,27.2,48.8,3.7,306,-119,-7.2
2026-09-02 09:28:10.723043,stage3-lowpower,1166,48.0,,,,15933,27.1,48.5,3.7,306,-120,-8.5
2026-09-02 09:28:13.795915,stage3-lowpower,1167,48.0,,,,19108,27.0,48.7,3.7,306,-122,-10.5
2026-09-02 09:31:15.862544,stage4-lowpower-v2,1193,44.0,,,,3050,28.4,59.7,3.8,307,-119,-7.0
2026-09-02 09:32:54.678549,stage3-lowpower,1151,50.0,,,,87,26.5,50.4,3.7,307,-118,-6.7
2026-09-02 09:32:57.854210,stage3-lowpower,1172,47.0,,,,3233,26.6,50.9,3.7,307,-118,-6.2
2026-09-02 09:33:01.005077,stage3-lowpower,1171,47.0,,,,6408,26.8,51.7,3.71,307,-119,-7.2
2026-09-02 09:33:04.304468,stage3-lowpower,1171,47.0,,,,9583,26.9,51.7,3.7,307,-118,-6.7
2026-09-02 09:33:07.388398,stage3-lowpower,1172,47.0,,,,12758,27.0,52.1,3.7,307,-118,-6.5
2026-09-02 09:33:10.653768,stage3-lowpower,1175,47.0,,,,15933,27.1,53.3,3.7,307,-118,-6.7
2026-09-02 09:33:13.723107,stage3-lowpower,1171,47.0,,,,19108,27.1,51.5,3.7,307,-118,-6.7
2026-09-02 09:36:15.589592,stage4-lowpower-v2,1197,44.0,,,,3050,29.9,52.8,3.81,308,-118,-6.7
2026-09-02 09:37:55.246442,stage3-lowpower,1157,49.0,,,,87,27.5,46.6,3.7,308,-118,-6.2
2026-09-02 09:37:58.500733,stage3-lowpower,1175,47.0,,,,3233,27.6,46.9,3.7,308,-119,-7.2
2026-09-02 09:38:01.584781,stage3-lowpower,1175,47.0,,,,6408,27.7,47.5,3.7,308,-118,-6.7
2026-09-02 09:38:04.849492,stage3-lowpower,1173,47.0,,,,9583,27.8,48.7,3.7,308,-119,-7.2
2026-09-02 09:38:08.024438,stage3-lowpower,1177,46.0,,,,12758,27.9,53.0,3.7,308,-119,-7.2
2026-09-02 09:38:11.198294,stage3-lowpower,1174,47.0,,,,15933,28.0,51.5,3.7,308,-119,-7.7
2026-09-02 09:38:14.295580,stage3-lowpower,1177,46.0,,,,19108,28.0,50.1,3.7,308,-118,-6.0
2026-09-02 09:41:16.133142,stage4-lowpower-v2,1196,44.0,,,,3050,29.5,55.0,3.81,309,-118,-6.0
2026-09-02 09:42:55.562533,stage3-lowpower,1159,49.0,,,,87,27.8,48.6,3.7,309,-118,-6.7
2026-09-02 09:42:58.737150,stage3-lowpower,1175,47.0,,,,3233,27.7,47.6,3.7,309,-118,-6.5
2026-09-02 09:43:01.913970,stage3-lowpower,1177,46.0,,,,6408,27.6,47.7,3.7,309,-118,-5.7
2026-09-02 09:43:05.012246,stage3-lowpower,1177,46.0,,,,9583,27.6,48.2,3.7,309,-118,-6.7
2026-09-02 09:43:08.261640,stage3-lowpower,1179,46.0,,,,12758,27.5,48.4,3.7,309,-119,-6.7
2026-09-02 09:43:11.436404,stage3-lowpower,1180,46.0,,,,15933,27.5,48.7,3.7,309,-119,-7.2
2026-09-02 09:43:14.510060,stage3-lowpower,1177,46.0,,,,19108,27.6,49.7,3.7,309,-118,-6.7
2026-09-02 09:46:16.369612,stage4-lowpower-v2,1205,43.0,,,,3050,30.2,55.7,3.8,310,-118,-6.7
2026-09-02 09:47:55.902529,stage3-lowpower,1175,47.0,,,,87,29.7,47.2,3.7,310,-119,-7.0
2026-09-02 09:47:59.082149,stage3-lowpower,1190,45.0,,,,3233,29.8,48.8,3.7,310,-118,-6.5
2026-09-02 09:48:02.238073,stage3-lowpower,1191,45.0,,,,6408,29.9,49.4,3.7,310,-118,-7.0
2026-09-02 09:48:05.561108,stage3-lowpower,1193,44.0,,,,9583,30.0,49.8,3.7,310,-119,-6.5
2026-09-02 09:48:08.600197,stage3-lowpower,1192,45.0,,,,12758,30.1,49.7,3.7,310,-118,-6.5
2026-09-02 09:48:11.738277,stage3-lowpower,1192,45.0,,,,15933,30.3,49.9,3.71,310,-117,-4.7
2026-09-02 09:48:14.948481,stage3-lowpower,1193,44.0,,,,19108,30.4,49.4,3.7,310,-118,-7.0
2026-09-02 09:51:16.814517,stage4-lowpower-v2,1208,43.0,,,,3050,31.0,51.9,3.8,311,-118,-6.5
2026-09-02 09:52:56.037927,stage3-lowpower,1177,46.0,,,,87,29.0,46.5,3.7,311,-119,-7.5
2026-09-02 09:52:59.212569,stage3-lowpower,1191,45.0,,,,3233,28.8,45.2,3.71,311,-119,-7.7
2026-09-02 09:53:02.287621,stage3-lowpower,1193,44.0,,,,6408,28.6,44.6,3.7,311,-120,-8.5
2026-09-02 09:53:05.559978,stage3-lowpower,1189,45.0,,,,9583,28.6,45.3,3.7,311,-121,-8.8
2026-09-02 09:53:08.734156,stage3-lowpower,1192,45.0,,,,12758,28.6,46.4,3.7,311,-120,-8.8
2026-09-02 09:53:11.831423,stage3-lowpower,1193,44.0,,,,15933,28.7,47.7,3.7,311,-120,-8.3
2026-09-02 09:53:15.083195,stage3-lowpower,1190,45.0,,,,19108,28.7,47.0,3.7,311,-119,-7.2
2026-09-02 09:56:16.847566,stage4-lowpower-v2,1195,44.0,,,,3050,27.8,53.2,3.8,312,-118,-6.0
2026-09-02 09:57:55.046385,stage3-lowpower,1163,48.0,,,,87,26.1,48.9,3.7,312,-119,-8.0
2026-09-02 09:57:58.221262,stage3-lowpower,1179,46.0,,,,3233,25.9,48.1,3.7,312,-118,-6.5
2026-09-02 09:58:01.309823,stage3-lowpower,1179,46.0,,,,6408,25.8,47.6,3.7,312,-119,-7.2
2026-09-02 09:58:04.568420,stage3-lowpower,1179,46.0,,,,9583,25.8,47.8,3.7,312,-120,-8.0
2026-09-02 09:58:07.743338,stage3-lowpower,1178,46.0,,,,12758,25.8,48.2,3.7,312,-119,-6.5
2026-09-02 09:58:10.917095,stage3-lowpower,1177,46.0,,,,15933,25.8,48.8,3.7,312,-118,-6.7
2026-09-02 09:58:13.980285,stage3-lowpower,1178,46.0,,,,19108,25.7,48.8,3.7,312,-120,-8.0
2026-09-02 10:01:16.160246,stage4-lowpower-v2,1216,42.0,,,,3050,28.9,55.6,3.8,313,-122,-10.5
2026-09-02 10:02:55.284704,stage3-lowpower,1195,44.0,,,,87,30.6,42.6,3.7,313,-119,-7.7
2026-09-02 10:02:58.355254,stage3-lowpower,1214,42.0,,,,3233,30.4,40.8,3.7,313,-120,-8.0
2026-09-02 10:03:01.346174,stage3-lowpower,1215,42.0,,,,6408,30.5,41.8,3.7,313,-119,-7.0
2026-09-02 10:03:04.704601,stage3-lowpower,1213,42.0,,,,9583,30.7,41.5,3.7,313,-119,-6.7
2026-09-02 10:03:07.879302,stage3-lowpower,1213,42.0,,,,12758,30.8,42.3,3.7,313,-119,-7.0
2026-09-02 10:03:10.954175,stage3-lowpower,1212,42.0,,,,15933,30.9,41.5,3.7,313,-120,-8.0
2026-09-02 10:03:14.060403,stage3-lowpower,1215,42.0,,,,19108,30.9,40.9,3.7,313,-120,-8.8
2026-09-02 10:06:16.595698,stage4-lowpower-v2,1239,40.0,,,,3050,35.2,45.2,3.8,314,-119,-7.7
2026-09-02 10:07:55.104703,stage3-lowpower,1207,43.0,,,,87,32.9,38.2,3.7,314,-119,-7.0
2026-09-02 10:07:58.323886,stage3-lowpower,1229,41.0,,,,3233,32.8,37.9,3.7,314,-119,-7.7
2026-09-02 10:08:01.426307,stage3-lowpower,1229,41.0,,,,6408,33.0,38.8,3.7,314,-118,-7.2
2026-09-02 10:08:04.627526,stage3-lowpower,1228,41.0,,,,9583,33.2,40.2,3.7,314,-119,-6.7
2026-09-02 10:08:07.802040,stage3-lowpower,1229,41.0,,,,12758,33.3,40.7,3.7,314,-119,-7.2
2026-09-02 10:08:10.977373,stage3-lowpower,1231,40.0,,,,15933,33.4,41.3,3.7,314,-120,-7.7
2026-09-02 10:08:14.090332,stage3-lowpower,1228,41.0,,,,19108,33.6,42.9,3.7,314,-120,-8.5
2026-09-02 10:11:16.900817,stage4-lowpower-v2,1246,39.0,,,,3050,40.3,36.1,3.8,315,-119,-8.3
2026-09-02 10:12:55.649823,stage3-lowpower,1207,43.0,,,,87,31.4,38.7,3.7,315,-118,-7.0
2026-09-02 10:12:58.823923,stage3-lowpower,1225,41.0,,,,3233,31.3,39.9,3.7,315,-118,-6.5
2026-09-02 10:13:01.998080,stage3-lowpower,1225,41.0,,,,6408,31.1,40.3,3.7,315,-118,-6.5
2026-09-02 10:13:05.089668,stage3-lowpower,1223,41.0,,,,9583,31.0,40.8,3.7,315,-119,-7.7
2026-09-02 10:13:08.346212,stage3-lowpower,1223,41.0,,,,12758,30.8,41.2,3.71,315,-119,-7.0
2026-09-02 10:13:11.521343,stage3-lowpower,1222,41.0,,,,15933,30.5,40.3,3.7,315,-118,-6.7
2026-09-02 10:13:14.695918,stage3-lowpower,1221,41.0,,,,19108,30.1,40.1,3.7,315,-118,-6.5
2026-09-02 10:16:16.592046,stage4-lowpower-v2,1213,42.0,,,,3050,31.6,45.3,3.81,316,-120,-8.5
2026-09-02 10:17:55.069186,stage3-lowpower,1204,43.0,,,,87,31.3,43.6,3.7,316,-119,-7.5
2026-09-02 10:17:58.243266,stage3-lowpower,1225,41.0,,,,3233,31.4,44.6,3.71,316,-119,-7.5
2026-09-02 10:18:01.417824,stage3-lowpower,1225,41.0,,,,6408,31.6,44.7,3.7,316,-118,-6.7
2026-09-02 10:18:04.591561,stage3-lowpower,1229,41.0,,,,9583,31.8,45.3,3.71,316,-118,-6.5
2026-09-02 10:18:07.766234,stage3-lowpower,1229,41.0,,,,12758,32.1,44.6,3.71,316,-118,-6.0
2026-09-02 10:18:10.874010,stage3-lowpower,1229,41.0,,,,15933,32.3,43.8,3.7,316,-119,-7.5
2026-09-02 10:18:14.115415,stage3-lowpower,1229,41.0,,,,19108,32.5,43.7,3.71,316,-118,-6.2
2026-09-02 10:21:18.299530,stage4-lowpower-v2,1259,38.0,,,,3051,45.1,36.1,3.81,317,-120,-8.5
2026-09-02 10:22:57.354541,stage3-lowpower,1225,41.0,,,,87,32.4,39.7,3.71,317,-121,-10.0
2026-09-02 10:23:00.526556,stage3-lowpower,1241,39.0,,,,3233,32.2,39.1,3.7,317,-116,-4.5
2026-09-02 10:23:03.703692,stage3-lowpower,1240,40.0,,,,6408,32.2,40.3,3.7,317,-121,-9.8
2026-09-02 10:23:06.847215,stage3-lowpower,1240,40.0,,,,9583,32.2,42.0,3.71,317,-121,-9.8
2026-09-02 10:23:10.052694,stage3-lowpower,1239,40.0,,,,12758,32.1,42.7,3.7,317,-118,-6.7
2026-09-02 10:23:13.227360,stage3-lowpower,1239,40.0,,,,15933,32.2,45.0,3.7,317,-118,-7.0
2026-09-02 10:23:16.401364,stage3-lowpower,1241,39.0,,,,19108,32.3,45.8,3.7,317,-119,-7.7
2026-09-02 10:26:18.606521,stage4-lowpower-v2,1247,39.0,,,,3050,41.5,35.9,3.81,318,-119,-8.0
2026-09-02 10:27:57.286245,stage3-lowpower,1209,43.0,,,,87,33.3,48.3,3.7,318,-120,-8.5
2026-09-02 10:28:00.460198,stage3-lowpower,1231,40.0,,,,3233,33.4,48.7,3.7,318,-119,-7.7
2026-09-02 10:28:03.531477,stage3-lowpower,1233,40.0,,,,6408,33.5,47.9,3.7,318,-119,-7.7
2026-09-02 10:28:06.707134,stage3-lowpower,1229,41.0,,,,9583,33.7,46.8,3.7,318,-119,-7.7
2026-09-02 10:28:09.983575,stage3-lowpower,1233,40.0,,,,12758,33.6,45.9,3.7,318,-119,-7.2
2026-09-02 10:28:13.158001,stage3-lowpower,1231,40.0,,,,15933,33.6,44.0,3.7,318,-120,-8.0
2026-09-02 10:28:16.332305,stage3-lowpower,1231,40.0,,,,19108,33.5,41.7,3.7,318,-120,-8.0
2026-09-02 10:31:17.683550,stage4-lowpower-v2,1211,42.0,,,,3050,31.5,46.6,3.81,319,-119,-7.7
2026-09-02 10:32:55.586492,stage3-lowpower,1183,46.0,,,,87,27.7,45.8,3.7,319,-119,-7.7
2026-09-02 10:32:58.854157,stage3-lowpower,1198,44.0,,,,3233,27.7,44.9,3.7,319,-119,-7.5
2026-09-02 10:33:01.918196,stage3-lowpower,1205,43.0,,,,6408,27.6,44.4,3.7,319,-119,-7.7
2026-09-02 10:33:05.101296,stage3-lowpower,1205,43.0,,,,9583,27.7,44.7,3.7,319,-120,-7.5
2026-09-02 10:33:08.378129,stage3-lowpower,1200,44.0,,,,12758,27.9,44.8,3.7,319,-119,-7.5
2026-09-02 10:33:11.552438,stage3-lowpower,1207,43.0,,,,15933,28.1,45.1,3.7,319,-118,-6.5
2026-09-02 10:33:14.631203,stage3-lowpower,1207,43.0,,,,19108,28.4,45.8,3.7,319,-119,-7.7
2026-09-02 10:36:18.228705,stage4-lowpower-v2,1246,39.0,,,,3050,33.0,44.7,3.81,320,-119,-7.5
2026-09-02 10:37:58.170508,stage3-lowpower,1245,39.0,,,,87,41.9,33.1,3.71,320,-119,-7.0
2026-09-02 10:38:01.345448,stage3-lowpower,1259,38.0,,,,3233,41.9,32.5,3.71,320,-119,-7.7
2026-09-02 10:38:04.426182,stage3-lowpower,1261,38.0,,,,6408,42.0,32.0,3.72,320,-119,-8.0
2026-09-02 10:38:07.694193,stage3-lowpower,1259,38.0,,,,9583,41.9,32.3,3.72,320,-119,-7.0
2026-09-02 10:38:10.765647,stage3-lowpower,1259,38.0,,,,12758,41.8,31.3,3.73,320,-119,-7.2
2026-09-02 10:38:13.940168,stage3-lowpower,1263,38.0,,,,15933,41.7,31.5,3.73,320,-119,-7.5
2026-09-02 10:38:17.217464,stage3-lowpower,1263,38.0,,,,19108,41.6,34.0,3.72,320,-119,-7.5
2026-09-02 10:41:19.182526,stage4-lowpower-v2,1229,41.0,,,,3051,32.5,46.4,3.81,321,-119,-7.5
2026-09-02 10:42:57.594094,stage3-lowpower,1210,43.0,,,,87,33.5,42.3,3.71,321,-118,-6.7
2026-09-02 10:43:00.865706,stage3-lowpower,1230,40.0,,,,3233,33.7,41.7,3.71,321,-118,-6.0
2026-09-02 10:43:03.925377,stage3-lowpower,1235,40.0,,,,6408,33.8,42.4,3.71,321,-118,-6.2
2026-09-02 10:43:07.214191,stage3-lowpower,1231,40.0,,,,9583,33.9,43.5,3.71,321,-118,-5.7
2026-09-02 10:43:10.389359,stage3-lowpower,1229,41.0,,,,12758,34.1,42.9,3.71,321,-119,-7.0
2026-09-02 10:43:13.563861,stage3-lowpower,1231,40.0,,,,15933,34.3,41.9,3.71,321,-119,-7.0
2026-09-02 10:43:16.738160,stage3-lowpower,1235,40.0,,,,19108,34.5,41.5,3.72,321,-118,-6.7
2026-09-02 10:46:19.728806,stage4-lowpower-v2,1233,40.0,,,,3051,34.6,43.7,3.81,322,-119,-7.5
2026-09-02 10:47:57.516375,stage3-lowpower,1199,44.0,,,,87,30.6,38.8,3.71,322,-118,-6.5
2026-09-02 10:48:00.796921,stage3-lowpower,1215,42.0,,,,3233,30.5,38.9,3.7,322,-119,-7.0
2026-09-02 10:48:03.853586,stage3-lowpower,1214,42.0,,,,6408,30.4,39.4,3.7,322,-119,-8.0
2026-09-02 10:48:07.042220,stage3-lowpower,1214,42.0,,,,9583,30.3,39.8,3.7,322,-118,-6.5
2026-09-02 10:48:10.320019,stage3-lowpower,1215,42.0,,,,12758,30.4,41.0,3.7,322,-119,-7.5
2026-09-02 10:48:13.494194,stage3-lowpower,1221,41.0,,,,15933,30.3,41.8,3.7,322,-118,-6.5
2026-09-02 10:48:16.668877,stage3-lowpower,1221,41.0,,,,19108,30.2,41.4,3.7,322,-117,-5.0
2026-09-02 10:51:18.737090,stage4-lowpower-v2,1225,41.0,,,,3050,32.1,45.7,3.81,323,-118,-6.5
2026-09-02 10:52:56.734314,stage3-lowpower,1196,44.0,,,,87,31.4,41.6,3.7,323,-117,-4.7
2026-09-02 10:52:59.908178,stage3-lowpower,1213,42.0,,,,3233,31.4,42.1,3.71,323,-116,-4.5
2026-09-02 10:53:03.082220,stage3-lowpower,1214,42.0,,,,6408,31.4,42.3,3.71,323,-117,-5.0
2026-09-02 10:53:06.256884,stage3-lowpower,1215,42.0,,,,9583,31.5,42.4,3.71,323,-117,-5.0
2026-09-02 10:53:09.432929,stage3-lowpower,1215,42.0,,,,12758,31.5,42.2,3.71,323,-116,-4.5
2026-09-02 10:53:12.605960,stage3-lowpower,1213,42.0,,,,15933,31.3,40.6,3.71,323,-117,-5.2
2026-09-02 10:53:15.723475,stage3-lowpower,1213,42.0,,,,19108,31.2,40.4,3.7,323,-118,-6.2
2026-09-02 10:56:18.360375,stage4-lowpower-v2,1223,41.0,,,,3050,32.1,50.0,3.8,324,-119,-7.0
2026-09-02 10:57:56.869029,stage3-lowpower,1196,44.0,,,,87,31.7,39.5,3.7,324,-117,-5.5
2026-09-02 10:57:59.999401,stage3-lowpower,1213,42.0,,,,3233,31.5,40.1,3.71,324,-117,-5.7
2026-09-02 10:58:03.164464,stage3-lowpower,1215,42.0,,,,6408,31.5,41.1,3.71,324,-118,-6.0
2026-09-02 10:58:06.392566,stage3-lowpower,1213,42.0,,,,9583,31.3,40.3,3.7,324,-118,-6.5
2026-09-02 10:58:09.566236,stage3-lowpower,1211,42.0,,,,12758,31.3,40.2,3.7,324,-120,-8.3
2026-09-02 10:58:12.741244,stage3-lowpower,1213,42.0,,,,15933,31.2,40.4,3.7,324,-121,-9.0
2026-09-02 10:58:15.915541,stage3-lowpower,1213,42.0,,,,19108,31.0,41.1,3.7,324,-119,-7.0
2026-09-02 11:01:18.085964,stage4-lowpower-v2,1215,42.0,,,,3050,31.3,49.5,3.8,325,-119,-7.5
2026-09-02 11:02:56.594503,stage3-lowpower,1197,44.0,,,,87,31.6,40.7,3.7,325,-117,-5.7
2026-09-02 11:02:59.769266,stage3-lowpower,1221,41.0,,,,3233,31.9,40.6,3.71,325,-117,-5.5
2026-09-02 11:03:02.943688,stage3-lowpower,1215,42.0,,,,6408,32.3,40.8,3.7,325,-117,-5.7
2026-09-02 11:03:06.117961,stage3-lowpower,1223,41.0,,,,9583,32.6,40.4,3.71,325,-118,-5.7
2026-09-02 11:03:09.292604,stage3-lowpower,1224,41.0,,,,12758,32.7,39.7,3.7,325,-117,-5.5
2026-09-02 11:03:12.414118,stage3-lowpower,1224,41.0,,,,15933,32.6,37.9,3.71,325,-117,-6.2
2026-09-02 11:03:15.641252,stage3-lowpower,1224,41.0,,,,19108,32.4,37.3,3.71,325,-117,-5.5
2026-09-02 11:06:18.525532,stage4-lowpower-v2,1229,41.0,,,,3050,35.0,44.9,3.81,326,-119,-7.5
2026-09-02 11:07:56.552779,stage3-lowpower,1206,43.0,,,,87,33.6,34.6,3.7,326,-118,-6.5
2026-09-02 11:07:59.801634,stage3-lowpower,1224,41.0,,,,3233,33.3,34.8,3.71,326,-118,-6.5
2026-09-02 11:08:02.976592,stage3-lowpower,1223,41.0,,,,6408,33.2,35.2,3.7,326,-118,-6.2
2026-09-02 11:08:06.150140,stage3-lowpower,1224,41.0,,,,9583,33.1,35.3,3.71,326,-117,-5.0
2026-09-02 11:08:09.325303,stage3-lowpower,1225,41.0,,,,12758,32.9,35.6,3.71,326,-118,-6.0
2026-09-02 11:08:12.437988,stage3-lowpower,1223,41.0,,,,15933,32.8,36.2,3.7,326,-118,-6.7
2026-09-02 11:08:15.674170,stage3-lowpower,1223,41.0,,,,19108,32.8,37.2,3.7,326,-118,-6.0
2026-09-02 11:11:19.175860,stage4-lowpower-v2,1221,41.0,,,,3050,31.7,46.4,3.8,327,-119,-7.7
2026-09-02 11:12:55.994035,stage3-lowpower,1197,44.0,,,,87,30.1,45.1,3.7,327,-118,-6.0
2026-09-02 11:12:59.220623,stage3-lowpower,1209,43.0,,,,3233,30.3,44.5,3.7,327,-117,-5.5
2026-09-02 11:13:02.333083,stage3-lowpower,1211,42.0,,,,6408,30.3,44.3,3.7,327,-117,-5.2
2026-09-02 11:13:05.568878,stage3-lowpower,1211,42.0,,,,9583,30.4,44.1,3.7,327,-117,-5.2
2026-09-02 11:13:08.743863,stage3-lowpower,1214,42.0,,,,12758,30.4,44.2,3.7,327,-117,-5.7
2026-09-02 11:13:11.826136,stage3-lowpower,1213,42.0,,,,15933,30.4,44.1,3.7,327,-116,-5.0
2026-09-02 11:13:15.092658,stage3-lowpower,1213,42.0,,,,19108,30.4,44.0,3.7,327,-117,-5.0
2026-09-02 11:16:19.106242,stage4-lowpower-v2,1210,43.0,,,,3050,29.3,46.7,3.8,328,-119,-7.7
2026-09-02 11:17:55.874545,stage3-lowpower,1187,45.0,,,,87,27.9,44.0,3.7,328,-116,-4.5
2026-09-02 11:17:59.048735,stage3-lowpower,1205,43.0,,,,3233,27.9,44.6,3.7,328,-117,-5.0
2026-09-02 11:18:02.117922,stage3-lowpower,1207,43.0,,,,6408,28.0,45.7,3.7,328,-116,-4.7
2026-09-02 11:18:05.295300,stage3-lowpower,1205,43.0,,,,9583,28.0,46.2,3.7,328,-117,-5.5
2026-09-02 11:18:08.469648,stage3-lowpower,1208,43.0,,,,12758,28.0,45.5,3.7,328,-117,-5.5
2026-09-02 11:18:11.644126,stage3-lowpower,1207,43.0,,,,15933,27.9,44.9,3.7,328,-117,-5.0
2026-09-02 11:18:14.826163,stage3-lowpower,1207,43.0,,,,19108,27.9,45.0,3.7,328,-117,-6.0
2026-09-02 11:21:18.633843,stage4-lowpower-v2,1213,42.0,,,,3050,29.7,50.3,3.8,329,-119,-6.7
2026-09-02 11:22:55.599881,stage3-lowpower,1188,45.0,,,,87,28.1,45.0,3.7,329,-116,-4.2
2026-09-02 11:22:58.748705,stage3-lowpower,1207,43.0,,,,3233,28.2,45.5,3.7,329,-116,-4.2
2026-09-02 11:23:01.960771,stage3-lowpower,1207,43.0,,,,6408,28.2,45.4,3.7,329,-115,-4.2
2026-09-02 11:23:05.224892,stage3-lowpower,1206,43.0,,,,9583,28.2,44.9,3.7,329,-115,-3.5
2026-09-02 11:23:08.399541,stage3-lowpower,1209,43.0,,,,12758,28.0,44.2,3.7,329,-115,-3.2
2026-09-02 11:23:11.471747,stage3-lowpower,1208,43.0,,,,15933,28.0,44.2,3.7,329,-114,-2.5
2026-09-02 11:23:14.645992,stage3-lowpower,1207,43.0,,,,19108,27.9,44.2,3.7,329,-115,-3.2
2026-09-02 11:26:19.078500,stage4-lowpower-v2,1229,41.0,,,,3050,36.5,43.1,3.8,330,-121,-9.0
2026-09-02 11:28:07.465692,stage3-lowpower,1211,42.0,,,,87,36.2,32.6,3.71,330,-117,-5.2
2026-09-02 11:28:07.485204,stage3-lowpower,1235,40.0,,,,3233,36.1,32.7,3.71,330,-117,-5.2
2026-09-02 11:28:07.497440,stage3-lowpower,1231,40.0,,,,6408,35.8,32.1,3.71,330,-117,-4.7
2026-09-02 11:28:07.507936,stage3-lowpower,1230,40.0,,,,9583,35.6,32.9,3.71,330,-116,-4.5
2026-09-02 11:28:09.762150,stage3-lowpower,1229,41.0,,,,12758,35.6,33.3,3.71,330,-117,-4.5
2026-09-02 11:28:12.885849,stage3-lowpower,1231,40.0,,,,15933,35.6,33.6,3.71,330,-117,-5.7
2026-09-02 11:28:16.111518,stage3-lowpower,1231,40.0,,,,19108,35.6,34.2,3.71,330,-116,-5.0
2026-09-02 11:31:19.936571,stage4-lowpower-v2,1227,41.0,1227,1229,3,3050,35.6,40.5,3.8,331,-122,-10.5
2026-09-02 11:32:57.214360,stage3-lowpower,1211,42.0,,,,87,34.3,34.7,3.7,331,-114,-2.2
2026-09-02 11:33:00.386271,stage3-lowpower,1229,41.0,,,,3233,34.2,34.7,3.71,331,-114,-2.0
2026-09-02 11:33:03.657722,stage3-lowpower,1231,40.0,,,,6408,34.2,35.0,3.71,331,-114,-2.2
2026-09-02 11:33:06.729887,stage3-lowpower,1230,40.0,,,,9583,34.2,35.7,3.71,331,-114,-2.0
2026-09-02 11:33:09.906170,stage3-lowpower,1228,41.0,,,,12758,34.3,36.2,3.71,331,-114,-2.0
2026-09-02 11:33:13.180917,stage3-lowpower,1229,41.0,,,,15933,34.2,36.0,3.71,331,-114,-2.5
2026-09-02 11:33:16.261920,stage3-lowpower,1235,40.0,,,,19108,34.4,36.0,3.71,331,-114,-3.0
2026-09-02 11:36:20.778600,stage4-lowpower-v2,1239,40.0,1237,1239,3,3050,39.5,37.7,3.81,332,-122,-11.0
2026-09-02 11:37:58.103989,stage3-lowpower,1225,41.0,,,,87,37.3,33.5,3.71,332,-116,-4.0
2026-09-02 11:38:01.177806,stage3-lowpower,1241,39.0,,,,3233,37.2,32.5,3.71,332,-119,-7.5
2026-09-02 11:38:04.408154,stage3-lowpower,1239,40.0,,,,6408,37.1,32.8,3.71,332,-116,-4.5
2026-09-02 11:38:07.512513,stage3-lowpower,1241,39.0,,,,9583,37.1,32.5,3.71,332,-116,-5.0
2026-09-02 11:38:10.755776,stage3-lowpower,1241,39.0,,,,12758,37.0,32.5,3.71,332,-116,-4.0
2026-09-02 11:38:13.930179,stage3-lowpower,1241,39.0,,,,15933,36.9,32.7,3.71,332,-116,-4.5
2026-09-02 11:38:17.057196,stage3-lowpower,1241,39.0,,,,19108,36.8,32.2,3.71,332,-116,-5.0
2026-09-02 11:41:21.402509,stage4-lowpower-v2,1251,39.0,1251,1251,3,3051,43.1,35.6,3.81,333,-122,-10.5
2026-09-02 11:42:58.604014,stage3-lowpower,1227,41.0,,,,87,37.9,30.7,3.71,333,-119,-7.2
2026-09-02 11:43:01.756495,stage3-lowpower,1241,39.0,,,,3233,37.8,31.1,3.71,333,-117,-5.0
2026-09-02 11:43:04.917762,stage3-lowpower,1243,39.0,,,,6408,37.8,31.6,3.71,333,-117,-6.0
2026-09-02 11:43:08.120263,stage3-lowpower,1243,39.0,,,,9583,37.4,30.9,3.71,333,-117,-4.7
2026-09-02 11:43:11.249076,stage3-lowpower,1245,39.0,,,,12758,37.2,31.5,3.71,333,-116,-4.5
2026-09-02 11:43:14.465226,stage3-lowpower,1243,39.0,,,,15933,37.3,32.0,3.71,333,-115,-3.2
2026-09-02 11:43:17.642303,stage3-lowpower,1245,39.0,,,,19108,37.3,32.6,3.71,333,-115,-3.5
2026-09-02 11:46:20.843564,stage4-lowpower-v2,1241,39.0,1240,1241,3,3051,40.5,34.5,3.81,334,-122,-11.0
2026-09-02 11:47:58.533676,stage3-lowpower,1226,41.0,,,,87,37.7,32.0,3.71,334,-114,-2.5
2026-09-02 11:48:01.605363,stage3-lowpower,1245,39.0,,,,3233,37.9,33.7,3.71,334,-114,-1.8
2026-09-02 11:48:04.755450,stage3-lowpower,1245,39.0,,,,6408,38.3,34.3,3.71,334,-114,-2.5
2026-09-02 11:48:07.921082,stage3-lowpower,1243,39.0,,,,9583,38.7,34.2,3.71,334,-113,-1.5
2026-09-02 11:48:11.089588,stage3-lowpower,1247,39.0,,,,12758,39.0,33.7,3.71,334,-114,-2.2
2026-09-02 11:48:14.304121,stage3-lowpower,1245,39.0,,,,15933,39.2,34.1,3.71,334,-114,-2.7
2026-09-02 11:48:17.579691,stage3-lowpower,1245,39.0,,,,19108,39.5,34.2,3.71,334,-114,-2.2
2026-09-02 11:51:20.674338,stage4-lowpower-v2,1241,39.0,1240,1241,3,3050,39.9,33.0,3.81,335,-122,-10.0
2026-09-02 11:52:58.258512,stage3-lowpower,1223,41.0,,,,87,35.6,36.0,3.71,335,-116,-4.5
2026-09-02 11:53:01.433347,stage3-lowpower,1241,39.0,,,,3233,35.5,36.9,3.71,335,-116,-4.5
2026-09-02 11:53:04.493636,stage3-lowpower,1241,39.0,,,,6408,35.2,35.6,3.71,335,-117,-5.2
2026-09-02 11:53:07.681526,stage3-lowpower,1239,40.0,,,,9583,35.0,36.0,3.71,335,-117,-4.7
2026-09-02 11:53:10.824417,stage3-lowpower,1238,40.0,,,,12758,34.9,37.1,3.71,335,-116,-4.7
2026-09-02 11:53:14.130223,stage3-lowpower,1240,40.0,,,,15933,34.8,36.8,3.71,335,-116,-3.7
2026-09-02 11:53:17.305205,stage3-lowpower,1238,40.0,,,,19108,34.9,36.5,3.71,335,-116,-4.5
2026-09-02 11:56:19.987817,stage4-lowpower-v2,1226,41.0,1226,1227,3,3050,32.0,42.0,3.8,336,-118,-6.7
2026-09-02 11:57:56.243994,stage3-lowpower,1197,44.0,,,,87,28.5,42.7,3.7,336,-114,-2.5
2026-09-02 11:57:59.418126,stage3-lowpower,1221,41.0,,,,3233,28.5,43.0,3.7,336,-115,-3.2
2026-09-02 11:58:02.534246,stage3-lowpower,1221,41.0,,,,6408,28.6,43.2,3.7,336,-114,-2.7
2026-09-02 11:58:05.701297,stage3-lowpower,1215,42.0,,,,9583,28.5,42.9,3.71,336,-115,-3.7
2026-09-02 11:58:08.941964,stage3-lowpower,1221,41.0,,,,12758,28.5,43.0,3.7,336,-114,-2.5
2026-09-02 11:58:12.115779,stage3-lowpower,1221,41.0,,,,15933,28.6,43.5,3.7,336,-115,-3.5
2026-09-02 11:58:15.290194,stage3-lowpower,1223,41.0,,,,19108,28.7,44.7,3.7,336,-115,-3.0
2026-09-02 12:01:19.409658,stage4-lowpower-v2,1225,41.0,1223,1225,3,3050,31.0,45.8,3.8,337,-120,-8.3
2026-09-02 12:02:56.378549,stage3-lowpower,1205,43.0,,,,87,30.9,39.4,3.71,337,-116,-3.7
2026-09-02 12:02:59.553324,stage3-lowpower,1224,41.0,,,,3233,31.0,39.7,3.71,337,-115,-3.0
2026-09-02 12:03:02.830111,stage3-lowpower,1225,41.0,,,,6408,31.2,40.8,3.71,337,-115,-3.2
2026-09-02 12:03:05.891756,stage3-lowpower,1227,41.0,,,,9583,31.4,40.3,3.7,337,-113,-2.0
2026-09-02 12:03:09.077153,stage3-lowpower,1225,41.0,,,,12758,31.5,38.9,3.71,337,-113,-1.3
2026-09-02 12:03:12.226088,stage3-lowpower,1229,41.0,,,,15933,31.6,38.6,3.71,337,-113,-1.8
2026-09-02 12:03:15.426193,stage3-lowpower,1227,41.0,,,,19108,31.8,38.6,3.7,337,-114,-2.0
2026-09-02 12:06:20.693840,stage4-lowpower-v2,1240,40.0,1239,1241,3,3051,39.4,34.6,3.81,338,-119,-8.0
2026-09-02 12:07:58.357434,stage3-lowpower,1226,41.0,,,,87,37.9,34.5,3.71,338,-114,-2.7
2026-09-02 12:08:01.531785,stage3-lowpower,1245,39.0,,,,3233,38.0,34.2,3.72,338,-114,-1.8
2026-09-02 12:08:04.706040,stage3-lowpower,1242,39.0,,,,6408,38.1,35.1,3.71,338,-114,-2.5
2026-09-02 12:08:07.825426,stage3-lowpower,1245,39.0,,,,9583,38.1,34.7,3.72,338,-115,-3.7
2026-09-02 12:08:11.054139,stage3-lowpower,1245,39.0,,,,12758,38.2,34.6,3.71,338,-116,-3.7
2026-09-02 12:08:14.229302,stage3-lowpower,1247,39.0,,,,15933,38.3,34.5,3.72,338,-115,-3.5
2026-09-02 12:08:17.377682,stage3-lowpower,1243,39.0,,,,19108,38.1,34.3,3.71,338,-116,-4.2
2026-09-02 12:11:21.030515,stage4-lowpower-v2,1229,41.0,1229,1230,3,3050,32.2,44.3,3.8,339,-120,-8.3
2026-09-02 12:12:56.956537,stage3-lowpower,1205,43.0,,,,87,29.8,42.0,3.7,339,-114,-3.0
2026-09-02 12:13:00.132589,stage3-lowpower,1223,41.0,,,,3233,29.8,42.0,3.7,339,-115,-3.7
2026-09-02 12:13:03.305516,stage3-lowpower,1223,41.0,,,,6408,29.7,42.1,3.7,339,-114,-2.2
2026-09-02 12:13:06.417256,stage3-lowpower,1222,41.0,,,,9583,29.6,41.5,3.7,339,-114,-2.5
2026-09-02 12:13:09.631320,stage3-lowpower,1225,41.0,,,,12758,29.4,40.9,3.7,339,-116,-4.2
2026-09-02 12:13:12.828434,stage3-lowpower,1226,41.0,,,,15933,29.3,40.8,3.7,339,-117,-4.7
2026-09-02 12:13:16.002134,stage3-lowpower,1225,41.0,,,,19108,29.3,41.8,3.7,339,-117,-4.7
2026-09-02 12:16:20.269602,stage4-lowpower-v2,1225,41.0,1223,1227,3,3050,30.6,47.1,3.8,340,-119,-7.2
2026-09-02 12:17:56.375995,stage3-lowpower,1196,44.0,,,,87,28.0,43.5,3.7,340,-112,0.3
2026-09-02 12:17:59.549091,stage3-lowpower,1214,42.0,,,,3233,27.9,42.8,3.7,340,-111,0.3
2026-09-02 12:18:02.682241,stage3-lowpower,1215,42.0,,,,6408,27.8,42.4,3.7,340,-111,0.3
2026-09-02 12:18:05.899404,stage3-lowpower,1213,42.0,,,,9583,27.7,42.5,3.7,340,-111,0.5
2026-09-02 12:18:09.011700,stage3-lowpower,1213,42.0,,,,12758,27.6,42.4,3.7,340,-111,0.3
2026-09-02 12:18:12.246134,stage3-lowpower,1213,42.0,,,,15933,27.7,42.8,3.7,340,-112,-0.5
2026-09-02 12:18:15.395016,stage3-lowpower,1213,42.0,,,,19108,27.6,43.3,3.7,340,-112,-0.5
2026-09-02 12:21:19.904884,stage4-lowpower-v2,1223,41.0,1223,1223,3,3050,29.8,51.2,3.79,341,-119,-7.5
2026-09-02 12:22:56.197077,stage3-lowpower,1198,44.0,,,,87,28.3,45.0,3.7,341,-112,-0.3
2026-09-02 12:22:59.397601,stage3-lowpower,1221,41.0,,,,3233,28.3,45.4,3.7,341,-112,-0.8
2026-09-02 12:23:02.471642,stage3-lowpower,1215,42.0,,,,6408,28.4,45.2,3.7,341,-112,-0.8
2026-09-02 12:23:05.719264,stage3-lowpower,1213,42.0,,,,9583,28.4,46.0,3.7,341,-111,0.3
2026-09-02 12:23:08.894256,stage3-lowpower,1215,42.0,,,,12758,28.3,45.1,3.7,341,-112,0.0
2026-09-02 12:23:12.069213,stage3-lowpower,1221,41.0,,,,15933,28.2,44.3,3.7,341,-112,-0.3
2026-09-02 12:23:15.188290,stage3-lowpower,1216,42.0,,,,19108,28.2,44.5,3.7,341,-113,-1.3
2026-09-02 12:26:19.889070,stage4-lowpower-v2,1223,41.0,1221,1223,3,3050,29.2,49.2,3.79,342,-119,-7.0
2026-09-02 12:27:56.126511,stage3-lowpower,1193,44.0,,,,87,27.6,44.8,3.7,342,-112,-0.3
2026-09-02 12:27:59.301515,stage3-lowpower,1212,42.0,,,,3233,27.5,44.5,3.7,342,-112,-0.5
2026-09-02 12:28:02.477387,stage3-lowpower,1212,42.0,,,,6408,27.6,44.5,3.7,342,-112,-0.5
2026-09-02 12:28:05.649845,stage3-lowpower,1211,42.0,,,,9583,27.6,45.1,3.7,342,-112,-0.5
2026-09-02 12:28:08.824694,stage3-lowpower,1214,42.0,,,,12758,27.6,45.7,3.7,342,-112,-0.5
2026-09-02 12:28:11.924289,stage3-lowpower,1211,42.0,,,,15933,27.6,45.3,3.7,342,-112,-0.5
2026-09-02 12:28:15.173572,stage3-lowpower,1215,42.0,,,,19108,27.6,45.0,3.7,342,-112,-0.5
2026-09-02 12:31:19.790492,stage4-lowpower-v2,1215,42.0,1214,1215,3,3050,28.0,47.9,3.79,343,-119,-7.5
2026-09-02 12:32:55.954507,stage3-lowpower,1194,44.0,,,,87,26.3,46.7,3.7,343,-111,0.5
2026-09-02 12:32:59.128452,stage3-lowpower,1209,43.0,,,,3233,26.3,46.6,3.7,343,-111,0.5
2026-09-02 12:33:02.303584,stage3-lowpower,1211,42.0,,,,6408,26.4,46.9,3.7,343,-112,-0.5
2026-09-02 12:33:05.478312,stage3-lowpower,1211,42.0,,,,9583,26.4,48.0,3.7,343,-112,-0.3
2026-09-02 12:33:08.653643,stage3-lowpower,1213,42.0,,,,12758,26.4,47.9,3.7,343,-111,0.8
2026-09-02 12:33:11.724384,stage3-lowpower,1209,43.0,,,,15933,26.5,47.3,3.7,343,-111,0.5
2026-09-02 12:33:14.932712,stage3-lowpower,1211,42.0,,,,19108,26.5,46.8,3.7,343,-111,0.0
2026-09-02 12:36:19.778523,stage4-lowpower-v2,1215,42.0,1215,1223,3,3050,28.4,48.2,3.8,344,-119,-7.5
2026-09-02 12:37:56.294496,stage3-lowpower,1196,44.0,,,,87,28.5,44.8,3.7,344,-112,-0.5
2026-09-02 12:37:59.469205,stage3-lowpower,1213,42.0,,,,3233,28.5,45.1,3.7,344,-112,0.0
2026-09-02 12:38:02.643386,stage3-lowpower,1215,42.0,,,,6408,28.5,44.5,3.7,344,-112,0.0
2026-09-02 12:38:05.714183,stage3-lowpower,1213,42.0,,,,9583,28.4,43.9,3.7,344,-112,-0.3
2026-09-02 12:38:08.889854,stage3-lowpower,1214,42.0,,,,12758,28.3,43.4,3.7,344,-112,-0.3
2026-09-02 12:38:12.166257,stage3-lowpower,1215,42.0,,,,15933,28.3,43.9,3.7,344,-112,-1.3
2026-09-02 12:38:15.340905,stage3-lowpower,1213,42.0,,,,19108,28.2,43.9,3.7,344,-112,-0.5
2026-09-02 12:41:20.347495,stage4-lowpower-v2,1221,41.0,1215,1221,3,3050,29.0,49.0,3.8,345,-119,-7.5
2026-09-02 12:42:56.225000,stage3-lowpower,1195,44.0,,,,87,27.5,45.7,3.7,345,-112,-0.5
2026-09-02 12:42:59.399267,stage3-lowpower,1212,42.0,,,,3233,27.4,45.2,3.7,345,-112,-0.5
2026-09-02 12:43:02.510189,stage3-lowpower,1213,42.0,,,,6408,27.3,45.4,3.7,345,-113,-1.3
2026-09-02 12:43:05.747332,stage3-lowpower,1213,42.0,,,,9583,27.2,45.3,3.7,345,-113,-0.8
2026-09-02 12:43:08.923628,stage3-lowpower,1215,42.0,,,,12758,27.2,45.7,3.7,345,-112,-0.5
2026-09-02 12:43:12.096691,stage3-lowpower,1213,42.0,,,,15933,27.1,45.8,3.7,345,-112,0.0
2026-09-02 12:43:15.224622,stage3-lowpower,1213,42.0,,,,19108,27.1,45.4,3.7,345,-112,-0.3
2026-09-02 12:46:20.410499,stage4-lowpower-v2,1213,42.0,1213,1213,3,3050,27.6,48.5,3.79,346,-119,-7.2
2026-09-02 12:47:55.950474,stage3-lowpower,1193,44.0,,,,87,26.4,48.1,3.7,346,-112,0.0
2026-09-02 12:47:59.124528,stage3-lowpower,1207,43.0,,,,3233,26.4,49.6,3.7,346,-112,-0.3
2026-09-02 12:48:02.298199,stage3-lowpower,1210,43.0,,,,6408,26.5,51.2,3.7,346,-112,-0.3
2026-09-02 12:48:05.473315,stage3-lowpower,1212,42.0,,,,9583,26.5,50.2,3.7,346,-112,-0.5
2026-09-02 12:48:08.647718,stage3-lowpower,1210,43.0,,,,12758,26.6,48.7,3.7,346,-112,-0.3
2026-09-02 12:48:11.822131,stage3-lowpower,1212,42.0,,,,15933,26.7,48.0,3.7,346,-112,-0.3
2026-09-02 12:48:14.903449,stage3-lowpower,1213,42.0,,,,19108,26.8,47.2,3.7,346,-112,-0.3
2026-09-02 12:51:20.413185,stage4-lowpower-v2,1221,41.0,1213,1221,3,3050,28.0,50.5,3.8,347,-119,-7.2
2026-09-02 12:52:56.084897,stage3-lowpower,1195,44.0,,,,87,27.2,45.2,3.7,347,-112,-0.5
2026-09-02 12:52:59.213258,stage3-lowpower,1212,42.0,,,,3233,27.2,45.7,3.7,347,-112,-0.8
2026-09-02 12:53:02.378218,stage3-lowpower,1213,42.0,,,,6408,27.3,45.8,3.7,347,-112,-0.3
2026-09-02 12:53:05.607830,stage3-lowpower,1211,42.0,,,,9583,27.3,45.8,3.7,347,-112,-0.3
2026-09-02 12:53:08.782194,stage3-lowpower,1211,42.0,,,,12758,27.3,46.2,3.7,347,-112,0.0
2026-09-02 12:53:11.957173,stage3-lowpower,1211,42.0,,,,15933,27.4,46.1,3.7,347,-112,0.0
2026-09-02 12:53:15.132486,stage3-lowpower,1213,42.0,,,,19108,27.4,47.8,3.7,347,-111,0.0
2026-09-02 12:56:20.477198,stage4-lowpower-v2,1215,42.0,1214,1221,3,3050,28.1,49.7,3.8,348,-119,-7.0
2026-09-02 12:57:56.322518,stage3-lowpower,1197,44.0,,,,87,27.2,47.9,3.7,348,-112,-0.3
2026-09-02 12:57:59.497137,stage3-lowpower,1213,42.0,,,,3233,27.3,47.4,3.7,348,-112,-0.5
2026-09-02 12:58:02.567349,stage3-lowpower,1213,42.0,,,,6408,27.3,47.2,3.7,348,-112,-0.5
2026-09-02 12:58:05.845314,stage3-lowpower,1213,42.0,,,,9583,27.4,47.2,3.7,348,-112,-0.8
2026-09-02 12:58:09.020435,stage3-lowpower,1215,42.0,,,,12758,27.5,47.2,3.7,348,-112,-0.5
2026-09-02 12:58:12.194079,stage3-lowpower,1213,42.0,,,,15933,27.6,47.0,3.7,348,-112,-0.5
2026-09-02 12:58:15.369495,stage3-lowpower,1221,41.0,,,,19108,27.6,48.2,3.7,348,-112,-0.3
2026-09-02 13:01:20.545529,stage4-lowpower-v2,1221,41.0,1216,1223,3,3050,28.7,48.6,3.8,349,-119,-7.7
2026-09-02 13:02:56.458169,stage3-lowpower,1197,44.0,,,,87,27.0,45.5,3.7,349,-112,-0.5
2026-09-02 13:02:59.631430,stage3-lowpower,1213,42.0,,,,3233,27.0,45.8,3.7,349,-112,-0.3
2026-09-02 13:03:02.756780,stage3-lowpower,1213,42.0,,,,6408,27.0,45.5,3.7,349,-112,-0.5
2026-09-02 13:03:05.981310,stage3-lowpower,1213,42.0,,,,9583,27.0,45.7,3.7,349,-112,-0.5
2026-09-02 13:03:09.155578,stage3-lowpower,1213,42.0,,,,12758,27.0,46.2,3.7,349,-112,-0.3
2026-09-02 13:03:12.329388,stage3-lowpower,1213,42.0,,,,15933,27.1,47.2,3.7,349,-113,-0.8
2026-09-02 13:03:15.504582,stage3-lowpower,1215,42.0,,,,19108,27.1,47.7,3.7,349,-112,-0.5
2026-09-02 13:06:20.687749,stage4-lowpower-v2,1215,42.0,1215,1215,3,3050,27.8,49.7,3.79,350,-119,-7.7
2026-09-02 13:07:56.388505,stage3-lowpower,1195,44.0,,,,87,27.3,48.7,3.7,350,-113,-1.0
2026-09-02 13:07:59.562210,stage3-lowpower,1212,42.0,,,,3233,27.4,48.1,3.7,350,-114,-2.0
2026-09-02 13:08:02.737476,stage3-lowpower,1211,42.0,,,,6408,27.4,47.7,3.7,350,-113,-1.5
2026-09-02 13:08:05.874076,stage3-lowpower,1215,42.0,,,,9583,27.5,47.5,3.7,350,-113,-1.5
2026-09-02 13:08:09.087417,stage3-lowpower,1215,42.0,,,,12758,27.5,47.2,3.7,350,-113,-1.3
2026-09-02 13:08:12.260977,stage3-lowpower,1214,42.0,,,,15933,27.6,47.0,3.7,350,-112,-0.8
2026-09-02 13:08:15.434091,stage3-lowpower,1213,42.0,,,,19108,27.6,47.0,3.7,350,-112,-0.3
2026-09-02 13:11:20.439628,stage4-lowpower-v2,1221,41.0,1215,1222,3,3050,28.0,51.5,3.79,351,-120,-8.3
2026-09-02 13:12:56.427276,stage3-lowpower,1199,44.0,,,,87,27.7,46.8,3.7,351,-112,-1.0
2026-09-02 13:12:59.697897,stage3-lowpower,1215,42.0,,,,3233,27.7,47.2,3.7,351,-112,-0.5
2026-09-02 13:13:02.761697,stage3-lowpower,1216,42.0,,,,6408,27.6,46.4,3.7,351,-112,-0.8
2026-09-02 13:13:05.945216,stage3-lowpower,1215,42.0,,,,9583,27.5,45.4,3.7,351,-112,-0.5
2026-09-02 13:13:09.221851,stage3-lowpower,1221,41.0,,,,12758,27.5,45.2,3.7,351,-112,-0.5
2026-09-02 13:13:12.395620,stage3-lowpower,1222,41.0,,,,15933,27.4,45.2,3.7,351,-113,-0.8
2026-09-02 13:13:15.570152,stage3-lowpower,1215,42.0,,,,19108,27.4,45.9,3.7,351,-113,-0.8
2026-09-02 13:16:20.786447,stage4-lowpower-v2,1215,42.0,1215,1221,3,3050,27.6,51.2,3.79,352,-120,-8.8
2026-09-02 13:17:56.413654,stage3-lowpower,1198,44.0,,,,87,27.2,49.4,3.7,352,-111,0.0
2026-09-02 13:17:59.628969,stage3-lowpower,1212,42.0,,,,3233,27.2,50.8,3.7,352,-112,-0.3
2026-09-02 13:18:02.749659,stage3-lowpower,1215,42.0,,,,6408,27.2,51.3,3.7,352,-112,-0.8
2026-09-02 13:18:05.977685,stage3-lowpower,1215,42.0,,,,9583,27.3,51.3,3.7,352,-112,0.0
2026-09-02 13:18:09.157261,stage3-lowpower,1215,42.0,,,,12758,27.3,52.0,3.7,352,-113,-1.3
2026-09-02 13:18:12.327764,stage3-lowpower,1215,42.0,,,,15933,27.3,51.8,3.7,352,-112,-0.5
2026-09-02 13:18:15.504673,stage3-lowpower,1223,41.0,,,,19108,27.4,51.0,3.7,352,-112,-0.8
2026-09-02 13:21:21.113272,stage4-lowpower-v2,1216,42.0,1215,1222,3,3050,28.0,52.2,3.8,353,-119,-8.0
2026-09-02 13:22:56.602482,stage3-lowpower,1199,44.0,,,,87,27.3,47.5,3.7,353,-112,-0.3
2026-09-02 13:22:59.866100,stage3-lowpower,1215,42.0,,,,3233,27.4,47.5,3.7,353,-113,-0.8
2026-09-02 13:23:03.040674,stage3-lowpower,1221,41.0,,,,6408,27.3,46.4,3.7,353,-112,-0.8
2026-09-02 13:23:06.113068,stage3-lowpower,1221,41.0,,,,9583,27.2,45.8,3.7,353,-113,-1.0
2026-09-02 13:23:09.273064,stage3-lowpower,1215,42.0,,,,12758,27.2,46.5,3.7,353,-113,-1.0
2026-09-02 13:23:12.461926,stage3-lowpower,1214,42.0,,,,15933,27.3,46.8,3.7,353,-112,-1.0
2026-09-02 13:23:15.738133,stage3-lowpower,1215,42.0,,,,19108,27.3,46.7,3.7,353,-113,-0.5
2026-09-02 13:26:20.889370,stage4-lowpower-v2,1223,41.0,1221,1223,3,3050,28.6,47.5,3.79,354,-120,-8.3
2026-09-02 13:27:56.930223,stage3-lowpower,1203,43.0,,,,87,28.9,43.2,3.7,354,-117,-5.0
2026-09-02 13:28:00.001864,stage3-lowpower,1223,41.0,,,,3233,28.8,42.8,3.7,354,-117,-5.0
2026-09-02 13:28:03.381638,stage3-lowpower,1223,41.0,,,,6408,28.9,42.3,3.7,354,-117,-5.5
2026-09-02 13:28:06.521403,stage3-lowpower,1225,41.0,,,,9785,29.0,42.7,3.7,354,-117,-5.7
2026-09-02 13:28:09.832366,stage3-lowpower,1226,41.0,,,,12960,29.1,43.0,3.7,354,-117,-5.0
2026-09-02 13:28:13.211801,stage3-lowpower,1224,41.0,,,,16135,29.2,43.2,3.7,354,-117,-5.0
2026-09-02 13:28:16.283548,stage3-lowpower,1227,41.0,,,,19512,29.3,43.3,3.7,354,-117,-5.2
2026-09-02 13:31:21.371938,stage4-lowpower-v2,1228,41.0,1227,1228,3,3050,30.4,47.5,3.8,355,-120,-8.5
2026-09-02 13:32:57.474453,stage3-lowpower,1208,43.0,,,,87,30.1,41.2,3.7,355,-115,-3.7
2026-09-02 13:33:01.083004,stage3-lowpower,1229,41.0,,,,3435,,,3.7,355,-116,-4.2
2026-09-02 13:33:04.335645,stage3-lowpower,1229,41.0,,,,7030,30.3,41.7,3.7,355,-115,-3.7
2026-09-02 13:33:07.510000,stage3-lowpower,1230,40.0,,,,10205,30.4,42.2,3.7,355,-116,-3.7
2026-09-02 13:33:10.686809,stage3-lowpower,1234,40.0,,,,13380,30.4,41.4,3.7,355,-116,-3.7
2026-09-02 13:33:13.756505,stage3-lowpower,1231,40.0,,,,16555,30.2,40.5,3.7,355,-115,-3.7
2026-09-02 13:33:16.904713,stage3-lowpower,1230,40.0,,,,19730,30.1,40.4,3.7,355,-115,-3.2
2026-09-02 13:36:21.622511,stage4-lowpower-v2,1229,41.0,1229,1229,3,3050,30.7,43.0,3.8,356,-120,-8.8
2026-09-02 13:37:58.736842,stage3-lowpower,1208,43.0,,,,87,29.4,42.1,3.7,356,-114,-2.5
2026-09-02 13:38:00.984886,stage3-lowpower,1228,41.0,,,,3233,,,3.7,356,-114,-3.2
2026-09-02 13:38:04.380888,stage3-lowpower,1227,41.0,,,,6828,29.2,40.6,3.7,356,-115,-3.7
2026-09-02 13:38:07.645263,stage3-lowpower,1229,41.0,,,,10205,29.1,40.5,3.7,356,-115,-3.2
2026-09-02 13:38:10.820713,stage3-lowpower,1226,41.0,,,,13380,29.0,40.8,3.7,356,-114,-3.2
2026-09-02 13:38:13.891855,stage3-lowpower,1227,41.0,,,,16555,29.0,40.8,3.7,356,-115,-4.0
2026-09-02 13:38:17.065575,stage3-lowpower,1227,41.0,,,,19730,28.9,41.1,3.71,356,-115,-3.5
2026-09-02 13:41:21.830427,stage4-lowpower-v2,1228,41.0,1227,1229,3,3050,30.2,46.1,3.8,357,-120,-9.5
2026-09-02 13:42:57.058248,stage3-lowpower,1205,43.0,,,,87,28.3,43.1,3.7,357,-115,-3.5
2026-09-02 13:43:00.225072,stage3-lowpower,1224,41.0,,,,3233,28.2,43.2,3.7,357,-115,-4.2
2026-09-02 13:43:03.480000,stage3-lowpower,1224,41.0,,,,6408,28.3,43.2,3.7,357,-115,-3.7
2026-09-02 13:43:06.655689,stage3-lowpower,1225,41.0,,,,9583,28.3,42.8,3.7,357,-116,-3.7
2026-09-02 13:43:10.250281,stage3-lowpower,1227,41.0,,,,12758,,,3.7,357,-115,-3.7
2026-09-02 13:43:13.788700,stage3-lowpower,1227,41.0,,,,16389,28.3,43.2,3.7,357,-115,-3.7
2026-09-02 13:43:17.520444,stage3-lowpower,1225,41.0,,,,19980,,,3.7,357,-115,-3.2
2026-09-02 13:46:21.610548,stage4-lowpower-v2,1225,41.0,1223,1226,3,3050,28.7,47.2,3.8,358,-120,-8.8
2026-09-02 13:47:57.250726,stage3-lowpower,1204,43.0,,,,87,,,3.7,358,-115,-3.0
2026-09-02 13:48:00.872191,stage3-lowpower,1225,41.0,,,,3690,,,3.7,358,-114,-3.2
2026-09-02 13:48:04.491078,stage3-lowpower,1223,41.0,,,,7321,,,3.7,358,-114,-3.0
2026-09-02 13:48:08.139750,stage3-lowpower,1223,41.0,,,,10952,,,3.7,358,-114,-3.0
2026-09-02 13:48:11.826362,stage3-lowpower,1223,41.0,,,,14583,,,3.7,358,-114,-2.2
2026-09-02 13:48:15.409974,stage3-lowpower,1223,41.0,,,,18214,,,3.7,358,-115,-3.2
2026-09-02 13:48:19.096415,stage3-lowpower,1224,41.0,,,,21845,,,3.7,358,-115,-3.5
2026-09-02 13:51:21.357169,stage4-lowpower-v2,1224,41.0,1223,1227,3,3050,28.7,48.8,3.8,359,-121,-9.0
2026-09-02 13:52:57.168194,stage3-lowpower,1199,44.0,,,,87,,,3.7,359,-115,-2.7
2026-09-02 13:53:00.814955,stage3-lowpower,1222,41.0,,,,3690,,,3.7,359,-114,-2.5
2026-09-02 13:53:04.485546,stage3-lowpower,1223,41.0,,,,7321,,,3.7,359,-114,-3.5
2026-09-02 13:53:08.175108,stage3-lowpower,1221,41.0,,,,10952,,,3.7,359,-115,-3.5
2026-09-02 13:53:11.756188,stage3-lowpower,1224,41.0,,,,14583,,,3.7,359,-113,-2.2
2026-09-02 13:53:15.340387,stage3-lowpower,1223,41.0,,,,18214,,,3.7,359,-115,-3.2
2026-09-02 13:53:19.027021,stage3-lowpower,1223,41.0,,,,21845,,,3.7,359,-115,-3.2
2026-09-02 13:56:20.979734,stage4-lowpower-v2,1225,41.0,1224,1225,3,3050,27.8,50.0,3.79,360,-119,-7.5
2026-09-02 13:57:57.044797,stage3-lowpower,1199,44.0,,,,87,,,3.7,360,-114,-3.0
2026-09-02 13:58:00.730503,stage3-lowpower,1221,41.0,,,,3690,,,3.7,360,-114,-2.0
2026-09-02 13:58:04.238916,stage3-lowpower,1215,42.0,,,,7321,,,3.7,360,-114,-2.5
2026-09-02 13:58:08.000510,stage3-lowpower,1215,42.0,,,,10952,,,3.7,360,-114,-2.5
2026-09-02 13:58:11.584066,stage3-lowpower,1221,41.0,,,,14583,,,3.7,360,-113,-2.2
2026-09-02 13:58:15.169874,stage3-lowpower,1221,41.0,,,,18214,,,3.7,360,-114,-2.0
2026-09-02 13:58:18.854727,stage3-lowpower,1221,41.0,,,,21845,,,3.7,360,-113,-2.0
2026-09-02 14:01:20.705338,stage4-lowpower-v2,1223,41.0,1222,1224,3,3050,27.2,50.5,3.79,361,-120,-8.5
2026-09-02 14:02:56.973857,stage3-lowpower,1195,44.0,,,,87,,,3.7,361,-113,-2.2
2026-09-02 14:03:00.661017,stage3-lowpower,1213,42.0,,,,3690,,,3.7,361,-113,-1.8
2026-09-02 14:03:04.179062,stage3-lowpower,1213,42.0,,,,7321,,,3.7,361,-114,-2.0
2026-09-02 14:03:07.931616,stage3-lowpower,1214,42.0,,,,10952,,,3.7,361,-113,-1.8
2026-09-02 14:03:11.517263,stage3-lowpower,1216,42.0,,,,14583,,,3.7,361,-113,-2.0
2026-09-02 14:03:15.099630,stage3-lowpower,1215,42.0,,,,18214,,,3.7,361,-113,-1.8
2026-09-02 14:03:18.785075,stage3-lowpower,1215,42.0,,,,21845,,,3.7,361,-113,-2.2
2026-09-02 14:06:20.738218,stage4-lowpower-v2,1224,41.0,1223,1225,3,3050,27.4,53.1,3.79,362,-120,-9.0
2026-09-02 14:07:57.006403,stage3-lowpower,1198,44.0,,,,87,,,3.7,362,-113,-1.0
2026-09-02 14:08:00.613034,stage3-lowpower,1216,42.0,,,,3690,,,3.7,362,-112,-0.8
2026-09-02 14:08:04.229929,stage3-lowpower,1216,42.0,,,,7321,,,3.7,362,-112,-1.0
2026-09-02 14:08:07.862273,stage3-lowpower,1221,41.0,,,,10952,,,3.7,362,-112,-0.5
2026-09-02 14:08:11.546512,stage3-lowpower,1215,42.0,,,,14583,,,3.7,362,-112,0.0
2026-09-02 14:08:15.233871,stage3-lowpower,1221,41.0,,,,18214,,,3.7,362,-113,-1.3
2026-09-02 14:08:18.817872,stage3-lowpower,1221,41.0,,,,21845,,,3.7,362,-113,-1.0
2026-09-02 14:11:20.874128,stage4-lowpower-v2,1221,41.0,1221,1223,3,3050,27.0,51.2,3.8,363,-119,-7.5
2026-09-02 14:12:57.038919,stage3-lowpower,1200,44.0,,,,87,,,3.7,363,-113,-1.5
2026-09-02 14:13:00.546751,stage3-lowpower,1223,41.0,,,,3690,,,3.7,363,-113,-2.0
2026-09-02 14:13:04.209094,stage3-lowpower,1223,41.0,,,,7321,,,3.7,363,-114,-2.0
2026-09-02 14:13:07.894811,stage3-lowpower,1223,41.0,,,,10952,,,3.7,363,-113,-2.0
2026-09-02 14:13:11.478707,stage3-lowpower,1221,41.0,,,,14583,,,3.7,363,-115,-2.7
2026-09-02 14:13:15.165717,stage3-lowpower,1221,41.0,,,,18214,,,3.7,363,-114,-2.5
2026-09-02 14:13:18.749001,stage3-lowpower,1222,41.0,,,,21845,,,3.7,363,-114,-2.5
2026-09-02 14:16:21.213260,stage4-lowpower-v2,1223,41.0,1221,1224,3,3050,27.1,51.3,3.8,364,-120,-8.0
2026-09-02 14:17:57.174361,stage3-lowpower,1203,43.0,,,,87,,,3.7,364,-116,-4.2
2026-09-02 14:18:00.761239,stage3-lowpower,1219,42.0,,,,3690,,,3.7,364,-116,-3.5
2026-09-02 14:18:04.339396,stage3-lowpower,1221,41.0,,,,7321,,,3.7,364,-116,-3.7
2026-09-02 14:18:07.964948,stage3-lowpower,1223,41.0,,,,10952,,,3.7,364,-116,-4.0
2026-09-02 14:18:11.621371,stage3-lowpower,1221,41.0,,,,14583,,,3.7,364,-115,-3.5
2026-09-02 14:18:15.203293,stage3-lowpower,1223,41.0,,,,18214,,,3.7,364,-115,-3.2
2026-09-02 14:18:18.883690,stage3-lowpower,1216,42.0,,,,21845,,,3.7,364,-114,-2.7
2026-09-02 14:21:21.554461,stage4-lowpower-v2,1225,41.0,1225,1227,3,3050,27.9,54.2,3.79,365,-120,-7.7
2026-09-02 14:22:57.206619,stage3-lowpower,1203,43.0,,,,87,,,3.7,365,-115,-3.5
2026-09-02 14:23:00.791495,stage3-lowpower,1215,42.0,,,,3690,,,3.7,365,-116,-3.5
2026-09-02 14:23:04.382418,stage3-lowpower,1221,41.0,,,,7321,,,3.7,365,-116,-4.2
2026-09-02 14:23:07.998621,stage3-lowpower,1221,41.0,,,,10952,,,3.7,365,-116,-4.2
2026-09-02 14:23:11.749295,stage3-lowpower,1221,41.0,,,,14583,,,3.7,365,-115,-3.5
2026-09-02 14:23:15.332801,stage3-lowpower,1216,42.0,,,,18214,,,3.7,365,-115,-3.7
2026-09-02 14:23:18.918652,stage3-lowpower,1224,41.0,,,,21845,,,3.7,365,-116,-4.2
2026-09-02 14:26:21.682206,stage4-lowpower-v2,1226,41.0,1225,1227,3,3050,27.7,51.6,3.8,366,-120,-8.5
2026-09-02 14:27:57.337594,stage3-lowpower,1199,44.0,,,,87,,,3.7,366,-115,-3.7
2026-09-02 14:28:01.022462,stage3-lowpower,1223,41.0,,,,3690,,,3.7,366,-115,-3.5
2026-09-02 14:28:04.534738,stage3-lowpower,1222,41.0,,,,7321,,,3.7,366,-115,-3.5
2026-09-02 14:28:08.200719,stage3-lowpower,1216,42.0,,,,10952,,,3.7,366,-115,-3.7
2026-09-02 14:28:11.877791,stage3-lowpower,1221,41.0,,,,14583,,,3.7,366,-115,-3.5
2026-09-02 14:28:15.463065,stage3-lowpower,1224,41.0,,,,18214,,,3.7,366,-115,-4.0
2026-09-02 14:28:19.146246,stage3-lowpower,1223,41.0,,,,21845,,,3.7,366,-114,-3.5
2026-09-02 14:31:21.408054,stage4-lowpower-v2,1225,41.0,1225,1227,3,3050,27.6,50.7,3.79,367,-119,-7.2
2026-09-02 14:32:57.265206,stage3-lowpower,1199,44.0,,,,87,,,3.7,367,-115,-3.2
2026-09-02 14:33:00.785807,stage3-lowpower,1223,41.0,,,,3690,,,3.7,367,-115,-3.5
2026-09-02 14:33:04.446116,stage3-lowpower,1224,41.0,,,,7321,,,3.7,367,-114,-3.5
2026-09-02 14:33:08.120400,stage3-lowpower,1222,41.0,,,,10952,,,3.7,367,-115,-3.0
2026-09-02 14:33:11.704061,stage3-lowpower,1223,41.0,,,,14583,,,3.7,367,-114,-2.5
2026-09-02 14:33:15.389870,stage3-lowpower,1224,41.0,,,,18214,,,3.7,367,-115,-2.7
2026-09-02 14:33:18.975106,stage3-lowpower,1223,41.0,,,,21845,,,3.7,367,-115,-2.7
2026-09-02 14:36:21.645449,stage4-lowpower-v2,1223,41.0,1223,1224,3,3050,27.1,50.6,3.8,368,-120,-8.5
2026-09-02 14:37:57.401621,stage3-lowpower,1204,43.0,,,,87,,,3.7,368,-115,-3.5
2026-09-02 14:38:00.985292,stage3-lowpower,1215,42.0,,,,3690,,,3.7,368,-116,-4.5
2026-09-02 14:38:04.671270,stage3-lowpower,1223,41.0,,,,7321,,,3.7,368,-116,-4.5
2026-09-02 14:38:08.255664,stage3-lowpower,1222,41.0,,,,10952,,,3.7,368,-116,-4.5
2026-09-02 14:38:11.868901,stage3-lowpower,1222,41.0,,,,14583,,,3.7,368,-116,-4.7
2026-09-02 14:38:15.525799,stage3-lowpower,1215,42.0,,,,18214,,,3.7,368,-116,-4.5
2026-09-02 14:38:19.110396,stage3-lowpower,1216,42.0,,,,21845,,,3.7,368,-116,-4.0
2026-09-02 14:41:21.882544,stage4-lowpower-v2,1224,41.0,1223,1225,3,3050,27.4,52.0,3.79,369,-120,-8.0
2026-09-02 14:42:57.229597,stage3-lowpower,1200,44.0,,,,87,,,3.7,369,-116,-4.7
2026-09-02 14:43:01.017839,stage3-lowpower,1221,41.0,,,,3690,,,3.7,369,-116,-4.5
2026-09-02 14:43:04.499220,stage3-lowpower,1221,41.0,,,,7321,,,3.7,369,-117,-4.5
2026-09-02 14:43:08.186197,stage3-lowpower,1223,41.0,,,,10952,,,3.7,369,-116,-5.0
2026-09-02 14:43:11.749901,stage3-lowpower,1223,41.0,,,,14583,,,3.7,369,-116,-5.0
2026-09-02 14:43:15.456117,stage3-lowpower,1223,41.0,,,,18214,,,3.7,369,-115,-3.7
2026-09-02 14:43:19.040415,stage3-lowpower,1224,41.0,,,,21845,,,3.7,369,-116,-5.0
2026-09-02 14:46:22.119974,stage4-lowpower-v2,1225,41.0,1225,1225,3,3050,27.4,53.3,3.8,370,-121,-8.8
2026-09-02 14:47:57.261622,stage3-lowpower,1197,44.0,,,,87,,,3.7,370,-115,-3.5
2026-09-02 14:48:00.845977,stage3-lowpower,1215,42.0,,,,3690,,,3.7,370,-115,-3.0
2026-09-02 14:48:04.531736,stage3-lowpower,1215,42.0,,,,7321,,,3.7,370,-116,-4.0
2026-09-02 14:48:08.057821,stage3-lowpower,1221,41.0,,,,10952,,,3.7,370,-115,-3.7
2026-09-02 14:48:11.699632,stage3-lowpower,1221,41.0,,,,14583,,,3.7,370,-115,-3.5
2026-09-02 14:48:15.385883,stage3-lowpower,1223,41.0,,,,18214,,,3.7,370,-115,-3.5
2026-09-02 14:48:18.970020,stage3-lowpower,1216,42.0,,,,21845,,,3.7,370,-115,-3.2
2026-09-02 14:51:21.640643,stage4-lowpower-v2,1223,41.0,1222,1223,3,3050,26.6,53.8,3.8,371,-118,-6.2
2026-09-02 14:52:57.293436,stage3-lowpower,1196,44.0,,,,87,,,3.7,371,-115,-3.5
2026-09-02 14:53:00.980144,stage3-lowpower,1213,42.0,,,,3690,,,3.7,371,-115,-3.0
2026-09-02 14:53:04.564359,stage3-lowpower,1213,42.0,,,,7321,,,3.7,371,-115,-2.7
2026-09-02 14:53:08.172244,stage3-lowpower,1215,42.0,,,,10952,,,3.7,371,-114,-3.2
2026-09-02 14:53:11.834288,stage3-lowpower,1213,42.0,,,,14583,,,3.7,371,-115,-3.2
2026-09-02 14:53:15.521658,stage3-lowpower,1214,42.0,,,,18214,,,3.7,371,-115,-3.2
2026-09-02 14:53:19.105843,stage3-lowpower,1216,42.0,,,,21845,,,3.7,371,-115,-4.0
2026-09-02 14:56:21.775519,stage4-lowpower-v2,1221,41.0,1214,1221,3,3050,25.9,52.4,3.8,372,-117,-5.7
2026-09-02 14:57:57.541474,stage3-lowpower,1196,44.0,,,,87,,,3.7,372,-115,-3.7
2026-09-02 14:58:01.217843,stage3-lowpower,1211,42.0,,,,3690,,,3.7,372,-115,-3.5
2026-09-02 14:58:04.904138,stage3-lowpower,1213,42.0,,,,7321,,,3.7,372,-115,-3.2
2026-09-02 14:58:08.487623,stage3-lowpower,1213,42.0,,,,10952,,,3.7,372,-115,-3.0
2026-09-02 14:58:12.071944,stage3-lowpower,1213,42.0,,,,14583,,,3.7,372,-115,-3.2
2026-09-02 14:58:15.707293,stage3-lowpower,1211,42.0,,,,18214,,,3.7,372,-115,-3.2
2026-09-02 14:58:19.341997,stage3-lowpower,1212,42.0,,,,21845,,,3.7,372,-115,-3.5
2026-09-02 15:01:21.807980,stage4-lowpower-v2,1221,41.0,1216,1223,3,3050,26.1,55.3,3.79,373,-118,-6.0
2026-09-02 15:02:57.666959,stage3-lowpower,1197,44.0,,,,87,,,3.7,373,-115,-3.2
2026-09-02 15:03:01.352135,stage3-lowpower,1211,42.0,,,,3690,,,3.7,373,-115,-3.0
2026-09-02 15:03:04.936769,stage3-lowpower,1215,42.0,,,,7321,,,3.7,373,-115,-3.2
2026-09-02 15:03:08.497685,stage3-lowpower,1215,42.0,,,,10952,,,3.7,373,-115,-3.0
2026-09-02 15:03:12.205942,stage3-lowpower,1215,42.0,,,,14583,,,3.7,373,-115,-3.2
2026-09-02 15:03:15.774169,stage3-lowpower,1213,42.0,,,,18214,,,3.7,373,-115,-3.2
2026-09-02 15:03:19.477260,stage3-lowpower,1213,42.0,,,,21845,,,3.7,373,-115,-3.2
2026-09-02 15:06:21.942507,stage4-lowpower-v2,1216,42.0,1215,1222,3,3050,25.6,53.5,3.79,374,-118,-6.0
2026-09-02 15:07:57.391527,stage3-lowpower,1196,44.0,,,,87,,,3.7,374,-115,-2.7
2026-09-02 15:08:01.180502,stage3-lowpower,1213,42.0,,,,3690,,,3.7,374,-115,-3.5
2026-09-02 15:08:04.764822,stage3-lowpower,1213,42.0,,,,7321,,,3.7,374,-115,-3.2
2026-09-02 15:08:08.351702,stage3-lowpower,1214,42.0,,,,10952,,,3.7,374,-115,-3.2
2026-09-02 15:08:11.946725,stage3-lowpower,1215,42.0,,,,14583,,,3.7,374,-115,-3.5
2026-09-02 15:08:15.618678,stage3-lowpower,1215,42.0,,,,18214,,,3.7,374,-115,-3.5
2026-09-02 15:08:19.202543,stage3-lowpower,1215,42.0,,,,21845,,,3.7,374,-115,-3.2
2026-09-02 15:11:21.873190,stage4-lowpower-v2,1221,41.0,1221,1221,3,3050,25.8,56.4,3.79,375,-118,-6.2
2026-09-02 15:12:57.629396,stage3-lowpower,1195,44.0,,,,87,,,3.7,375,-114,-3.0
2026-09-02 15:13:01.316165,stage3-lowpower,1214,42.0,,,,3690,,,3.7,375,-116,-3.7
2026-09-02 15:13:04.899493,stage3-lowpower,1215,42.0,,,,7321,,,3.7,375,-115,-3.0
2026-09-02 15:13:08.483880,stage3-lowpower,1214,42.0,,,,10952,,,3.7,375,-115,-3.0
2026-09-02 15:13:12.068418,stage3-lowpower,1213,42.0,,,,14583,,,3.7,375,-115,-2.7
2026-09-02 15:13:15.754377,stage3-lowpower,1214,42.0,,,,18214,,,3.7,375,-115,-3.0
2026-09-02 15:13:19.351607,stage3-lowpower,1213,42.0,,,,21845,,,3.7,375,-115,-3.2
2026-09-02 15:16:22.008415,stage4-lowpower-v2,1215,42.0,1215,1221,3,3050,25.5,55.2,3.79,376,-118,-6.2
2026-09-02 15:17:57.354311,stage3-lowpower,1191,45.0,,,,87,,,3.7,376,-115,-3.5
2026-09-02 15:18:01.041226,stage3-lowpower,1211,42.0,,,,3690,,,3.7,376,-115,-3.2
2026-09-02 15:18:04.625390,stage3-lowpower,1211,42.0,,,,7321,,,3.7,376,-115,-3.5
2026-09-02 15:18:08.312807,stage3-lowpower,1210,43.0,,,,10952,,,3.7,376,-115,-3.5
2026-09-02 15:18:11.895626,stage3-lowpower,1211,42.0,,,,14583,,,3.7,376,-115,-3.2
2026-09-02 15:18:15.482459,stage3-lowpower,1212,42.0,,,,18214,,,3.7,376,-115,-3.0
2026-09-02 15:18:19.129560,stage3-lowpower,1213,42.0,,,,21845,,,3.7,376,-114,-3.2
2026-09-02 15:21:22.041214,stage4-lowpower-v2,1213,42.0,1213,1215,3,3050,25.1,55.7,3.79,377,-117,-5.5
2026-09-02 15:22:57.314613,stage3-lowpower,1193,44.0,,,,87,,,3.7,377,-115,-3.5
2026-09-02 15:23:00.972608,stage3-lowpower,1212,42.0,,,,3690,,,3.7,377,-115,-3.0
2026-09-02 15:23:04.558076,stage3-lowpower,1209,43.0,,,,7321,,,3.7,377,-115,-2.7
2026-09-02 15:23:08.242709,stage3-lowpower,1211,42.0,,,,10952,,,3.7,377,-115,-3.0
2026-09-02 15:23:11.929789,stage3-lowpower,1213,42.0,,,,14583,,,3.7,377,-115,-3.2
2026-09-02 15:23:15.436919,stage3-lowpower,1211,42.0,,,,18214,,,3.7,377,-115,-3.5
2026-09-02 15:23:19.200602,stage3-lowpower,1213,42.0,,,,21845,,,3.7,377,-115,-3.2
2026-09-02 15:26:21.870508,stage4-lowpower-v2,1213,42.0,1213,1213,3,3051,24.6,55.1,3.79,378,-124,-12.0
2026-09-02 15:27:57.421884,stage3-lowpower,1191,45.0,,,,87,,,3.7,378,-115,-3.0
2026-09-02 15:28:01.005943,stage3-lowpower,1210,43.0,,,,3690,,,3.7,378,-115,-3.2
2026-09-02 15:28:04.566748,stage3-lowpower,1209,43.0,,,,7321,,,3.7,378,-115,-3.7
2026-09-02 15:28:08.278811,stage3-lowpower,1209,43.0,,,,10952,,,3.7,378,-115,-4.0
2026-09-02 15:28:11.846244,stage3-lowpower,1209,43.0,,,,14583,,,3.7,378,-115,-3.5
2026-09-02 15:28:15.458790,stage3-lowpower,1209,43.0,,,,18214,,,3.7,378,-115,-3.5
2026-09-02 15:28:19.131836,stage3-lowpower,1211,42.0,,,,21845,,,3.7,378,-114,-2.0
2026-09-02 15:31:21.507868,stage4-lowpower-v2,1212,42.0,1211,1212,3,3051,24.4,54.9,3.79,379,-123,-11.3
2026-09-02 15:32:57.557764,stage3-lowpower,1193,44.0,,,,87,,,3.7,379,-114,-2.7
2026-09-02 15:33:00.937133,stage3-lowpower,1208,43.0,,,,3690,,,3.7,379,-115,-3.2
2026-09-02 15:33:04.535251,stage3-lowpower,1209,43.0,,,,7321,,,3.7,379,-115,-4.0
2026-09-02 15:33:08.207960,stage3-lowpower,1209,43.0,,,,10952,,,3.7,379,-115,-3.2
2026-09-02 15:33:11.894543,stage3-lowpower,1210,43.0,,,,14583,,,3.7,379,-115,-3.2
2026-09-02 15:33:15.480172,stage3-lowpower,1208,43.0,,,,18214,,,3.7,379,-115,-3.0
2026-09-02 15:33:19.067561,stage3-lowpower,1209,43.0,,,,21845,,,3.7,379,-115,-3.2
2026-09-02 15:36:21.425010,stage4-lowpower-v2,1213,42.0,1213,1213,3,3050,24.5,56.5,3.79,380,-122,-10.3
2026-09-02 15:37:57.283710,stage3-lowpower,1191,45.0,,,,87,,,3.7,380,-114,-2.5
2026-09-02 15:38:01.208861,stage3-lowpower,1208,43.0,,,,3690,,,3.7,380,-114,-2.5
2026-09-02 15:38:04.554165,stage3-lowpower,1209,43.0,,,,7321,,,3.7,380,-114,-2.0
2026-09-02 15:38:08.138517,stage3-lowpower,1208,43.0,,,,10952,,,3.7,380,-114,-2.2
2026-09-02 15:38:11.824947,stage3-lowpower,1207,43.0,,,,14583,,,3.7,380,-114,-2.5
2026-09-02 15:38:15.408894,stage3-lowpower,1209,43.0,,,,18214,,,3.7,380,-114,-2.0
2026-09-02 15:38:18.965337,stage3-lowpower,1209,43.0,,,,21845,,,3.7,380,-114,-2.7
2026-09-02 15:41:21.048718,stage4-lowpower-v2,1212,42.0,1212,1213,3,3050,24.1,57.0,3.79,381,-122,-10.3
2026-09-02 15:42:57.214486,stage3-lowpower,1191,45.0,,,,87,,,3.7,381,-115,-3.0
2026-09-02 15:43:00.901183,stage3-lowpower,1208,43.0,,,,3690,,,3.7,381,-117,-4.5
2026-09-02 15:43:04.484531,stage3-lowpower,1205,43.0,,,,7321,,,3.7,381,-116,-4.7
2026-09-02 15:43:08.170604,stage3-lowpower,1206,43.0,,,,10952,,,3.7,381,-116,-4.5
2026-09-02 15:43:11.755945,stage3-lowpower,1209,43.0,,,,14583,,,3.7,381,-117,-5.5
2026-09-02 15:43:15.335928,stage3-lowpower,1208,43.0,,,,18214,,,3.7,381,-116,-5.2
2026-09-02 15:43:19.042840,stage3-lowpower,1207,43.0,,,,21845,,,3.7,381,-116,-5.2
2026-09-02 15:46:21.286103,stage4-lowpower-v2,1212,42.0,1211,1212,3,3050,23.9,58.2,3.79,382,-121,-9.5
2026-09-02 15:47:57.246398,stage3-lowpower,1191,45.0,,,,87,,,3.7,382,-115,-3.2
2026-09-02 15:48:00.937468,stage3-lowpower,1209,43.0,,,,3690,,,3.7,382,-115,-3.0
2026-09-02 15:48:04.479744,stage3-lowpower,1206,43.0,,,,7321,,,3.7,382,-115,-3.7
2026-09-02 15:48:08.105898,stage3-lowpower,1206,43.0,,,,10952,,,3.7,382,-115,-3.0
2026-09-02 15:48:11.788193,stage3-lowpower,1205,43.0,,,,14583,,,3.7,382,-114,-3.0
2026-09-02 15:48:15.474926,stage3-lowpower,1208,43.0,,,,18214,,,3.7,382,-115,-3.2
2026-09-02 15:48:18.992328,stage3-lowpower,1207,43.0,,,,21845,,,3.7,382,-114,-3.5
2026-09-02 15:51:21.335257,stage4-lowpower-v2,1209,43.0,1209,1210,3,3050,23.6,57.3,3.79,383,-122,-11.0
2026-09-02 15:52:57.279890,stage3-lowpower,1189,45.0,,,,87,,,3.69,383,-115,-3.2
2026-09-02 15:53:00.864011,stage3-lowpower,1205,43.0,,,,3690,,,3.7,383,-115,-3.7
2026-09-02 15:53:04.414663,stage3-lowpower,1206,43.0,,,,7321,,,3.7,383,-115,-4.0
2026-09-02 15:53:08.134550,stage3-lowpower,1207,43.0,,,,10952,,,3.69,383,-115,-3.5
2026-09-02 15:53:11.718360,stage3-lowpower,1207,43.0,,,,14583,,,3.7,383,-115,-3.2
2026-09-02 15:53:15.406513,stage3-lowpower,1207,43.0,,,,18214,,,3.7,383,-115,-3.5
2026-09-02 15:53:18.988866,stage3-lowpower,1208,43.0,,,,21845,,,3.7,383,-115,-3.5
2026-09-02 15:56:21.162504,stage4-lowpower-v2,1211,42.0,1211,1211,3,3050,23.5,59.7,3.79,384,-121,-10.3
2026-09-02 15:57:57.414363,stage3-lowpower,1190,45.0,,,,87,,,3.69,384,-115,-3.5
2026-09-02 15:58:00.998603,stage3-lowpower,1204,43.0,,,,3690,,,3.7,384,-115,-3.0
2026-09-02 15:58:04.582626,stage3-lowpower,1207,43.0,,,,7321,,,3.7,384,-115,-3.0
2026-09-02 15:58:08.269233,stage3-lowpower,1207,43.0,,,,10952,,,3.7,384,-114,-3.2
2026-09-02 15:58:11.853170,stage3-lowpower,1208,43.0,,,,14583,,,3.7,384,-115,-3.0
2026-09-02 15:58:15.540978,stage3-lowpower,1208,43.0,,,,18214,,,3.7,384,-115,-3.2
2026-09-02 15:58:19.117476,stage3-lowpower,1209,43.0,,,,21845,,,3.7,384,-115,-3.5
2026-09-02 16:01:21.241745,stage4-lowpower-v2,1211,42.0,1209,1211,3,3050,23.3,59.5,3.79,385,-120,-8.3
2026-09-02 16:02:57.254698,stage3-lowpower,1188,45.0,,,,87,,,3.69,385,-115,-3.7
2026-09-02 16:03:00.928469,stage3-lowpower,1205,43.0,,,,3690,,,3.69,385,-115,-3.7
2026-09-02 16:03:04.614851,stage3-lowpower,1204,43.0,,,,7321,,,3.7,385,-115,-3.7
2026-09-02 16:03:08.198837,stage3-lowpower,1204,43.0,,,,10952,,,3.7,385,-115,-3.5
2026-09-02 16:03:11.886556,stage3-lowpower,1203,43.0,,,,14583,,,3.69,385,-115,-3.5
2026-09-02 16:03:15.469298,stage3-lowpower,1205,43.0,,,,18214,,,3.7,385,-115,-3.2
2026-09-02 16:03:19.054751,stage3-lowpower,1207,43.0,,,,21845,,,3.7,385,-115,-3.0
2026-09-02 16:06:21.416651,stage4-lowpower-v2,1211,42.0,1211,1213,3,3051,23.1,62.9,3.79,386,-121,-9.8
2026-09-02 16:07:57.274333,stage3-lowpower,1183,46.0,,,,87,,,3.69,386,-117,-4.5
2026-09-02 16:08:00.960991,stage3-lowpower,1204,43.0,,,,3690,,,3.69,386,-117,-4.7
2026-09-02 16:08:04.544181,stage3-lowpower,1204,43.0,,,,7321,,,3.69,386,-116,-4.2
2026-09-02 16:08:08.130396,stage3-lowpower,1207,43.0,,,,10952,,,3.7,386,-118,-6.2
2026-09-02 16:08:11.815425,stage3-lowpower,1207,43.0,,,,14583,,,3.7,386,-117,-4.5
2026-09-02 16:08:15.500829,stage3-lowpower,1207,43.0,,,,18214,,,3.7,386,-118,-5.7
2026-09-02 16:08:19.089584,stage3-lowpower,1207,43.0,,,,21845,,,3.7,386,-116,-4.0
2026-09-02 16:11:22.190482,stage4-lowpower-v2,1209,43.0,1209,1211,3,3051,23.0,62.7,3.79,387,-122,-11.0
2026-09-02 16:12:57.210857,stage3-lowpower,1180,46.0,,,,87,,,3.69,387,-114,-2.2
2026-09-02 16:13:00.796474,stage3-lowpower,1204,43.0,,,,3690,,,3.7,387,-114,-2.5
2026-09-02 16:13:04.481325,stage3-lowpower,1203,43.0,,,,7321,,,3.7,387,-114,-2.5
2026-09-02 16:13:08.066305,stage3-lowpower,1204,43.0,,,,10952,,,3.69,387,-114,-2.0
2026-09-02 16:13:11.649237,stage3-lowpower,1199,44.0,,,,14583,,,3.7,387,-114,-2.2
2026-09-02 16:13:15.335432,stage3-lowpower,1205,43.0,,,,18214,,,3.7,387,-114,-2.5
2026-09-02 16:13:18.919553,stage3-lowpower,1203,43.0,,,,21845,,,3.7,387,-113,-1.5
2026-09-02 16:16:20.725683,stage4-lowpower-v2,1208,43.0,1208,1209,3,3051,22.6,66.0,3.79,388,-122,-11.3
2026-09-02 16:17:57.039269,stage3-lowpower,1184,46.0,,,,87,,,3.69,388,-115,-3.5
2026-09-02 16:18:00.623442,stage3-lowpower,1199,44.0,,,,3690,,,3.69,388,-115,-3.5
2026-09-02 16:18:04.310128,stage3-lowpower,1199,44.0,,,,7321,,,3.7,388,-116,-3.5
2026-09-02 16:18:07.893693,stage3-lowpower,1202,43.0,,,,10952,,,3.7,388,-115,-3.2
2026-09-02 16:18:11.583524,stage3-lowpower,1204,43.0,,,,14583,,,3.7,388,-115,-3.7
2026-09-02 16:18:15.164114,stage3-lowpower,1199,44.0,,,,18214,,,3.7,388,-115,-3.5
2026-09-02 16:18:18.850829,stage3-lowpower,1203,43.0,,,,21845,,,3.7,388,-115,-3.7
2026-09-02 16:21:20.809851,stage4-lowpower-v2,1207,43.0,1207,1210,3,3050,22.5,65.8,3.79,389,-122,-10.0
2026-09-02 16:22:56.998866,stage3-lowpower,1183,46.0,,,,87,,,3.7,389,-115,-3.7
2026-09-02 16:23:00.654745,stage3-lowpower,1199,44.0,,,,3690,,,3.69,389,-115,-3.0
2026-09-02 16:23:04.341689,stage3-lowpower,1203,43.0,,,,7321,,,3.69,389,-115,-3.2
2026-09-02 16:23:07.926167,stage3-lowpower,1203,43.0,,,,10952,,,3.7,389,-114,-2.7
2026-09-02 16:23:11.612063,stage3-lowpower,1199,44.0,,,,14583,,,3.7,389,-115,-3.0
2026-09-02 16:23:15.196203,stage3-lowpower,1201,44.0,,,,18214,,,3.69,389,-115,-3.2
2026-09-02 16:23:18.885178,stage3-lowpower,1200,44.0,,,,21845,,,3.7,389,-115,-3.0
2026-09-02 16:26:20.733119,stage4-lowpower-v2,1207,43.0,1207,1209,3,3051,22.2,64.8,3.79,390,-124,-12.8
2026-09-02 16:27:56.822004,stage3-lowpower,1182,46.0,,,,87,,,3.69,390,-115,-3.2
2026-09-02 16:28:00.483583,stage3-lowpower,1199,44.0,,,,3690,,,3.7,390,-115,-3.0
2026-09-02 16:28:04.068058,stage3-lowpower,1199,44.0,,,,7321,,,3.69,390,-115,-3.0
2026-09-02 16:28:07.754096,stage3-lowpower,1199,44.0,,,,10952,,,3.69,390,-115,-3.0
2026-09-02 16:28:11.440167,stage3-lowpower,1203,43.0,,,,14583,,,3.69,390,-114,-3.0
2026-09-02 16:28:15.024131,stage3-lowpower,1199,44.0,,,,18214,,,3.7,390,-114,-3.2
2026-09-02 16:28:18.710549,stage3-lowpower,1199,44.0,,,,21845,,,3.7,390,-115,-3.2
2026-09-02 16:31:20.697058,stage4-lowpower-v2,1207,43.0,1206,1208,3,3051,22.1,68.6,3.79,391,-123,-12.0
2026-09-02 16:32:56.830124,stage3-lowpower,1180,46.0,,,,87,,,3.69,391,-116,-3.5
2026-09-02 16:33:00.518051,stage3-lowpower,1196,44.0,,,,3690,,,3.69,391,-116,-4.0
2026-09-02 16:33:04.085692,stage3-lowpower,1197,44.0,,,,7321,,,3.69,391,-114,-3.0
2026-09-02 16:33:07.786367,stage3-lowpower,1197,44.0,,,,10952,,,3.69,391,-116,-4.2
2026-09-02 16:33:11.473485,stage3-lowpower,1197,44.0,,,,14583,,,3.69,391,-115,-3.0
2026-09-02 16:33:15.057405,stage3-lowpower,1198,44.0,,,,18214,,,3.69,391,-115,-3.2
2026-09-02 16:33:18.644330,stage3-lowpower,1197,44.0,,,,21845,,,3.69,391,-115,-3.5
2026-09-02 16:36:20.890544,stage4-lowpower-v2,1206,43.0,1205,1207,3,3050,21.5,66.8,3.79,392,-121,-9.3
2026-09-02 16:37:56.669083,stage3-lowpower,1177,46.0,,,,87,,,3.69,392,-115,-3.7
2026-09-02 16:38:00.346523,stage3-lowpower,1195,44.0,,,,3690,,,3.69,392,-117,-5.5
2026-09-02 16:38:03.905688,stage3-lowpower,1194,44.0,,,,7321,,,3.69,392,-116,-4.0
2026-09-02 16:38:07.615542,stage3-lowpower,1196,44.0,,,,10952,,,3.7,392,-116,-3.7
2026-09-02 16:38:11.302967,stage3-lowpower,1197,44.0,,,,14583,,,3.69,392,-115,-2.7
2026-09-02 16:38:14.886803,stage3-lowpower,1197,44.0,,,,18214,,,3.69,392,-114,-3.0
2026-09-02 16:38:18.470553,stage3-lowpower,1196,44.0,,,,21845,,,3.69,392,-115,-3.2
2026-09-02 16:41:20.815547,stage4-lowpower-v2,1205,43.0,1205,1207,3,3051,21.4,67.6,3.79,393,-121,-10.0
2026-09-02 16:42:56.794318,stage3-lowpower,1175,47.0,,,,87,,,3.69,393,-114,-2.7
2026-09-02 16:43:00.326317,stage3-lowpower,1194,44.0,,,,3690,,,3.69,393,-115,-3.0
2026-09-02 16:43:03.962265,stage3-lowpower,1197,44.0,,,,7321,,,3.69,393,-116,-3.5
2026-09-02 16:43:07.648599,stage3-lowpower,1195,44.0,,,,10952,,,3.69,393,-116,-3.7
2026-09-02 16:43:11.234518,stage3-lowpower,1197,44.0,,,,14583,,,3.69,393,-115,-3.5
2026-09-02 16:43:14.918022,stage3-lowpower,1196,44.0,,,,18214,,,3.69,393,-115,-3.2
2026-09-02 16:43:18.503727,stage3-lowpower,1197,44.0,,,,21845,,,3.69,393,-115,-3.0
2026-09-02 16:46:20.899924,stage4-lowpower-v2,1207,43.0,1204,1207,3,3051,21.5,69.8,3.79,394,-123,-11.3
2026-09-02 16:47:56.929147,stage3-lowpower,1179,46.0,,,,87,,,3.69,394,-118,-6.2
2026-09-02 16:48:00.464884,stage3-lowpower,1196,44.0,,,,3654,,,3.69,394,-115,-3.7
2026-09-02 16:48:04.077369,stage3-lowpower,1195,44.0,,,,7249,,,3.69,394,-116,-4.2
2026-09-02 16:48:07.684503,stage3-lowpower,1198,44.0,,,,10844,,,3.69,394,-118,-6.0
2026-09-02 16:48:11.368276,stage3-lowpower,1196,44.0,,,,14439,,,3.69,394,-114,-2.7
2026-09-02 16:48:14.850830,stage3-lowpower,1197,44.0,,,,18034,,,3.69,394,-115,-3.2
2026-09-02 16:48:18.536429,stage3-lowpower,1195,44.0,,,,21629,,,3.69,394,-116,-3.7
2026-09-02 16:51:20.698055,stage4-lowpower-v2,1206,43.0,1206,1207,3,3051,21.6,71.5,3.79,395,-118,-7.0
2026-09-02 16:52:56.864963,stage3-lowpower,1179,46.0,,,,87,,,3.69,395,-116,-4.5
2026-09-02 16:53:00.443937,stage3-lowpower,1194,44.0,,,,3666,,,3.69,395,-115,-3.5
2026-09-02 16:53:04.130335,stage3-lowpower,1196,44.0,,,,7261,,,3.7,395,-116,-3.5
2026-09-02 16:53:07.636872,stage3-lowpower,1197,44.0,,,,10856,,,3.69,395,-115,-3.7
2026-09-02 16:53:11.299018,stage3-lowpower,1199,44.0,,,,14451,,,3.7,395,-115,-3.5
2026-09-02 16:53:14.882623,stage3-lowpower,1199,44.0,,,,18046,,,3.69,395,-115,-3.5
2026-09-02 16:53:18.382411,stage3-lowpower,1196,44.0,,,,21641,,,3.7,395,-116,-3.7
2026-09-02 16:56:20.426601,stage4-lowpower-v2,1206,43.0,1205,1207,3,3051,21.6,72.5,3.79,396,-120,-8.3
2026-09-02 16:57:56.790586,stage3-lowpower,1178,46.0,,,,87,,,3.69,396,-116,-4.0
2026-09-02 16:58:00.477978,stage3-lowpower,1197,44.0,,,,3682,,,3.7,396,-116,-4.2
2026-09-02 16:58:04.061444,stage3-lowpower,1196,44.0,,,,7277,,,3.69,396,-116,-4.0
2026-09-02 16:58:07.572861,stage3-lowpower,1195,44.0,,,,10872,,,3.7,396,-116,-4.5
2026-09-02 16:58:11.229028,stage3-lowpower,1198,44.0,,,,14467,,,3.69,396,-116,-4.2
2026-09-02 16:58:14.814576,stage3-lowpower,1195,44.0,,,,18062,,,3.7,396,-116,-3.7
2026-09-02 16:58:18.398125,stage3-lowpower,1197,44.0,,,,21657,,,3.69,396,-116,-4.5
2026-09-02 17:01:20.514549,stage4-lowpower-v2,1206,43.0,1205,1208,3,3051,21.5,72.2,3.79,397,-120,-8.5
2026-09-02 17:02:56.925365,stage3-lowpower,1179,46.0,,,,87,,,3.69,397,-113,-2.0
2026-09-02 17:03:00.448459,stage3-lowpower,1194,44.0,,,,3682,,,3.69,397,-113,-2.0
2026-09-02 17:03:04.013832,stage3-lowpower,1197,44.0,,,,7277,,,3.69,397,-113,-2.0
2026-09-02 17:03:07.678072,stage3-lowpower,1197,44.0,,,,10872,,,3.69,397,-113,-1.8
2026-09-02 17:03:11.264493,stage3-lowpower,1195,44.0,,,,14467,,,3.69,397,-113,-1.5
2026-09-02 17:03:14.845462,stage3-lowpower,1196,44.0,,,,18062,,,3.69,397,-114,-2.2
2026-09-02 17:03:18.531400,stage3-lowpower,1195,44.0,,,,21657,,,3.69,397,-113,-2.5
2026-09-02 17:06:20.104360,stage4-lowpower-v2,1207,43.0,1205,1207,3,3051,21.4,73.3,3.79,398,-118,-6.0
2026-09-02 17:07:57.058137,stage3-lowpower,1177,46.0,,,,87,,,3.69,398,-114,-2.2
2026-09-02 17:08:00.644330,stage3-lowpower,1195,44.0,,,,3682,,,3.69,398,-114,-2.5
2026-09-02 17:08:04.176868,stage3-lowpower,1197,44.0,,,,7277,,,3.69,398,-114,-2.7
2026-09-02 17:08:07.791260,stage3-lowpower,1195,44.0,,,,10872,,,3.69,398,-114,-2.5
2026-09-02 17:08:11.395324,stage3-lowpower,1197,44.0,,,,14467,,,3.69,398,-114,-2.5
2026-09-02 17:08:15.081679,stage3-lowpower,1196,44.0,,,,18062,,,3.7,398,-114,-2.5
2026-09-02 17:08:18.560520,stage3-lowpower,1197,44.0,,,,21657,,,3.69,398,-114,-2.5
2026-09-02 17:11:20.274519,stage4-lowpower-v2,1205,43.0,1205,1206,3,3051,21.3,74.2,3.79,399,-121,-9.3
2026-09-02 17:12:56.988819,stage3-lowpower,1179,46.0,,,,87,,,3.69,399,-115,-3.2
2026-09-02 17:13:00.573322,stage3-lowpower,1195,44.0,,,,3682,,,3.69,399,-115,-2.7
2026-09-02 17:13:04.157110,stage3-lowpower,1198,44.0,,,,7277,,,3.69,399,-114,-2.5
2026-09-02 17:13:07.722298,stage3-lowpower,1197,44.0,,,,10872,,,3.7,399,-114,-3.0
2026-09-02 17:13:11.288580,stage3-lowpower,1197,44.0,,,,14467,,,3.7,399,-114,-2.5
2026-09-02 17:13:15.010343,stage3-lowpower,1196,44.0,,,,18062,,,3.7,399,-114,-2.5
2026-09-02 17:13:18.595562,stage3-lowpower,1197,44.0,,,,21657,,,3.69,399,-114,-2.7
2026-09-02 17:16:20.502577,stage4-lowpower-v2,1207,43.0,1205,1207,3,3051,21.2,73.6,3.79,400,-122,-10.5
2026-09-02 17:17:56.917861,stage3-lowpower,1176,47.0,,,,87,,,3.69,400,-114,-1.8
2026-09-02 17:18:00.503622,stage3-lowpower,1194,44.0,,,,3682,,,3.69,400,-114,-2.2
2026-09-02 17:18:04.086463,stage3-lowpower,1195,44.0,,,,7277,,,3.69,400,-114,-2.2
2026-09-02 17:18:07.670433,stage3-lowpower,1196,44.0,,,,10872,,,3.69,400,-114,-2.2
2026-09-02 17:18:11.357043,stage3-lowpower,1197,44.0,,,,14467,,,3.69,400,-114,-2.5
2026-09-02 17:18:14.838281,stage3-lowpower,1196,44.0,,,,18062,,,3.69,400,-114,-2.0
2026-09-02 17:18:18.525275,stage3-lowpower,1197,44.0,,,,21657,,,3.69,400,-114,-2.0
2026-09-02 17:21:20.625056,stage4-lowpower-v2,1205,43.0,1203,1206,3,3051,21.0,74.7,3.79,401,-120,-8.5
2026-09-02 17:22:56.949715,stage3-lowpower,1177,46.0,,,,87,,,3.69,401,-114,-3.0
2026-09-02 17:23:00.637550,stage3-lowpower,1193,44.0,,,,3682,,,3.69,401,-114,-2.7
2026-09-02 17:23:04.222168,stage3-lowpower,1195,44.0,,,,7277,,,3.69,401,-114,-2.7
2026-09-02 17:23:07.715952,stage3-lowpower,1194,44.0,,,,10872,,,3.69,401,-115,-3.0
2026-09-02 17:23:11.389217,stage3-lowpower,1195,44.0,,,,14467,,,3.69,401,-115,-2.7
2026-09-02 17:23:14.973318,stage3-lowpower,1197,44.0,,,,18062,,,3.69,401,-115,-3.0
2026-09-02 17:23:18.554640,stage3-lowpower,1194,44.0,,,,21657,,,3.7,401,-114,-3.5
2026-09-02 17:26:20.756618,stage4-lowpower-v2,1205,43.0,1203,1205,3,3050,20.9,74.0,3.79,402,-121,-9.3
2026-09-02 17:27:56.951336,stage3-lowpower,1174,47.0,,,,87,,,3.69,402,-115,-3.5
2026-09-02 17:28:00.672206,stage3-lowpower,1191,45.0,,,,3682,,,3.69,402,-116,-4.2
2026-09-02 17:28:04.154051,stage3-lowpower,1193,44.0,,,,7277,,,3.69,402,-115,-4.0
2026-09-02 17:28:07.750464,stage3-lowpower,1193,44.0,,,,10872,,,3.69,402,-115,-3.5
2026-09-02 17:28:11.424043,stage3-lowpower,1195,44.0,,,,14467,,,3.69,402,-115,-3.2
2026-09-02 17:28:15.008264,stage3-lowpower,1195,44.0,,,,18062,,,3.69,402,-115,-3.2
2026-09-02 17:28:18.594031,stage3-lowpower,1193,44.0,,,,21657,,,3.69,402,-115,-3.2
2026-09-02 17:31:20.892729,stage4-lowpower-v2,1203,43.0,1203,1205,3,3051,20.8,73.9,3.79,403,-121,-9.5
2026-09-02 17:32:57.019039,stage3-lowpower,1175,47.0,,,,87,,,3.69,403,-114,-3.5
2026-09-02 17:33:00.706186,stage3-lowpower,1193,44.0,,,,3682,,,3.69,403,-115,-3.2
2026-09-02 17:33:04.186176,stage3-lowpower,1194,44.0,,,,7277,,,3.69,403,-113,-1.8
2026-09-02 17:33:07.873755,stage3-lowpower,1195,44.0,,,,10872,,,3.69,403,-114,-2.0
2026-09-02 17:33:11.558105,stage3-lowpower,1193,44.0,,,,14467,,,3.69,403,-113,-1.8
2026-09-02 17:33:15.043401,stage3-lowpower,1194,44.0,,,,18062,,,3.69,403,-113,-2.0
2026-09-02 17:33:18.625768,stage3-lowpower,1195,44.0,,,,21657,,,3.7,403,-115,-3.2
2026-09-02 17:36:21.027768,stage4-lowpower-v2,1203,43.0,1200,1204,3,3051,20.6,74.5,3.79,404,-121,-9.8
2026-09-02 17:37:57.057476,stage3-lowpower,1172,47.0,,,,87,,,3.69,404,-115,-3.2
2026-09-02 17:38:00.735573,stage3-lowpower,1193,44.0,,,,3682,,,3.69,404,-115,-3.2
2026-09-02 17:38:04.220358,stage3-lowpower,1192,45.0,,,,7277,,,3.69,404,-115,-3.0
2026-09-02 17:38:07.802026,stage3-lowpower,1192,45.0,,,,10872,,,3.69,404,-115,-2.7
2026-09-02 17:38:11.291687,stage3-lowpower,1193,44.0,,,,14467,,,3.69,404,-114,-2.7
2026-09-02 17:38:14.906493,stage3-lowpower,1195,44.0,,,,18062,,,3.69,404,-115,-3.2
2026-09-02 17:38:18.525304,stage3-lowpower,1194,44.0,,,,21657,,,3.69,404,-114,-3.0
2026-09-02 17:41:20.672511,stage4-lowpower-v2,1205,43.0,1199,1205,3,3051,20.5,75.8,3.79,405,-120,-8.3
2026-09-02 17:42:56.877965,stage3-lowpower,1176,47.0,,,,87,,,3.69,405,-114,-2.2
2026-09-02 17:43:00.461688,stage3-lowpower,1191,45.0,,,,3682,,,3.69,405,-114,-2.2
2026-09-02 17:43:04.049448,stage3-lowpower,1191,45.0,,,,7277,,,3.69,405,-113,-1.5
2026-09-02 17:43:07.834499,stage3-lowpower,1191,45.0,,,,10872,,,3.69,405,-113,-1.5
2026-09-02 17:43:11.215893,stage3-lowpower,1191,45.0,,,,14467,,,3.69,405,-114,-2.7
2026-09-02 17:43:14.901088,stage3-lowpower,1195,44.0,,,,18062,,,3.69,405,-115,-2.7
2026-09-02 17:43:18.482840,stage3-lowpower,1193,44.0,,,,21657,,,3.69,405,-114,-3.0
2026-09-02 17:46:20.519625,stage4-lowpower-v2,1203,43.0,1203,1203,3,3051,20.4,74.4,3.79,406,-120,-8.5
2026-09-02 17:47:56.909168,stage3-lowpower,1175,47.0,,,,87,,,3.69,406,-114,-2.7
2026-09-02 17:48:00.594878,stage3-lowpower,1192,45.0,,,,3682,,,3.69,406,-114,-2.7
2026-09-02 17:48:04.178725,stage3-lowpower,1191,45.0,,,,7277,,,3.69,406,-115,-3.0
2026-09-02 17:48:07.762451,stage3-lowpower,1193,44.0,,,,10872,,,3.69,406,-115,-3.0
2026-09-02 17:48:11.346876,stage3-lowpower,1191,45.0,,,,14467,,,3.69,406,-114,-2.7
2026-09-02 17:48:14.930867,stage3-lowpower,1191,45.0,,,,18062,,,3.69,406,-115,-3.0
2026-09-02 17:48:18.474414,stage3-lowpower,1194,44.0,,,,21657,,,3.69,406,-115,-3.5
2026-09-02 17:51:20.657398,stage4-lowpower-v2,1201,44.0,1200,1202,3,3051,20.3,76.4,3.79,407,-120,-8.5
2026-09-02 17:52:56.945033,stage3-lowpower,1173,47.0,,,,87,,,3.69,407,-114,-2.5
2026-09-02 17:53:00.524646,stage3-lowpower,1190,45.0,,,,3682,,,3.69,407,-116,-4.2
2026-09-02 17:53:04.109417,stage3-lowpower,1191,45.0,,,,7277,,,3.69,407,-115,-4.2
2026-09-02 17:53:07.796161,stage3-lowpower,1193,44.0,,,,10872,,,3.69,407,-116,-4.2
2026-09-02 17:53:11.379038,stage3-lowpower,1194,44.0,,,,14467,,,3.69,407,-114,-2.2
2026-09-02 17:53:14.885117,stage3-lowpower,1193,44.0,,,,18062,,,3.69,407,-113,-1.5
2026-09-02 17:53:18.544079,stage3-lowpower,1191,45.0,,,,21657,,,3.69,407,-113,-1.8
2026-09-02 17:56:20.726390,stage4-lowpower-v2,1199,44.0,1199,1199,3,3051,20.2,76.5,3.79,408,-119,-7.5
2026-09-02 17:57:57.075976,stage3-lowpower,1172,47.0,,,,87,,,3.69,408,-113,-1.8
2026-09-02 17:58:00.554870,stage3-lowpower,1190,45.0,,,,3682,,,3.69,408,-114,-2.0
2026-09-02 17:58:04.158076,stage3-lowpower,1192,45.0,,,,7277,,,3.69,408,-114,-2.2
2026-09-02 17:58:07.827553,stage3-lowpower,1192,45.0,,,,10872,,,3.69,408,-115,-3.0
2026-09-02 17:58:11.411532,stage3-lowpower,1193,44.0,,,,14467,,,3.69,408,-114,-2.2
2026-09-02 17:58:14.959017,stage3-lowpower,1192,45.0,,,,18062,,,3.69,408,-117,-5.0
2026-09-02 17:58:18.581048,stage3-lowpower,1192,45.0,,,,21657,,,3.69,408,-117,-5.5
2026-09-02 18:01:20.860048,stage4-lowpower-v2,1200,44.0,1199,1203,3,3051,20.1,73.7,3.79,409,-120,-8.3
2026-09-02 18:02:57.205336,stage3-lowpower,1174,47.0,,,,87,,,3.69,409,-115,-3.7
2026-09-02 18:03:00.789243,stage3-lowpower,1191,45.0,,,,3682,,,3.69,409,-115,-3.0
2026-09-02 18:03:04.333368,stage3-lowpower,1189,45.0,,,,7277,,,3.69,409,-115,-3.5
2026-09-02 18:03:07.956786,stage3-lowpower,1192,45.0,,,,10872,,,3.69,409,-115,-3.5
2026-09-02 18:03:11.542769,stage3-lowpower,1193,44.0,,,,14467,,,3.69,409,-115,-3.0
2026-09-02 18:03:15.226346,stage3-lowpower,1193,44.0,,,,18062,,,3.69,409,-114,-2.7
2026-09-02 18:03:18.811155,stage3-lowpower,1193,44.0,,,,21657,,,3.69,409,-115,-3.7
2026-09-02 18:06:20.968257,stage4-lowpower-v2,1199,44.0,1198,1203,3,3051,20.0,76.4,3.79,410,-118,-6.5
2026-09-02 18:07:57.341017,stage3-lowpower,1175,47.0,,,,87,,,3.69,410,-115,-3.2
2026-09-02 18:08:00.927322,stage3-lowpower,1191,45.0,,,,3682,,,3.69,410,-115,-3.2
2026-09-02 18:08:04.610280,stage3-lowpower,1193,44.0,,,,7277,,,3.69,410,-114,-2.5
2026-09-02 18:08:08.088396,stage3-lowpower,1192,45.0,,,,10872,,,3.69,410,-115,-3.2
2026-09-02 18:08:11.777720,stage3-lowpower,1192,45.0,,,,14467,,,3.69,410,-113,-1.8
2026-09-02 18:08:15.361773,stage3-lowpower,1192,45.0,,,,18062,,,3.69,410,-114,-1.8
2026-09-02 18:08:18.982681,stage3-lowpower,1193,44.0,,,,21657,,,3.69,410,-114,-2.0
2026-09-02 18:11:21.103924,stage4-lowpower-v2,1203,43.0,1203,1203,3,3051,20.1,77.2,3.79,411,-120,-8.0
2026-09-02 18:12:57.371785,stage3-lowpower,1172,47.0,,,,87,,,3.69,411,-118,-6.2
2026-09-02 18:13:00.956223,stage3-lowpower,1191,45.0,,,,3682,,,3.69,411,-118,-6.5
2026-09-02 18:13:04.643808,stage3-lowpower,1192,45.0,,,,7277,,,3.69,411,-118,-6.7
2026-09-02 18:13:08.100304,stage3-lowpower,1193,44.0,,,,10872,,,3.69,411,-117,-5.2
2026-09-02 18:13:11.810298,stage3-lowpower,1191,45.0,,,,14467,,,3.69,411,-118,-5.7
2026-09-02 18:13:15.292456,stage3-lowpower,1191,45.0,,,,18062,,,3.69,411,-118,-6.0
2026-09-02 18:13:18.898797,stage3-lowpower,1195,44.0,,,,21657,,,3.69,411,-118,-6.0
2026-09-02 18:16:21.136905,stage4-lowpower-v2,1203,43.0,1200,1203,3,3051,20.1,78.2,3.79,412,-118,-6.0
2026-09-02 18:17:57.315586,stage3-lowpower,1174,47.0,,,,87,,,3.69,412,-118,-6.7
2026-09-02 18:18:00.989153,stage3-lowpower,1191,45.0,,,,3682,,,3.69,412,-118,-6.5
2026-09-02 18:18:04.573661,stage3-lowpower,1191,45.0,,,,7277,,,3.69,412,-118,-6.0
2026-09-02 18:18:08.157151,stage3-lowpower,1191,45.0,,,,10872,,,3.69,412,-118,-6.0
2026-09-02 18:18:11.741704,stage3-lowpower,1193,44.0,,,,14467,,,3.69,412,-118,-6.5
2026-09-02 18:18:15.325235,stage3-lowpower,1194,44.0,,,,18062,,,3.69,412,-118,-6.5
2026-09-02 18:18:18.904622,stage3-lowpower,1191,45.0,,,,21657,,,3.69,412,-118,-6.7
2026-09-02 18:21:21.197324,stage4-lowpower-v2,1200,44.0,1199,1203,3,3051,20.0,75.1,3.79,413,-116,-4.7
2026-09-02 18:22:57.339194,stage3-lowpower,1174,47.0,,,,87,,,3.69,413,-117,-5.5
2026-09-02 18:23:01.021764,stage3-lowpower,1192,45.0,,,,3682,,,3.69,413,-117,-5.2
2026-09-02 18:23:04.503813,stage3-lowpower,1193,44.0,,,,7277,,,3.69,413,-118,-5.7
2026-09-02 18:23:08.190539,stage3-lowpower,1192,45.0,,,,10872,,,3.69,413,-117,-5.5
2026-09-02 18:23:11.774139,stage3-lowpower,1190,45.0,,,,14467,,,3.69,413,-118,-6.0
2026-09-02 18:23:15.358323,stage3-lowpower,1194,44.0,,,,18062,,,3.69,413,-118,-6.0
2026-09-02 18:23:18.941909,stage3-lowpower,1193,44.0,,,,21657,,,3.69,413,-117,-5.7
2026-09-02 18:26:21.233432,stage4-lowpower-v2,1199,44.0,1197,1199,3,3051,19.8,76.8,3.79,414,-117,-5.7
2026-09-02 18:27:57.168779,stage3-lowpower,1171,47.0,,,,87,,,3.69,414,-117,-6.0
2026-09-02 18:28:00.849890,stage3-lowpower,1189,45.0,,,,3682,,,3.69,414,-117,-5.0
2026-09-02 18:28:04.433856,stage3-lowpower,1191,45.0,,,,7277,,,3.69,414,-117,-5.0
2026-09-02 18:28:08.018644,stage3-lowpower,1191,45.0,,,,10872,,,3.69,414,-117,-5.7
2026-09-02 18:28:11.601759,stage3-lowpower,1191,45.0,,,,14467,,,3.69,414,-116,-4.7
2026-09-02 18:28:15.185828,stage3-lowpower,1192,45.0,,,,18062,,,3.69,414,-117,-5.7
2026-09-02 18:28:18.765417,stage3-lowpower,1189,45.0,,,,21657,,,3.69,414,-117,-5.7
2026-09-02 18:31:21.338048,stage4-lowpower-v2,1203,43.0,1199,1203,3,3051,19.7,74.4,3.79,415,-116,-4.5
2026-09-02 18:32:57.307532,stage3-lowpower,1172,47.0,,,,87,,,3.69,415,-118,-6.5
2026-09-02 18:33:00.986462,stage3-lowpower,1190,45.0,,,,3682,,,3.69,415,-118,-6.0
2026-09-02 18:33:04.568415,stage3-lowpower,1190,45.0,,,,7277,,,3.69,415,-118,-6.0
2026-09-02 18:33:08.153435,stage3-lowpower,1191,45.0,,,,10872,,,3.69,415,-118,-5.5
2026-09-02 18:33:11.736949,stage3-lowpower,1191,45.0,,,,14467,,,3.69,415,-117,-5.7
2026-09-02 18:33:15.321054,stage3-lowpower,1191,45.0,,,,18062,,,3.69,415,-118,-6.2
2026-09-02 18:33:18.905247,stage3-lowpower,1192,45.0,,,,21657,,,3.69,415,-118,-6.5
2026-09-02 18:36:21.473190,stage4-lowpower-v2,1203,43.0,1198,1203,3,3051,19.6,75.0,3.79,416,-115,-3.7
2026-09-02 18:37:57.433516,stage3-lowpower,1173,47.0,,,,87,,,3.69,416,-118,-6.0
2026-09-02 18:38:00.914488,stage3-lowpower,1190,45.0,,,,3682,,,3.69,416,-118,-6.2
2026-09-02 18:38:04.511561,stage3-lowpower,1193,44.0,,,,7277,,,3.69,416,-118,-7.0
2026-09-02 18:38:08.082961,stage3-lowpower,1189,45.0,,,,10872,,,3.69,416,-118,-5.7
2026-09-02 18:38:11.769753,stage3-lowpower,1191,45.0,,,,14467,,,3.69,416,-118,-6.0
2026-09-02 18:38:15.309656,stage3-lowpower,1190,45.0,,,,18062,,,3.69,416,-118,-6.0
2026-09-02 18:38:18.937676,stage3-lowpower,1191,45.0,,,,21657,,,3.69,416,-118,-6.2
2026-09-02 18:41:21.505530,stage4-lowpower-v2,1198,44.0,1198,1199,3,3051,19.5,73.3,3.79,417,-116,-4.2
2026-09-02 18:42:57.149841,stage3-lowpower,1172,47.0,,,,87,,,3.69,417,-114,-2.2
2026-09-02 18:43:00.846040,stage3-lowpower,1190,45.0,,,,3682,,,3.69,417,-114,-2.2
2026-09-02 18:43:04.428992,stage3-lowpower,1190,45.0,,,,7277,,,3.69,417,-114,-2.2
2026-09-02 18:43:08.013212,stage3-lowpower,1191,45.0,,,,10872,,,3.69,417,-114,-2.7
2026-09-02 18:43:11.518627,stage3-lowpower,1190,45.0,,,,14467,,,3.69,417,-114,-2.7
2026-09-02 18:43:15.133924,stage3-lowpower,1192,45.0,,,,18062,,,3.69,417,-113,-2.2
2026-09-02 18:43:18.765171,stage3-lowpower,1189,45.0,,,,21657,,,3.69,417,-113,-2.0
2026-09-02 18:46:22.254543,stage4-lowpower-v2,1199,44.0,1199,1199,3,3051,19.5,75.8,3.79,418,-118,-5.7
2026-09-02 18:47:57.294228,stage3-lowpower,1172,47.0,,,,87,,,3.69,418,-114,-2.0
2026-09-02 18:48:01.390498,stage3-lowpower,1189,45.0,,,,3682,,,3.69,418,-113,-2.0
2026-09-02 18:48:04.653714,stage3-lowpower,1189,45.0,,,,7277,,,3.69,418,-113,-2.0
2026-09-02 18:48:08.046414,stage3-lowpower,1190,45.0,,,,10872,,,3.69,418,-113,-1.8
2026-09-02 18:48:11.553343,stage3-lowpower,1190,45.0,,,,14467,,,3.69,418,-114,-2.0
2026-09-02 18:48:15.214445,stage3-lowpower,1191,45.0,,,,18062,,,3.69,418,-114,-2.0
2026-09-02 18:48:18.800492,stage3-lowpower,1191,45.0,,,,21657,,,3.69,418,-114,-2.0
2026-09-02 18:51:22.186080,stage4-lowpower-v2,1199,44.0,1198,1203,3,3051,19.5,74.6,3.79,419,-118,-6.0
2026-09-02 18:52:57.838664,stage3-lowpower,1172,47.0,,,,87,,,3.69,419,-113,-1.8
2026-09-02 18:53:00.809170,stage3-lowpower,1189,45.0,,,,3682,,,3.69,419,-113,-2.0
2026-09-02 18:53:04.348368,stage3-lowpower,1191,45.0,,,,7277,,,3.69,419,-114,-2.5
2026-09-02 18:53:07.975925,stage3-lowpower,1192,45.0,,,,10872,,,3.69,419,-113,-2.0
2026-09-02 18:53:11.560658,stage3-lowpower,1193,44.0,,,,14467,,,3.69,419,-113,-2.0
2026-09-02 18:53:15.246579,stage3-lowpower,1191,45.0,,,,18062,,,3.69,419,-113,-2.0
2026-09-02 18:53:18.710814,stage3-lowpower,1191,45.0,,,,21657,,,3.69,419,-113,-2.5
2026-09-02 18:56:21.910466,stage4-lowpower-v2,1199,44.0,1198,1204,3,3051,19.5,75.8,3.79,420,-118,-5.7
2026-09-02 18:57:57.154155,stage3-lowpower,1174,47.0,,,,87,,,3.69,420,-114,-2.5
2026-09-02 18:58:00.738196,stage3-lowpower,1192,45.0,,,,3694,,,3.69,420,-114,-2.0
2026-09-02 18:58:04.322568,stage3-lowpower,1189,45.0,,,,7289,,,3.69,420,-114,-2.5
2026-09-02 18:58:07.906534,stage3-lowpower,1193,44.0,,,,10884,,,3.68,420,-113,-2.0
2026-09-02 18:58:11.490780,stage3-lowpower,1191,45.0,,,,14479,,,3.69,420,-114,-2.2
2026-09-02 18:58:15.076946,stage3-lowpower,1191,45.0,,,,18074,,,3.69,420,-113,-2.0
2026-09-02 18:58:18.645523,stage3-lowpower,1193,44.0,,,,21669,,,3.69,420,-113,-2.5
2026-09-02 19:01:23.072576,stage4-lowpower-v2,1199,44.0,1199,1203,3,3051,19.4,75.0,3.79,421,-118,-6.2
2026-09-02 19:02:57.085061,stage3-lowpower,1172,47.0,,,,87,,,3.69,421,-113,-2.0
2026-09-02 19:03:00.669339,stage3-lowpower,1188,45.0,,,,3682,,,3.69,421,-113,-1.8
2026-09-02 19:03:04.210526,stage3-lowpower,1190,45.0,,,,7277,,,3.69,421,-113,-2.0
2026-09-02 19:03:07.836731,stage3-lowpower,1193,44.0,,,,10872,,,3.69,421,-113,-2.0
2026-09-02 19:03:11.932020,stage3-lowpower,1193,44.0,,,,14467,,,3.69,421,-114,-2.0
2026-09-02 19:03:15.520475,stage3-lowpower,1190,45.0,,,,18062,,,3.69,421,-113,-2.0
2026-09-02 19:03:18.691399,stage3-lowpower,1191,45.0,,,,21657,,,3.69,421,-113,-2.0
2026-09-02 19:06:22.635884,stage4-lowpower-v2,1199,44.0,1197,1203,3,3051,19.4,75.9,3.79,422,-118,-6.5
2026-09-02 19:07:57.117392,stage3-lowpower,1173,47.0,,,,87,,,3.69,422,-113,-2.0
2026-09-02 19:08:00.703906,stage3-lowpower,1191,45.0,,,,3682,,,3.69,422,-113,-2.2
2026-09-02 19:08:04.286196,stage3-lowpower,1191,45.0,,,,7277,,,3.69,422,-113,-1.8
2026-09-02 19:08:07.869850,stage3-lowpower,1188,45.0,,,,10872,,,3.68,422,-113,-1.5
2026-09-02 19:08:11.453244,stage3-lowpower,1191,45.0,,,,14467,,,3.69,422,-113,-2.0
2026-09-02 19:08:15.033352,stage3-lowpower,1191,45.0,,,,18062,,,3.69,422,-114,-2.2
2026-09-02 19:08:18.621427,stage3-lowpower,1193,44.0,,,,21657,,,3.69,422,-114,-2.2
2026-09-02 19:11:21.640242,stage4-lowpower-v2,1199,44.0,1198,1201,3,3051,19.2,75.6,3.79,423,-118,-7.0
2026-09-02 19:12:57.149582,stage3-lowpower,1173,47.0,,,,87,,,3.69,423,-113,-1.8
2026-09-02 19:13:01.553190,stage3-lowpower,1189,45.0,,,,3682,,,3.69,423,-113,-1.5
2026-09-02 19:13:04.614748,stage3-lowpower,1189,45.0,,,,7277,,,3.69,423,-113,-2.0
2026-09-02 19:13:08.413997,stage3-lowpower,1190,45.0,,,,10872,,,3.69,423,-113,-1.8
2026-09-02 19:13:11.894334,stage3-lowpower,1193,44.0,,,,14467,,,3.69,423,-113,-1.8
2026-09-02 19:13:15.582148,stage3-lowpower,1192,45.0,,,,18062,,,3.69,423,-113,-1.5
2026-09-02 19:13:19.270909,stage3-lowpower,1193,44.0,,,,21657,,,3.69,423,-113,-1.5
2026-09-02 19:16:21.848853,stage4-lowpower-v2,1199,44.0,1197,1199,3,3051,19.2,75.8,3.79,424,-118,-6.5
2026-09-02 19:17:57.183483,stage3-lowpower,1172,47.0,,,,87,,,3.69,424,-113,-1.3
2026-09-02 19:18:00.766223,stage3-lowpower,1189,45.0,,,,3682,,,3.69,424,-114,-1.8
2026-09-02 19:18:04.657228,stage3-lowpower,1192,45.0,,,,7277,,,3.69,424,-113,-1.8
2026-09-02 19:18:08.056939,stage3-lowpower,1189,45.0,,,,10872,,,3.69,424,-114,-2.0
2026-09-02 19:18:11.620987,stage3-lowpower,1191,45.0,,,,14467,,,3.69,424,-113,-1.8
2026-09-02 19:18:15.090600,stage3-lowpower,1191,45.0,,,,18062,,,3.69,424,-113,-1.8
2026-09-02 19:18:18.788971,stage3-lowpower,1191,45.0,,,,21657,,,3.69,424,-113,-2.0
2026-09-02 19:21:21.561403,stage4-lowpower-v2,1199,44.0,1198,1199,3,3051,19.0,75.6,3.79,425,-118,-6.2
2026-09-02 19:22:57.214577,stage3-lowpower,1170,47.0,,,,87,,,3.68,425,-113,-1.8
2026-09-02 19:23:00.800921,stage3-lowpower,1189,45.0,,,,3682,,,3.69,425,-113,-1.8
2026-09-02 19:23:04.694708,stage3-lowpower,1188,45.0,,,,7277,,,3.69,425,-113,-1.8
2026-09-02 19:23:07.967452,stage3-lowpower,1189,45.0,,,,10872,,,3.69,425,-114,-1.8
2026-09-02 19:23:11.550364,stage3-lowpower,1191,45.0,,,,14467,,,3.69,425,-113,-1.5
2026-09-02 19:23:15.065143,stage3-lowpower,1189,45.0,,,,18062,,,3.69,425,-113,-2.0
2026-09-02 19:23:18.796897,stage3-lowpower,1189,45.0,,,,21657,,,3.69,425,-113,-2.0
2026-09-02 19:26:21.696529,stage4-lowpower-v2,1197,44.0,1197,1197,3,3051,18.9,74.5,3.79,426,-118,-6.0
2026-09-02 19:27:57.247823,stage3-lowpower,1173,47.0,,,,87,,,3.69,426,-113,-1.3
2026-09-02 19:28:00.729820,stage3-lowpower,1187,45.0,,,,3682,,,3.69,426,-113,-1.5
2026-09-02 19:28:04.334411,stage3-lowpower,1188,45.0,,,,7277,,,3.69,426,-113,-1.8
2026-09-02 19:28:08.000143,stage3-lowpower,1189,45.0,,,,10872,,,3.69,426,-113,-1.8
2026-09-02 19:28:11.583555,stage3-lowpower,1187,45.0,,,,14467,,,3.69,426,-114,-1.8
2026-09-02 19:28:15.169147,stage3-lowpower,1191,45.0,,,,18062,,,3.69,426,-113,-1.5
2026-09-02 19:28:18.696709,stage3-lowpower,1190,45.0,,,,21657,,,3.69,426,-114,-1.8
2026-09-02 19:31:21.729004,stage4-lowpower-v2,1196,44.0,1195,1197,3,3051,18.8,76.6,3.79,427,-118,-6.2
2026-09-02 19:32:57.280199,stage3-lowpower,1171,47.0,,,,87,,,3.69,427,-113,-1.5
2026-09-02 19:33:00.864392,stage3-lowpower,1184,46.0,,,,3682,,,3.69,427,-113,-1.8
2026-09-02 19:33:04.448697,stage3-lowpower,1188,45.0,,,,7277,,,3.69,427,-113,-2.0
2026-09-02 19:33:08.134797,stage3-lowpower,1188,45.0,,,,10872,,,3.69,427,-113,-2.0
2026-09-02 19:33:11.616713,stage3-lowpower,1188,45.0,,,,14467,,,3.68,427,-113,-1.5
2026-09-02 19:33:15.302468,stage3-lowpower,1188,45.0,,,,18062,,,3.69,427,-113,-1.5
2026-09-02 19:33:18.784636,stage3-lowpower,1192,45.0,,,,21657,,,3.69,427,-113,-1.3
2026-09-02 19:36:21.403777,stage4-lowpower-v2,1197,44.0,1196,1197,3,3051,18.7,76.0,3.79,428,-118,-6.7
2026-09-02 19:37:57.258213,stage3-lowpower,1170,47.0,,,,87,,,3.69,428,-114,-2.2
2026-09-02 19:38:00.896888,stage3-lowpower,1189,45.0,,,,3682,,,3.69,428,-114,-1.8
2026-09-02 19:38:04.583639,stage3-lowpower,1187,45.0,,,,7277,,,3.69,428,-114,-2.5
2026-09-02 19:38:08.067689,stage3-lowpower,1188,45.0,,,,10872,,,3.68,428,-114,-2.0
2026-09-02 19:38:11.750701,stage3-lowpower,1189,45.0,,,,14467,,,3.69,428,-113,-1.8
2026-09-02 19:38:15.334284,stage3-lowpower,1188,45.0,,,,18062,,,3.69,428,-114,-2.5
2026-09-02 19:38:18.918759,stage3-lowpower,1190,45.0,,,,21657,,,3.68,428,-113,-2.0
2026-09-02 19:41:21.497032,stage4-lowpower-v2,1195,44.0,1195,1197,3,3050,18.6,76.7,3.79,429,-118,-6.5
2026-09-02 19:42:57.284601,stage3-lowpower,1166,48.0,,,,87,,,3.69,429,-114,-2.5
2026-09-02 19:43:00.929170,stage3-lowpower,1189,45.0,,,,3682,,,3.69,429,-113,-2.0
2026-09-02 19:43:04.513608,stage3-lowpower,1184,46.0,,,,7277,,,3.69,429,-114,-2.2
2026-09-02 19:43:08.097169,stage3-lowpower,1187,45.0,,,,10872,,,3.69,429,-113,-1.5
2026-09-02 19:43:11.681743,stage3-lowpower,1189,45.0,,,,14467,,,3.69,429,-113,-1.5
2026-09-02 19:43:15.368187,stage3-lowpower,1188,45.0,,,,18062,,,3.69,429,-113,-1.5
2026-09-02 19:43:18.952244,stage3-lowpower,1189,45.0,,,,21657,,,3.69,429,-114,-2.2
